address,span_end,state,confidence,evidence_id,notes
0x00401000,0x004010FA,reviewed,high,prior-target-boundary-review+target-boundary-audit-2026-09-15,"Prior boundary evidence retained; dense decode 251/251, tail ret"
0x00401110,0x00401259,reviewed,high,prior-target-boundary-review+target-boundary-audit-2026-09-15,"Prior boundary evidence retained; dense decode 330/330, tail ret"
0x00401260,0x00401432,reviewed,high,prior-target-boundary-review+target-boundary-audit-2026-09-15,"Prior boundary evidence retained; dense decode 467/467, tail ret"
0x00401440,0x00401484,reviewed,high,prior-target-boundary-review+target-boundary-audit-2026-09-15,"Prior boundary evidence retained; dense decode 69/69, tail ret"
0x004014D0,0x004014E9,reviewed,high,prior-target-boundary-review+target-boundary-audit-2026-09-15,"Prior boundary evidence retained; dense decode 26/26, tail ret"
0x004014F0,0x00401509,reviewed,high,prior-target-boundary-review+target-boundary-audit-2026-09-15,"Prior boundary evidence retained; dense decode 26/26, tail ret"
0x00401510,0x00401516,reviewed,high,prior-target-boundary-review+target-boundary-audit-2026-09-15,"Prior boundary evidence retained; dense decode 7/7, tail ret"
0x00401520,0x00401529,reviewed,high,prior-target-boundary-review+target-boundary-audit-2026-09-15,"Prior boundary evidence retained; dense decode 10/10, tail ret"
0x00401530,0x004015B3,reviewed,high,prior-target-boundary-review+target-boundary-audit-2026-09-15,"Prior boundary evidence retained; dense decode 132/132, tail ret"
0x004015C0,0x0040162C,reviewed,high,prior-target-boundary-review+target-boundary-audit-2026-09-15,"Prior boundary evidence retained; dense decode 109/109, tail ret"
0x00401630,0x00401684,reviewed,high,prior-target-boundary-review+target-boundary-audit-2026-09-15,"Prior boundary evidence retained; dense decode 85/85, tail ret"
0x00401690,0x004016F3,reviewed,high,prior-target-boundary-review+target-boundary-audit-2026-09-15,"Prior boundary evidence retained; dense decode 100/100, tail ret"
0x00401700,0x0040175D,reviewed,high,prior-target-boundary-review+target-boundary-audit-2026-09-15,"Prior boundary evidence retained; dense decode 94/94, tail ret"
0x00401760,0x00401A41,reviewed,high,prior-target-boundary-review+target-boundary-audit-2026-09-15,"Prior boundary evidence retained; dense decode 738/738, tail ret"
0x00401A50,0x00401C89,reviewed,high,prior-target-boundary-review+target-boundary-audit-2026-09-15,"Prior boundary evidence retained; dense decode 570/570, tail ret"
0x00401C90,0x00401C95,reviewed,high,prior-target-boundary-review+target-boundary-audit-2026-09-15,"Prior boundary evidence retained; dense decode 6/6, tail ret"
0x00401D20,0x00401D5B,reviewed,high,target-boundary-audit-2026-09-15,Complete dense decode ends in ret; direct-code-refs=1; no overlap or external interior branch
0x00401DE0,0x00401EF0,reviewed,high,prior-target-boundary-review+target-boundary-audit-2026-09-15,"Prior boundary evidence retained; dense decode 273/273, tail ret"
0x00401F00,0x00401F36,reviewed,high,prior-target-boundary-review+target-boundary-audit-2026-09-15,"Prior boundary evidence retained; dense decode 55/55, tail ret"
0x00401F40,0x00401F4E,reviewed,high,prior-target-boundary-review+target-boundary-audit-2026-09-15,"Prior boundary evidence retained; dense decode 15/15, tail ret"
0x00401FF0,0x00402011,reviewed,high,prior-target-boundary-review+target-boundary-audit-2026-09-15,"Prior boundary evidence retained; dense decode 34/34, tail ret"
0x00402050,0x004020A7,reviewed,high,prior-target-boundary-review+target-boundary-audit-2026-09-15,"Prior boundary evidence retained; dense decode 88/88, tail ret"
0x00402160,0x0040221B,reviewed,high,target-boundary-audit-2026-09-15,Complete dense decode ends in ret; direct-code-refs=1; no overlap or external interior branch
0x00402230,0x00402439,reviewed,high,target-boundary-audit-2026-09-15,Complete dense decode ends in ret; direct-code-refs=1; no overlap or external interior branch
0x00402440,0x00402632,reviewed,high,target-boundary-audit-2026-09-15,Complete dense decode ends in ret; direct-code-refs=5; no overlap or external interior branch
0x00402640,0x004026D6,reviewed,high,target-boundary-audit-2026-09-15,Complete dense decode ends in ret; direct-code-refs=2; no overlap or external interior branch
0x00402720,0x0040284F,provisional,medium,target-boundary-audit-2026-09-15,"Complete dense decode ends in ret, but no independent entry reference was found"
0x00402850,0x00402C9A,provisional,medium,target-boundary-audit-2026-09-15,"Complete dense decode ends in ret, but no independent entry reference was found"
0x00402CA0,0x00403040,provisional,medium,target-boundary-audit-2026-09-15,"Complete dense decode ends in ret, but no independent entry reference was found"
0x00403090,0x0040384F,reviewed,high,target-boundary-audit-2026-09-15,Complete dense decode ends in ret; direct-code-refs=1; no overlap or external interior branch
0x00403850,0x00403983,reviewed,high,target-boundary-audit-2026-09-15,Complete dense decode ends in ret; direct-code-refs=1; no overlap or external interior branch
0x00403990,0x00403A29,reviewed,high,target-boundary-audit-2026-09-15,Complete dense decode ends in ret; direct-code-refs=1; no overlap or external interior branch
0x00403A30,0x00403C7F,reviewed,high,target-boundary-audit-2026-09-15,Complete dense decode ends in ret; direct-code-refs=12; no overlap or external interior branch
0x00403C80,0x0040438D,reviewed,high,target-boundary-audit-2026-09-15,Complete dense decode ends in ret; direct-code-refs=1; no overlap or external interior branch
0x00404450,0x00404525,reviewed,high,target-boundary-audit-2026-09-15,Complete dense decode ends in ret; direct-code-refs=1; no overlap or external interior branch
0x00404530,0x004045A6,reviewed,high,target-boundary-audit-2026-09-15,Complete dense decode ends in ret; direct-code-refs=1; no overlap or external interior branch
0x004045B0,0x0040460B,reviewed,high,target-boundary-audit-2026-09-15,Complete dense decode ends in ret; direct-code-refs=1; no overlap or external interior branch
0x00404610,0x00404986,reviewed,high,prior-target-boundary-review+target-boundary-audit-2026-09-15,"Prior boundary evidence retained; dense decode 887/887, tail ret"
0x004049A0,0x00404C4F,reviewed,high,target-boundary-audit-2026-09-15,Complete dense decode ends in ret; direct-code-refs=1; no overlap or external interior branch
0x00404D40,0x00404D9B,reviewed,high,target-boundary-audit-2026-09-15,Complete dense decode ends in ret; direct-code-refs=1; no overlap or external interior branch
0x00404DA0,0x00404E04,reviewed,high,target-boundary-audit-2026-09-15,Complete dense decode ends in ret; direct-code-refs=5; no overlap or external interior branch
0x00404E10,0x00404E6B,reviewed,high,target-boundary-audit-2026-09-15,Complete dense decode ends in ret; direct-code-refs=6; no overlap or external interior branch
0x00404ED0,0x00404F17,reviewed,high,target-boundary-audit-2026-09-15,Complete dense decode ends in ret; direct-code-refs=5; no overlap or external interior branch
0x00404F30,0x00404FF9,reviewed,high,target-boundary-audit-2026-09-15,Complete dense decode ends in ret; direct-code-refs=23; no overlap or external interior branch
0x00405040,0x0040509D,reviewed,high,target-boundary-audit-2026-09-15,Complete dense decode ends in ret; direct-code-refs=1; no overlap or external interior branch
0x004050D0,0x00405101,reviewed,high,target-boundary-audit-2026-09-15,Complete dense decode ends in ret; direct-code-refs=3; no overlap or external interior branch
0x00405300,0x0040533B,reviewed,high,target-boundary-audit-2026-09-15,Complete dense decode ends in ret; direct-code-refs=1; no overlap or external interior branch
0x00405410,0x00405448,reviewed,high,target-boundary-audit-2026-09-15,Complete dense decode ends in ret; direct-code-refs=61; no overlap or external interior branch
0x004054B0,0x004054FE,reviewed,high,target-boundary-audit-2026-09-15,Complete dense decode ends in ret; direct-code-refs=6; no overlap or external interior branch
0x00405500,0x00405550,reviewed,high,target-boundary-audit-2026-09-15,Complete dense decode ends in ret; direct-code-refs=1; no overlap or external interior branch
0x004055C0,0x00405613,reviewed,high,target-boundary-audit-2026-09-15,Complete dense decode ends in ret; direct-code-refs=1; no overlap or external interior branch
0x00405620,0x004056A8,reviewed,high,target-boundary-audit-2026-09-15,Complete dense decode ends in ret; direct-code-refs=2; no overlap or external interior branch
0x004056B0,0x00405704,reviewed,high,target-boundary-audit-2026-09-15,Complete dense decode ends in ret; direct-code-refs=1; no overlap or external interior branch
0x00405750,0x0040582E,provisional,medium,target-boundary-audit-2026-09-15,"Complete dense decode ends in ret, but no independent entry reference was found"
0x00405860,0x004059EC,reviewed,high,target-boundary-audit-2026-09-15,Complete dense decode ends in ret; direct-code-refs=2; no overlap or external interior branch
0x004059F0,0x00405AB9,reviewed,high,target-boundary-audit-2026-09-15,Complete dense decode ends in ret; direct-code-refs=1; no overlap or external interior branch
0x00405AC0,0x00405B3B,reviewed,high,target-boundary-audit-2026-09-15,Complete dense decode ends in ret; direct-code-refs=1; no overlap or external interior branch
0x00405B60,0x00405B89,reviewed,high,target-boundary-audit-2026-09-15,Complete dense decode ends in ret; direct-code-refs=5; no overlap or external interior branch
0x00405BE0,0x00405C7D,reviewed,high,target-boundary-audit-2026-09-15,Complete dense decode ends in ret; direct-code-refs=2; no overlap or external interior branch
0x00405D00,0x00405DD6,reviewed,high,target-boundary-audit-2026-09-15,Complete dense decode ends in ret; absolute-code-refs=1; no overlap or external interior branch
0x00405DE0,0x00405E01,reviewed,high,target-boundary-audit-2026-09-15,Complete dense decode ends in ret; absolute-code-refs=3; no overlap or external interior branch
0x00405E20,0x00405EC2,reviewed,high,target-boundary-audit-2026-09-15,Complete dense decode ends in ret; direct-code-refs=1; no overlap or external interior branch
0x00405ED0,0x00405EFC,reviewed,high,target-boundary-audit-2026-09-15,Complete dense decode ends in ret; direct-code-refs=2; no overlap or external interior branch
0x00405F70,0x0040605B,reviewed,high,target-boundary-audit-2026-09-15,Complete dense decode ends in ret; direct-code-refs=2; no overlap or external interior branch
0x00406060,0x00406115,reviewed,high,target-boundary-audit-2026-09-15,Complete dense decode ends in ret; direct-code-refs=1; no overlap or external interior branch
0x00406160,0x004061CC,reviewed,high,target-boundary-audit-2026-09-15,Complete dense decode ends in ret; direct-code-refs=1; no overlap or external interior branch
0x004061D0,0x0040623C,reviewed,high,target-boundary-audit-2026-09-15,Complete dense decode ends in ret; direct-code-refs=2; no overlap or external interior branch
0x00406240,0x004065B4,reviewed,high,target-boundary-audit-2026-09-15,Complete dense decode ends in ret; direct-code-refs=1; no overlap or external interior branch
0x004065C0,0x004066B8,reviewed,high,target-boundary-audit-2026-09-15,Complete dense decode ends in ret; direct-code-refs=1; no overlap or external interior branch
0x004066E0,0x00406765,provisional,medium,target-boundary-audit-2026-09-15,"Complete dense decode ends in ret, but no independent entry reference was found"
0x0040678E,0x00406797,provisional,medium,target-boundary-audit-2026-09-15,"Complete dense decode ends in ret, but no independent entry reference was found"
0x004067D0,0x00406D54,reviewed,high,target-boundary-audit-2026-09-15,Complete dense decode ends in ret; direct-code-refs=1; no overlap or external interior branch
0x00406D90,0x0040733D,reviewed,high,target-boundary-audit-2026-09-15,Complete dense decode ends in ret; direct-code-refs=2; no overlap or external interior branch
0x004073E0,0x004074A1,reviewed,high,target-boundary-audit-2026-09-15,Complete dense decode ends in ret; direct-code-refs=2; no overlap or external interior branch
0x004074B0,0x00407553,reviewed,high,target-boundary-audit-2026-09-15,Complete dense decode ends in ret; direct-code-refs=1; no overlap or external interior branch
0x00407560,0x00407690,reviewed,high,target-boundary-audit-2026-09-15,Complete dense decode ends in ret; direct-code-refs=1; no overlap or external interior branch
0x004076A0,0x00407770,reviewed,high,target-boundary-audit-2026-09-15,Complete dense decode ends in ret; direct-code-refs=1; no overlap or external interior branch
0x00407780,0x004078D1,reviewed,high,target-boundary-audit-2026-09-15,Complete dense decode ends in ret; direct-code-refs=1; no overlap or external interior branch
0x004078E0,0x00407A2E,reviewed,high,target-boundary-audit-2026-09-15,Complete dense decode ends in ret; direct-code-refs=1; no overlap or external interior branch
0x00407A30,0x00407BDE,reviewed,high,target-boundary-audit-2026-09-15,Complete dense decode ends in ret; direct-code-refs=1; no overlap or external interior branch
0x00407BE0,0x00407D9D,reviewed,high,target-boundary-audit-2026-09-15,Complete dense decode ends in ret; direct-code-refs=1; no overlap or external interior branch
0x00407DA0,0x00407E33,reviewed,high,target-boundary-audit-2026-09-15,Complete dense decode ends in ret; direct-code-refs=1; no overlap or external interior branch
0x00407E40,0x00407EEB,reviewed,high,target-boundary-audit-2026-09-15,Complete dense decode ends in ret; direct-code-refs=1; no overlap or external interior branch
0x00407EF0,0x00408021,reviewed,high,target-boundary-audit-2026-09-15,Complete dense decode ends in ret; direct-code-refs=1; no overlap or external interior branch
0x00408030,0x004080F6,reviewed,high,target-boundary-audit-2026-09-15,Complete dense decode ends in ret; direct-code-refs=7; no overlap or external interior branch
0x00408100,0x00408203,reviewed,high,target-boundary-audit-2026-09-15,Complete dense decode ends in ret; direct-code-refs=5; no overlap or external interior branch
0x00408210,0x00408458,reviewed,high,target-boundary-audit-2026-09-15,Complete dense decode ends in ret; direct-code-refs=2; no overlap or external interior branch
0x00408660,0x004086AF,reviewed,high,target-boundary-audit-2026-09-15,Complete dense decode ends in ret; direct-code-refs=1; no overlap or external interior branch
0x004086B0,0x0040870A,reviewed,high,target-boundary-audit-2026-09-15,Complete dense decode ends in ret; direct-code-refs=2; no overlap or external interior branch
0x00408750,0x0040876D,reviewed,high,target-boundary-audit-2026-09-15,Complete dense decode ends in ret; direct-code-refs=9; no overlap or external interior branch
0x004088C0,0x0040890A,reviewed,high,target-boundary-audit-2026-09-15,Complete dense decode ends in ret; direct-code-refs=2; no overlap or external interior branch
0x00408910,0x004089BF,reviewed,high,target-boundary-audit-2026-09-15,Complete dense decode ends in ret; direct-code-refs=1; no overlap or external interior branch
0x004089C0,0x00408A92,reviewed,high,target-boundary-audit-2026-09-15,Complete dense decode ends in ret; direct-code-refs=1; no overlap or external interior branch
0x00408AF0,0x00408C81,reviewed,high,target-boundary-audit-2026-09-15,Complete dense decode ends in ret; direct-code-refs=2; no overlap or external interior branch
0x00408C90,0x00408D17,reviewed,high,target-boundary-audit-2026-09-15,Complete dense decode ends in ret; direct-code-refs=1; no overlap or external interior branch
0x00408D60,0x00409180,provisional,medium,target-boundary-audit-2026-09-15,"Complete dense decode ends in ret, but no independent entry reference was found"
0x004091C0,0x0040921E,reviewed,high,target-boundary-audit-2026-09-15,Complete dense decode ends in ret; direct-code-refs=1; no overlap or external interior branch
0x00409230,0x00409261,reviewed,high,prior-target-boundary-review+target-boundary-audit-2026-09-15,"Prior boundary evidence retained; dense decode 50/50, tail ret"
0x00409270,0x00409279,reviewed,high,target-boundary-audit-2026-09-15,Complete dense decode ends in ret; absolute-code-refs=1; no overlap or external interior branch
0x00409280,0x00409BE2,reviewed,high,target-boundary-audit-2026-09-15,Complete dense decode ends in ret; direct-code-refs=1; no overlap or external interior branch
0x00409C00,0x00409D8E,reviewed,high,target-boundary-audit-2026-09-15,Complete dense decode ends in ret; direct-code-refs=1; no overlap or external interior branch
0x00409D90,0x00409DBD,reviewed,high,target-boundary-audit-2026-09-15,Complete dense decode ends in ret; direct-code-refs=13; no overlap or external interior branch
0x00409E20,0x00409E3B,reviewed,high,target-boundary-audit-2026-09-15,Complete dense decode ends in ret; direct-code-refs=1; no overlap or external interior branch
0x00409E50,0x00409E90,reviewed,high,target-boundary-audit-2026-09-15,Complete dense decode ends in ret; direct-code-refs=41; no overlap or external interior branch
0x00409F90,0x0040A005,reviewed,high,target-boundary-audit-2026-09-15,Complete dense decode ends in ret; direct-code-refs=4; no overlap or external interior branch
0x0040A940,0x0040ABC6,provisional,medium,target-boundary-audit-2026-09-15,"Complete dense decode ends in ret, but no independent entry reference was found"
0x0040AC20,0x0040AC8C,reviewed,high,target-boundary-audit-2026-09-15,Complete dense decode ends in ret; direct-code-refs=1; no overlap or external interior branch
0x0040AC90,0x0040ACB4,reviewed,high,target-boundary-audit-2026-09-15,Complete dense decode ends in ret; direct-code-refs=6; no overlap or external interior branch
0x0040ACE0,0x0040AD00,reviewed,high,target-boundary-audit-2026-09-15,Complete dense decode ends in ret; direct-code-refs=22; no overlap or external interior branch
0x0040AD20,0x0040AD40,reviewed,high,target-boundary-audit-2026-09-15,Complete dense decode ends in ret; direct-code-refs=9; no overlap or external interior branch
0x0040AE70,0x0040AEF5,reviewed,high,target-boundary-audit-2026-09-15,Complete dense decode ends in ret; direct-code-refs=1; no overlap or external interior branch
0x0040AF00,0x0040AF88,reviewed,high,target-boundary-audit-2026-09-15,Complete dense decode ends in ret; direct-code-refs=2; no overlap or external interior branch
0x0040AF90,0x0040AFE5,reviewed,high,target-boundary-audit-2026-09-15,Complete dense decode ends in ret; direct-code-refs=1; no overlap or external interior branch
0x0040B110,0x0040B1A3,provisional,medium,target-boundary-audit-2026-09-15,"Complete dense decode ends in ret, but no independent entry reference was found"
0x0040B250,0x0040B28B,reviewed,high,target-boundary-audit-2026-09-15,Complete dense decode ends in ret; aligned-data-refs=1; no overlap or external interior branch
0x0040B3A0,0x0040B45F,reviewed,high,target-boundary-audit-2026-09-15,Complete dense decode ends in ret; direct-code-refs=1; no overlap or external interior branch
0x0040B480,0x0040B4E9,reviewed,high,target-boundary-audit-2026-09-15,Complete dense decode ends in ret; direct-code-refs=1; no overlap or external interior branch
0x0040B560,0x0040B7A7,reviewed,high,target-boundary-audit-2026-09-15,Complete dense decode ends in ret; direct-code-refs=1; no overlap or external interior branch
0x0040B7B0,0x0040B919,reviewed,high,target-boundary-audit-2026-09-15,Complete dense decode ends in ret; direct-code-refs=3; no overlap or external interior branch
0x0040B940,0x0040B9A2,reviewed,high,target-boundary-audit-2026-09-15,Complete dense decode ends in ret; direct-code-refs=1; no overlap or external interior branch
0x0040B9D0,0x0040B9E1,reviewed,high,target-boundary-audit-2026-09-15,Complete dense decode ends in ret; direct-code-refs=2; no overlap or external interior branch
0x0040B9F0,0x0040BA5E,provisional,medium,target-boundary-audit-2026-09-15,"Complete dense decode ends in ret, but no independent entry reference was found"
0x0040BA90,0x0040BD17,reviewed,high,target-boundary-audit-2026-09-15,Complete dense decode ends in ret; direct-code-refs=1; no overlap or external interior branch
0x0040BD20,0x0040BD7C,reviewed,high,target-boundary-audit-2026-09-15,Complete dense decode ends in ret; direct-code-refs=1; no overlap or external interior branch
0x0040BD80,0x0040C355,reviewed,high,target-boundary-audit-2026-09-15,Complete dense decode ends in ret; direct-code-refs=1; no overlap or external interior branch
0x0040C3C0,0x0040C43D,provisional,medium,target-boundary-audit-2026-09-15,"Complete dense decode ends in ret, but no independent entry reference was found"
0x0040C480,0x0040C4C0,reviewed,high,target-boundary-audit-2026-09-15,Complete dense decode ends in ret; direct-code-refs=8; no overlap or external interior branch
0x0040C4D0,0x0040C510,reviewed,high,target-boundary-audit-2026-09-15,Complete dense decode ends in ret; direct-code-refs=12; no overlap or external interior branch
0x0040C540,0x0040C58A,reviewed,high,target-boundary-audit-2026-09-15,Complete dense decode ends in ret; direct-code-refs=7; no overlap or external interior branch
0x0040C5E0,0x0040C5E2,reviewed,high,prior-target-boundary-review+target-boundary-audit-2026-09-15,"Prior boundary evidence retained; dense decode 3/3, tail ret"
0x0040C690,0x0040C694,reviewed,high,prior-target-boundary-review+target-boundary-audit-2026-09-15,"Prior boundary evidence retained; dense decode 5/5, tail ret"
0x0040C6A0,0x0040C6A4,reviewed,high,prior-target-boundary-review+target-boundary-audit-2026-09-15,"Prior boundary evidence retained; dense decode 5/5, tail ret"
0x0040C6B0,0x0040C6B8,reviewed,high,prior-target-boundary-review+target-boundary-audit-2026-09-15,"Prior boundary evidence retained; dense decode 9/9, tail ret"
0x0040C6C0,0x0040C6C4,reviewed,high,prior-target-boundary-review+target-boundary-audit-2026-09-15,"Prior boundary evidence retained; dense decode 5/5, tail ret"
0x0040C6E0,0x0040C70C,reviewed,high,prior-target-boundary-review+target-boundary-audit-2026-09-15,"Prior boundary evidence retained; dense decode 45/45, tail ret"
0x0040C710,0x0040C724,reviewed,high,prior-target-boundary-review+target-boundary-audit-2026-09-15,"Prior boundary evidence retained; dense decode 21/21, tail ret"
0x0040C730,0x0040C776,reviewed,high,prior-target-boundary-review+target-boundary-audit-2026-09-15,"Prior boundary evidence retained; dense decode 71/71, tail ret"
0x0040C780,0x0040C7AE,reviewed,high,prior-target-boundary-review+target-boundary-audit-2026-09-15,"Prior boundary evidence retained; dense decode 47/47, tail ret"
0x0040C7B0,0x0040C7F6,reviewed,high,prior-target-boundary-review+target-boundary-audit-2026-09-15,"Prior boundary evidence retained; dense decode 71/71, tail ret"
0x0040C800,0x0040C80E,reviewed,high,prior-target-boundary-review+target-boundary-audit-2026-09-15,"Prior boundary evidence retained; dense decode 15/15, tail ret"
0x0040C810,0x0040C814,reviewed,high,prior-target-boundary-review+target-boundary-audit-2026-09-15,"Prior boundary evidence retained; dense decode 5/5, tail ret"
0x0040C820,0x0040C824,reviewed,high,prior-target-boundary-review+target-boundary-audit-2026-09-15,"Prior boundary evidence retained; dense decode 5/5, tail ret"
0x0040C830,0x0040C851,reviewed,high,prior-target-boundary-review+target-boundary-audit-2026-09-15,"Prior boundary evidence retained; dense decode 34/34, tail ret"
0x0040C860,0x0040C883,reviewed,high,prior-target-boundary-review+target-boundary-audit-2026-09-15,"Prior boundary evidence retained; dense decode 36/36, tail ret"
0x0040C9A0,0x0040C9CF,reviewed,high,target-boundary-audit-2026-09-15,Complete dense decode ends in ret; direct-code-refs=1; no overlap or external interior branch
0x0040C9D0,0x0040CBC6,reviewed,high,target-boundary-audit-2026-09-15,Complete dense decode ends in ret; direct-code-refs=2; no overlap or external interior branch
0x0040CC50,0x0040CC6E,reviewed,high,target-boundary-audit-2026-09-15,Complete dense decode ends in ret; aligned-data-refs=1; no overlap or external interior branch
0x0040CC70,0x0040CD00,reviewed,high,target-boundary-audit-2026-09-15,Complete dense decode ends in ret; direct-code-refs=1; no overlap or external interior branch
0x0040CD20,0x0040CD7E,reviewed,high,prior-target-boundary-review+target-boundary-audit-2026-09-15,"Prior boundary evidence retained; dense decode 95/95, tail ret"
0x0040CEA0,0x0040CEC3,reviewed,high,target-boundary-audit-2026-09-15,Complete dense decode ends in ret; direct-code-refs=1; no overlap or external interior branch
0x0040CF40,0x0040CF56,reviewed,high,target-boundary-audit-2026-09-15,Complete dense decode ends in ret; direct-code-refs=1; no overlap or external interior branch
0x0040CF60,0x0040CF76,reviewed,high,target-boundary-audit-2026-09-15,Complete dense decode ends in ret; direct-code-refs=1; no overlap or external interior branch
0x0040CF90,0x0040CFA5,reviewed,high,target-boundary-audit-2026-09-15,Complete dense decode ends in ret; direct-code-refs=6; no overlap or external interior branch
0x0040CFB0,0x0040D1F0,reviewed,high,prior-target-boundary-review+target-boundary-audit-2026-09-15,Prior boundary evidence retained; dense decode 576/577; owned indirect control table at 0x0040D1A8
0x0040D260,0x0040D27C,reviewed,high,prior-target-boundary-review+target-boundary-audit-2026-09-15,"Prior boundary evidence retained; dense decode 29/29, tail ret"
0x0040D280,0x0040D3CD,reviewed,high,prior-target-boundary-review+target-boundary-audit-2026-09-15,"Prior boundary evidence retained; dense decode 334/334, tail ret"
0x0040D3D0,0x0040D3F1,reviewed,high,prior-target-boundary-review+target-boundary-audit-2026-09-15,"Prior boundary evidence retained; dense decode 34/34, tail ret"
0x0040D400,0x0040D4EE,reviewed,high,prior-target-boundary-review+target-boundary-audit-2026-09-15,"Prior boundary evidence retained; dense decode 239/239, tail ret"
0x0040D530,0x0040D65B,reviewed,high,prior-target-boundary-review+target-boundary-audit-2026-09-15,"Prior boundary evidence retained; dense decode 300/300, tail ret"
0x0040D660,0x0040D67D,reviewed,high,prior-target-boundary-review+target-boundary-audit-2026-09-15,"Prior boundary evidence retained; dense decode 30/30, tail ret"
0x0040D680,0x0040D6A3,reviewed,high,prior-target-boundary-review+target-boundary-audit-2026-09-15,"Prior boundary evidence retained; dense decode 36/36, tail ret"
0x0040D6B0,0x0040D70E,reviewed,high,prior-target-boundary-review+target-boundary-audit-2026-09-15,"Prior boundary evidence retained; dense decode 95/95, tail ret"
0x0040D710,0x0040D72B,reviewed,high,prior-target-boundary-review+target-boundary-audit-2026-09-15,"Prior boundary evidence retained; dense decode 28/28, tail ret"
0x0040D750,0x0040D7F5,reviewed,high,prior-target-boundary-review+target-boundary-audit-2026-09-15,"Prior boundary evidence retained; dense decode 166/166, tail ret"
0x0040D810,0x0040D819,reviewed,high,prior-target-boundary-review+target-boundary-audit-2026-09-15,"Prior boundary evidence retained; dense decode 10/10, tail ret"
0x0040D820,0x0040D825,reviewed,high,prior-target-boundary-review+target-boundary-audit-2026-09-15,"Prior boundary evidence retained; dense decode 6/6, tail ret"
0x0040D830,0x0040DAD0,reviewed,high,prior-target-boundary-review+target-boundary-audit-2026-09-15,"Prior boundary evidence retained; dense decode 673/673, tail ret"
0x0040DAE0,0x0040DC61,reviewed,high,prior-target-boundary-review+target-boundary-audit-2026-09-15,"Prior boundary evidence retained; dense decode 386/386, tail ret"
0x0040DC80,0x0040E5EB,reviewed,high,prior-target-boundary-review+target-boundary-audit-2026-09-15,"Prior boundary evidence retained; dense decode 2412/2412, tail ret"
0x0040E5F0,0x0040E691,reviewed,high,prior-target-boundary-review+target-boundary-audit-2026-09-15,"Prior boundary evidence retained; dense decode 162/162, tail ret"
0x0040E6A0,0x0040E755,reviewed,high,target-boundary-audit-2026-09-15,Complete dense decode ends in ret; direct-code-refs=3; no overlap or external interior branch
0x0040E760,0x0040E76A,reviewed,high,prior-target-boundary-review+target-boundary-audit-2026-09-15,"Prior boundary evidence retained; dense decode 11/11, tail jmp"
0x0040E770,0x00411FBF,reviewed,high,prior-target-boundary-review+target-boundary-audit-2026-09-15,Prior boundary evidence retained; dense decode 14416/14416; owned indirect control table at 0x00411D30
0x00411FC0,0x004122F3,reviewed,high,prior-target-boundary-review+target-boundary-audit-2026-09-15,Prior boundary evidence retained; dense decode 819/820; owned indirect control table at 0x00412228
0x00412300,0x0041234F,reviewed,high,prior-target-boundary-review+target-boundary-audit-2026-09-15,Prior boundary evidence retained; dense decode 79/80; owned indirect control table at 0x00412340
0x00412350,0x004126C3,reviewed,high,prior-target-boundary-review+target-boundary-audit-2026-09-15,Prior boundary evidence retained; dense decode 748/884; owned indirect control table at 0x004125F8
0x004126D0,0x0041271F,reviewed,high,prior-target-boundary-review+target-boundary-audit-2026-09-15,Prior boundary evidence retained; dense decode 79/80; owned indirect control table at 0x00412710
0x00412720,0x0041274F,reviewed,high,target-boundary-audit-2026-09-15,Complete dense decode ends in ret; direct-code-refs=1; no overlap or external interior branch
0x004127A0,0x004129F0,reviewed,high,prior-target-boundary-review+target-boundary-audit-2026-09-15,"Prior boundary evidence retained; dense decode 593/593, tail ret"
0x00412A00,0x00412A0F,reviewed,high,prior-target-boundary-review+target-boundary-audit-2026-09-15,"Prior boundary evidence retained; dense decode 16/16, tail ret"
0x00412A10,0x00412A5A,reviewed,high,prior-target-boundary-review+target-boundary-audit-2026-09-15,"Prior boundary evidence retained; dense decode 75/75, tail ret"
0x00412A60,0x00412A6D,reviewed,high,prior-target-boundary-review+target-boundary-audit-2026-09-15,"Prior boundary evidence retained; dense decode 14/14, tail jmp"
0x00412A70,0x00412A7D,reviewed,high,prior-target-boundary-review+target-boundary-audit-2026-09-15,"Prior boundary evidence retained; dense decode 14/14, tail jmp"
0x00412A80,0x00412A90,reviewed,high,prior-target-boundary-review+target-boundary-audit-2026-09-15,"Prior boundary evidence retained; dense decode 17/17, tail ret"
0x00412AA0,0x00412AB9,reviewed,high,target-boundary-audit-2026-09-15,Complete dense decode ends in ret; direct-code-refs=13; no overlap or external interior branch
0x00412AC0,0x00412D4B,reviewed,high,target-boundary-audit-2026-09-15,Complete dense decode ends in ret; direct-code-refs=4; no overlap or external interior branch
0x00412DB0,0x00412DE1,reviewed,high,target-boundary-audit-2026-09-15,Complete dense decode ends in ret; direct-code-refs=3; no overlap or external interior branch
0x00412E70,0x00412E9D,reviewed,high,target-boundary-audit-2026-09-15,Complete dense decode ends in ret; direct-code-refs=1; no overlap or external interior branch
0x00412ED0,0x00412EDF,reviewed,high,target-boundary-audit-2026-09-15,Complete dense decode ends in ret; direct-code-refs=1; no overlap or external interior branch
0x00412FF0,0x0041304C,reviewed,high,target-boundary-audit-2026-09-15,Complete dense decode ends in ret; direct-code-refs=9; no overlap or external interior branch
0x00413170,0x00413183,reviewed,high,target-boundary-audit-2026-09-15,Complete dense decode ends in ret; direct-code-refs=2; no overlap or external interior branch
0x00413200,0x00413216,reviewed,high,prior-target-boundary-review+target-boundary-audit-2026-09-15,"Prior boundary evidence retained; dense decode 23/23, tail ret"
0x00413270,0x0041328D,reviewed,high,target-boundary-audit-2026-09-15,Complete dense decode ends in ret; direct-code-refs=1; no overlap or external interior branch
0x00413350,0x004133E6,provisional,medium,target-boundary-audit-2026-09-15,"Complete dense decode ends in ret, but no independent entry reference was found"
0x00413450,0x004134A3,reviewed,high,target-boundary-audit-2026-09-15,Complete dense decode ends in ret; direct-code-refs=1; no overlap or external interior branch
0x004134B0,0x004135C7,reviewed,high,target-boundary-audit-2026-09-15,Complete dense decode ends in ret; direct-code-refs=1; no overlap or external interior branch
0x004135D0,0x00413683,provisional,medium,target-boundary-audit-2026-09-15,"Complete dense decode ends in ret, but no independent entry reference was found"
0x004136C0,0x00413720,reviewed,high,target-boundary-audit-2026-09-15,Complete dense decode ends in ret; direct-code-refs=2; no overlap or external interior branch
0x00413790,0x004137DC,reviewed,high,target-boundary-audit-2026-09-15,Complete dense decode ends in ret; direct-code-refs=4; no overlap or external interior branch
0x00413810,0x0041397E,reviewed,high,target-boundary-audit-2026-09-15,Complete dense decode ends in ret; direct-code-refs=1; no overlap or external interior branch
0x00413980,0x00413A12,reviewed,high,target-boundary-audit-2026-09-15,Complete dense decode ends in ret; direct-code-refs=1; no overlap or external interior branch
0x00413A20,0x00413B40,reviewed,high,target-boundary-audit-2026-09-15,Complete dense decode ends in ret; direct-code-refs=2; no overlap or external interior branch
0x00413BC0,0x0041436C,reviewed,high,target-boundary-audit-2026-09-15,Complete dense decode ends in ret; direct-code-refs=2; no overlap or external interior branch
0x00414370,0x0041454B,reviewed,high,target-boundary-audit-2026-09-15,Complete dense decode ends in ret; direct-code-refs=1; no overlap or external interior branch
0x00414570,0x004145E8,reviewed,high,target-boundary-audit-2026-09-15,Complete dense decode ends in ret; direct-code-refs=1; no overlap or external interior branch
0x004145F0,0x0041482D,reviewed,high,target-boundary-audit-2026-09-15,Complete dense decode ends in ret; direct-code-refs=2; no overlap or external interior branch
0x00414830,0x004148B7,reviewed,high,target-boundary-audit-2026-09-15,Complete dense decode ends in ret; direct-code-refs=1; no overlap or external interior branch
0x00414900,0x004157FB,reviewed,high,prior-target-boundary-review+target-boundary-audit-2026-09-15,Prior boundary evidence retained; dense decode 3835/3836; owned indirect control table at 0x004157E0
0x00415800,0x00415AD3,provisional,medium,target-boundary-audit-2026-09-15,"Complete dense decode ends in ret, but no independent entry reference was found"
0x00415B00,0x00415DAA,reviewed,high,target-boundary-audit-2026-09-15,Complete dense decode ends in ret; direct-code-refs=1; no overlap or external interior branch
0x00415DB0,0x00415E2B,reviewed,high,target-boundary-audit-2026-09-15,Complete dense decode ends in ret; direct-code-refs=1; no overlap or external interior branch
0x00415E90,0x0041700F,reviewed,high,prior-target-boundary-review+target-boundary-audit-2026-09-15,Prior boundary evidence retained; dense decode 4479/4480; owned indirect control table at 0x00416F64
0x00417010,0x00417038,reviewed,high,target-boundary-audit-2026-09-15,Complete dense decode ends in ret; direct-code-refs=5; no overlap or external interior branch
0x00417040,0x004172DE,reviewed,high,target-boundary-audit-2026-09-15,Complete dense decode ends in ret; direct-code-refs=1; no overlap or external interior branch
0x004172E0,0x0041755F,reviewed,high,target-boundary-audit-2026-09-15,Complete dense decode ends in ret; direct-code-refs=1; no overlap or external interior branch
0x004175E0,0x004175FF,reviewed,high,target-boundary-audit-2026-09-15,Complete dense decode ends in ret; direct-code-refs=1; no overlap or external interior branch
0x00417770,0x004177B1,reviewed,high,target-boundary-audit-2026-09-15,Complete dense decode ends in ret; direct-code-refs=2; no overlap or external interior branch
0x00417800,0x00417839,reviewed,high,target-boundary-audit-2026-09-15,Complete dense decode ends in ret; direct-code-refs=1; no overlap or external interior branch
0x00417870,0x00417C60,provisional,medium,target-boundary-audit-2026-09-15,"Complete dense decode ends in ret, but no independent entry reference was found"
0x00417C80,0x004180D0,reviewed,high,target-boundary-audit-2026-09-15,Complete dense decode ends in ret; direct-code-refs=2; no overlap or external interior branch
0x004180E0,0x0041814A,reviewed,high,target-boundary-audit-2026-09-15,Complete dense decode ends in ret; direct-code-refs=5; no overlap or external interior branch
0x00418150,0x00418161,reviewed,high,target-boundary-audit-2026-09-15,Complete dense decode ends in ret; direct-code-refs=6; no overlap or external interior branch
0x00418190,0x00418797,provisional,medium,target-boundary-audit-2026-09-15,"Complete dense decode ends in ret, but no independent entry reference was found"
0x00418810,0x0041884F,reviewed,high,target-boundary-audit-2026-09-15,Complete dense decode ends in ret; direct-code-refs=2; no overlap or external interior branch
0x004188A0,0x0041892C,reviewed,high,target-boundary-audit-2026-09-15,Complete dense decode ends in ret; direct-code-refs=2; no overlap or external interior branch
0x00418930,0x004189D5,reviewed,high,target-boundary-audit-2026-09-15,Complete dense decode ends in ret; direct-code-refs=2; no overlap or external interior branch
0x00418A00,0x00418A40,reviewed,high,target-boundary-audit-2026-09-15,Complete dense decode ends in ret; direct-code-refs=1; no overlap or external interior branch
0x00418A90,0x00418AA3,reviewed,high,target-boundary-audit-2026-09-15,Complete dense decode ends in ret; direct-code-refs=1; no overlap or external interior branch
0x00418B80,0x00418BC8,reviewed,high,target-boundary-audit-2026-09-15,Complete dense decode ends in ret; direct-code-refs=3; no overlap or external interior branch
0x00418C40,0x00418CBC,reviewed,high,target-boundary-audit-2026-09-15,Complete dense decode ends in ret; direct-code-refs=5; no overlap or external interior branch
0x00418D00,0x00418D32,reviewed,high,target-boundary-audit-2026-09-15,Complete dense decode ends in ret; direct-code-refs=2; no overlap or external interior branch
0x00418D40,0x00418E2C,reviewed,high,target-boundary-audit-2026-09-15,Complete dense decode ends in ret; direct-code-refs=1; no overlap or external interior branch
0x00418E30,0x00418EB2,reviewed,high,target-boundary-audit-2026-09-15,Complete dense decode ends in ret; direct-code-refs=1; no overlap or external interior branch
0x00418EE0,0x00419039,reviewed,high,target-boundary-audit-2026-09-15,Complete dense decode ends in ret; direct-code-refs=2; no overlap or external interior branch
0x00419040,0x0041908E,reviewed,high,target-boundary-audit-2026-09-15,Complete dense decode ends in ret; direct-code-refs=2; no overlap or external interior branch
0x00419090,0x004190D2,reviewed,high,target-boundary-audit-2026-09-15,Complete dense decode ends in ret; direct-code-refs=1; no overlap or external interior branch
0x00419120,0x00419644,reviewed,high,target-boundary-audit-2026-09-15,Complete dense decode ends in ret; direct-code-refs=1; no overlap or external interior branch
0x00419650,0x0041988A,reviewed,high,target-boundary-audit-2026-09-15,Complete dense decode ends in ret; direct-code-refs=1; no overlap or external interior branch
0x004198A0,0x004198A9,reviewed,high,target-boundary-audit-2026-09-15,Complete dense decode ends in ret; absolute-code-refs=1; no overlap or external interior branch
0x004198C0,0x00419921,reviewed,high,target-boundary-audit-2026-09-15,Complete dense decode ends in ret; direct-code-refs=2; no overlap or external interior branch
0x00419960,0x00419F39,reviewed,high,target-boundary-audit-2026-09-15,Complete dense decode ends in jmp; direct-code-refs=2; no overlap or external interior branch
0x00419F40,0x0041A043,reviewed,high,target-boundary-audit-2026-09-15,Complete dense decode ends in ret; direct-code-refs=2; no overlap or external interior branch
0x0041A050,0x0041A09A,reviewed,high,target-boundary-audit-2026-09-15,Complete dense decode ends in jmp; direct-code-refs=1; no overlap or external interior branch
0x0041A0A0,0x0041A111,reviewed,high,target-boundary-audit-2026-09-15,Complete dense decode ends in ret; direct-code-refs=13; no overlap or external interior branch
0x0041A120,0x0041A1FB,reviewed,high,target-boundary-audit-2026-09-15,Complete dense decode ends in ret; direct-code-refs=1; no overlap or external interior branch
0x0041A200,0x0041AAC6,reviewed,high,target-boundary-audit-2026-09-15,Complete dense decode ends in jmp; direct-code-refs=1; no overlap or external interior branch
0x0041AB10,0x0041AB43,reviewed,high,target-boundary-audit-2026-09-15,Complete dense decode ends in ret; direct-code-refs=2; no overlap or external interior branch
0x0041AB70,0x0041ABF7,reviewed,high,prior-target-boundary-review+target-boundary-audit-2026-09-15,"Prior boundary evidence retained; dense decode 136/136, tail ret"
0x0041AD60,0x0041AD81,reviewed,high,target-boundary-audit-2026-09-15,Complete dense decode ends in ret; absolute-code-refs=3; no overlap or external interior branch
0x0041AD90,0x0041ADE3,reviewed,high,target-boundary-audit-2026-09-15,Complete dense decode ends in ret; direct-code-refs=1; no overlap or external interior branch
0x0041ADF0,0x0041AEC7,reviewed,high,target-boundary-audit-2026-09-15,Complete dense decode ends in ret; direct-code-refs=2; no overlap or external interior branch
0x0041AED0,0x0041AF88,reviewed,high,target-boundary-audit-2026-09-15,Complete dense decode ends in ret; direct-code-refs=1; no overlap or external interior branch
0x0041AFD0,0x0041B89C,provisional,medium,target-boundary-audit-2026-09-15,"Complete dense decode ends in ret, but no independent entry reference was found"
0x0041BA50,0x0041BAF4,reviewed,high,target-boundary-audit-2026-09-15,Complete dense decode ends in ret; direct-code-refs=1; no overlap or external interior branch
0x0041BB00,0x0041BE18,reviewed,high,target-boundary-audit-2026-09-15,Complete dense decode ends in ret; direct-code-refs=13; no overlap or external interior branch
0x0041BE80,0x0041BEAD,reviewed,high,target-boundary-audit-2026-09-15,Complete dense decode ends in ret; direct-code-refs=3; no overlap or external interior branch
0x0041BEB0,0x0041BECD,reviewed,high,target-boundary-audit-2026-09-15,Complete dense decode ends in ret; direct-code-refs=4; no overlap or external interior branch
0x0041C030,0x0041C091,reviewed,high,target-boundary-audit-2026-09-15,Complete dense decode ends in ret; direct-code-refs=3; no overlap or external interior branch
0x0041C120,0x0041C1B1,reviewed,high,target-boundary-audit-2026-09-15,Complete dense decode ends in ret; direct-code-refs=1; no overlap or external interior branch
0x0041C1C0,0x0041C282,reviewed,high,target-boundary-audit-2026-09-15,Complete dense decode ends in ret; direct-code-refs=2; no overlap or external interior branch
0x0041C290,0x0041C2EA,reviewed,high,target-boundary-audit-2026-09-15,Complete dense decode ends in ret; direct-code-refs=1; no overlap or external interior branch
0x0041C330,0x0041C441,provisional,medium,target-boundary-audit-2026-09-15,"Complete dense decode ends in ret, but no independent entry reference was found"
0x0041C510,0x0041C5A8,reviewed,high,target-boundary-audit-2026-09-15,Complete dense decode ends in ret; direct-code-refs=10; no overlap or external interior branch
0x0041C5B0,0x0041C679,reviewed,high,target-boundary-audit-2026-09-15,Complete dense decode ends in ret; direct-code-refs=1; no overlap or external interior branch
0x0041C680,0x0041C75A,reviewed,high,target-boundary-audit-2026-09-15,Complete dense decode ends in ret; direct-code-refs=1; no overlap or external interior branch
0x0041C7D0,0x0041C7FB,reviewed,high,target-boundary-audit-2026-09-15,Complete dense decode ends in ret; direct-code-refs=1; no overlap or external interior branch
0x0041C800,0x0041C84B,reviewed,high,target-boundary-audit-2026-09-15,Complete dense decode ends in ret; direct-code-refs=4; no overlap or external interior branch
0x0041C850,0x0041C87B,reviewed,high,target-boundary-audit-2026-09-15,Complete dense decode ends in ret; direct-code-refs=3; no overlap or external interior branch
0x0041CFD0,0x0041D169,reviewed,high,target-boundary-audit-2026-09-15,Complete dense decode ends in ret; aligned-data-refs=1; no overlap or external interior branch
0x0041D2C0,0x0041D3CC,reviewed,high,target-boundary-audit-2026-09-15,Complete dense decode ends in ret; aligned-data-refs=1; no overlap or external interior branch
0x0041D3D0,0x0041D7B8,reviewed,high,target-boundary-audit-2026-09-15,Complete dense decode ends in ret; aligned-data-refs=1; no overlap or external interior branch
0x0041D7C0,0x0041D86C,reviewed,high,target-boundary-audit-2026-09-15,Complete dense decode ends in ret; aligned-data-refs=1; no overlap or external interior branch
0x0041D880,0x0041DD74,reviewed,high,target-boundary-audit-2026-09-15,Complete dense decode ends in ret; aligned-data-refs=1; no overlap or external interior branch
0x0041DD80,0x0041E255,reviewed,high,target-boundary-audit-2026-09-15,Complete dense decode ends in ret; aligned-data-refs=1; no overlap or external interior branch
0x0041E260,0x0041E4C0,reviewed,high,target-boundary-audit-2026-09-15,Complete dense decode ends in ret; aligned-data-refs=1; no overlap or external interior branch
0x0041E4D0,0x0041E5B1,reviewed,high,target-boundary-audit-2026-09-15,Complete dense decode ends in ret; aligned-data-refs=1; no overlap or external interior branch
0x0041E700,0x0041EA2F,reviewed,high,target-boundary-audit-2026-09-15,Complete dense decode ends in ret; aligned-data-refs=1; no overlap or external interior branch
0x0041EB00,0x0041EF92,reviewed,high,target-boundary-audit-2026-09-15,Complete dense decode ends in ret; aligned-data-refs=1; no overlap or external interior branch
0x0041EFA0,0x0041F3F3,reviewed,high,target-boundary-audit-2026-09-15,Complete dense decode ends in ret; aligned-data-refs=1; no overlap or external interior branch
0x0041F400,0x0041F66E,reviewed,high,target-boundary-audit-2026-09-15,Complete dense decode ends in ret; aligned-data-refs=1; no overlap or external interior branch
0x0041F7A0,0x0041F7FA,reviewed,high,target-boundary-audit-2026-09-15,Complete dense decode ends in ret; direct-code-refs=4; no overlap or external interior branch
0x0041F800,0x0041F81D,reviewed,high,target-boundary-audit-2026-09-15,Complete dense decode ends in ret; direct-code-refs=10; no overlap or external interior branch
0x0041F850,0x0041F8CF,reviewed,high,target-boundary-audit-2026-09-15,Complete dense decode ends in ret; direct-code-refs=1; no overlap or external interior branch
0x0041F8D0,0x0041F921,reviewed,high,target-boundary-audit-2026-09-15,Complete dense decode ends in ret; direct-code-refs=1; no overlap or external interior branch
0x0041F930,0x0041F98A,reviewed,high,target-boundary-audit-2026-09-15,Complete dense decode ends in ret; direct-code-refs=1; no overlap or external interior branch
0x0041F990,0x0041FABA,reviewed,high,prior-target-boundary-review+target-boundary-audit-2026-09-15,"Prior boundary evidence retained; dense decode 299/299, tail ret"
0x0041FAC0,0x0041FB4B,reviewed,high,target-boundary-audit-2026-09-15,Complete dense decode ends in ret; direct-code-refs=1; no overlap or external interior branch
0x0041FB50,0x0041FCF0,reviewed,high,target-boundary-audit-2026-09-15,Complete dense decode ends in ret; direct-code-refs=2; no overlap or external interior branch
0x0041FD00,0x0041FD44,reviewed,high,target-boundary-audit-2026-09-15,Complete dense decode ends in ret; direct-code-refs=1; no overlap or external interior branch
0x0041FDD0,0x0041FEAB,provisional,medium,target-boundary-audit-2026-09-15,"Complete dense decode ends in ret, but no independent entry reference was found"
0x0041FF80,0x0041FFF0,reviewed,high,target-boundary-audit-2026-09-15,Complete dense decode ends in ret; absolute-code-refs=1; no overlap or external interior branch
0x00420100,0x004201AD,provisional,medium,target-boundary-audit-2026-09-15,"Complete dense decode ends in ret, but no independent entry reference was found"
0x00420270,0x00420394,reviewed,high,target-boundary-audit-2026-09-15,Complete dense decode ends in ret; direct-code-refs=1; no overlap or external interior branch
0x004203C0,0x004203EF,reviewed,high,target-boundary-audit-2026-09-15,Complete dense decode ends in ret; direct-code-refs=1; no overlap or external interior branch
0x004203F0,0x0042046F,reviewed,high,target-boundary-audit-2026-09-15,Complete dense decode ends in ret; direct-code-refs=2; no overlap or external interior branch
0x00420470,0x0042053B,reviewed,high,target-boundary-audit-2026-09-15,Complete dense decode ends in ret; direct-code-refs=1; no overlap or external interior branch
0x00420670,0x00420867,reviewed,high,target-boundary-audit-2026-09-15,Complete dense decode ends in ret; direct-code-refs=1; no overlap or external interior branch
0x00420870,0x00420A85,reviewed,high,target-boundary-audit-2026-09-15,Complete dense decode ends in ret; direct-code-refs=1; no overlap or external interior branch
0x00420A90,0x00420B07,reviewed,high,target-boundary-audit-2026-09-15,Complete dense decode ends in ret; direct-code-refs=10; no overlap or external interior branch
0x00420B10,0x00420B58,reviewed,high,target-boundary-audit-2026-09-15,Complete dense decode ends in ret; direct-code-refs=9; no overlap or external interior branch
0x00420C00,0x00420C28,reviewed,high,target-boundary-audit-2026-09-15,Complete dense decode ends in ret; direct-code-refs=2; no overlap or external interior branch
0x00420C30,0x00420C83,reviewed,high,target-boundary-audit-2026-09-15,Complete dense decode ends in ret; direct-code-refs=5; no overlap or external interior branch
0x00420CD0,0x00420D04,reviewed,high,target-boundary-audit-2026-09-15,Complete dense decode ends in ret; direct-code-refs=2; no overlap or external interior branch
0x00420DD0,0x00420E9C,provisional,medium,target-boundary-audit-2026-09-15,"Complete dense decode ends in ret, but no independent entry reference was found"
0x00420EA0,0x00420F15,reviewed,high,target-boundary-audit-2026-09-15,Complete dense decode ends in ret; direct-code-refs=1; no overlap or external interior branch
0x00421070,0x0042117B,reviewed,high,target-boundary-audit-2026-09-15,Complete dense decode ends in ret; direct-code-refs=1; no overlap or external interior branch
0x00421300,0x0042140C,reviewed,high,target-boundary-audit-2026-09-15,Complete dense decode ends in ret; direct-code-refs=1; no overlap or external interior branch
0x00421480,0x0042159E,reviewed,high,target-boundary-audit-2026-09-15,Complete dense decode ends in ret; direct-code-refs=2; no overlap or external interior branch
0x004215A0,0x004216E9,reviewed,high,target-boundary-audit-2026-09-15,Complete dense decode ends in ret; direct-code-refs=11; no overlap or external interior branch
0x004216F0,0x004218C0,provisional,medium,target-boundary-audit-2026-09-15,"Complete dense decode ends in ret, but no independent entry reference was found"
0x004218D0,0x00421B0B,reviewed,high,target-boundary-audit-2026-09-15,Complete dense decode ends in jmp; direct-code-refs=1; no overlap or external interior branch
0x00421B90,0x00421BDC,provisional,medium,target-boundary-audit-2026-09-15,"Complete dense decode ends in ret, but no independent entry reference was found"
0x00421C50,0x00421C68,reviewed,high,target-boundary-audit-2026-09-15,Complete dense decode ends in ret; direct-code-refs=1; no overlap or external interior branch
0x00421D20,0x00421D34,reviewed,high,target-boundary-audit-2026-09-15,Complete dense decode ends in ret; direct-code-refs=1; no overlap or external interior branch
0x00421E00,0x00421EE0,reviewed,high,target-boundary-audit-2026-09-15,Complete dense decode ends in ret; direct-code-refs=1; no overlap or external interior branch
0x00421F00,0x00421F46,provisional,medium,target-boundary-audit-2026-09-15,"Complete dense decode ends in ret, but no independent entry reference was found"
0x00421F60,0x00421F7B,reviewed,high,target-boundary-audit-2026-09-15,Complete dense decode ends in ret; direct-code-refs=2; no overlap or external interior branch
0x00421FA0,0x004220DB,reviewed,high,target-boundary-audit-2026-09-15,Complete dense decode ends in ret; direct-code-refs=2; no overlap or external interior branch
0x004220E0,0x00422144,reviewed,high,target-boundary-audit-2026-09-15,Complete dense decode ends in ret; direct-code-refs=1; no overlap or external interior branch
0x00422150,0x004221DD,reviewed,high,target-boundary-audit-2026-09-15,Complete dense decode ends in ret; direct-code-refs=1; no overlap or external interior branch
0x00422220,0x00422356,reviewed,high,target-boundary-audit-2026-09-15,Complete dense decode ends in ret; direct-code-refs=2; no overlap or external interior branch
0x00422360,0x004223A2,reviewed,high,target-boundary-audit-2026-09-15,Complete dense decode ends in ret; direct-code-refs=1; no overlap or external interior branch
0x004223F0,0x004224A2,reviewed,high,target-boundary-audit-2026-09-15,Complete dense decode ends in ret; direct-code-refs=1; no overlap or external interior branch
0x004224C0,0x00422653,reviewed,high,target-boundary-audit-2026-09-15,Complete dense decode ends in ret; direct-code-refs=2; no overlap or external interior branch
0x00422660,0x00422A6A,provisional,medium,target-boundary-audit-2026-09-15,"Complete dense decode ends in ret, but no independent entry reference was found"
0x00422A90,0x00422A99,reviewed,high,target-boundary-audit-2026-09-15,Complete dense decode ends in ret; absolute-code-refs=1; no overlap or external interior branch
0x00422AB0,0x00422C2D,reviewed,high,target-boundary-audit-2026-09-15,Complete dense decode ends in ret; direct-code-refs=1; no overlap or external interior branch
0x00422C30,0x00422C79,reviewed,high,target-boundary-audit-2026-09-15,Complete dense decode ends in ret; direct-code-refs=1; no overlap or external interior branch
0x00422C80,0x004231B9,reviewed,high,target-boundary-audit-2026-09-15,Complete dense decode ends in ret; direct-code-refs=1; no overlap or external interior branch
0x004231D0,0x0042336A,reviewed,high,target-boundary-audit-2026-09-15,Complete dense decode ends in ret; direct-code-refs=1; no overlap or external interior branch
0x00423370,0x0042350A,reviewed,high,target-boundary-audit-2026-09-15,Complete dense decode ends in ret; direct-code-refs=2; no overlap or external interior branch
0x00423510,0x00423568,reviewed,high,target-boundary-audit-2026-09-15,Complete dense decode ends in ret; direct-code-refs=1; no overlap or external interior branch
0x00423570,0x004236E8,reviewed,high,target-boundary-audit-2026-09-15,Complete dense decode ends in ret; direct-code-refs=1; no overlap or external interior branch
0x004236F0,0x0042438A,reviewed,high,target-boundary-audit-2026-09-15,Complete dense decode ends in ret; direct-code-refs=1; no overlap or external interior branch
0x004243F0,0x00424430,reviewed,high,target-boundary-audit-2026-09-15,Complete dense decode ends in ret; direct-code-refs=6; no overlap or external interior branch
0x00424480,0x00424521,reviewed,high,target-boundary-audit-2026-09-15,Complete dense decode ends in ret; direct-code-refs=3; no overlap or external interior branch
0x00424650,0x004246B7,reviewed,high,target-boundary-audit-2026-09-15,Complete dense decode ends in ret; direct-code-refs=1; no overlap or external interior branch
0x004246C0,0x004247B3,reviewed,high,prior-target-boundary-review+target-boundary-audit-2026-09-15,"Prior boundary evidence retained; dense decode 244/244, tail ret"
0x004247C0,0x004247C6,reviewed,high,prior-target-boundary-review+target-boundary-audit-2026-09-15,"Prior boundary evidence retained; dense decode 7/7, tail ret"
0x004247D0,0x004247D9,reviewed,high,prior-target-boundary-review+target-boundary-audit-2026-09-15,"Prior boundary evidence retained; dense decode 10/10, tail ret"
0x004247E0,0x004247E6,reviewed,high,prior-target-boundary-review+target-boundary-audit-2026-09-15,"Prior boundary evidence retained; dense decode 7/7, tail ret"
0x004247F0,0x00424D8A,reviewed,high,prior-target-boundary-review+target-boundary-audit-2026-09-15,"Prior boundary evidence retained; dense decode 1435/1435, tail ret"
0x00424D90,0x00424EA0,reviewed,high,prior-target-boundary-review+target-boundary-audit-2026-09-15,"Prior boundary evidence retained; dense decode 273/273, tail jmp"
0x00424EB0,0x00424EB2,reviewed,high,prior-target-boundary-review+target-boundary-audit-2026-09-15,"Prior boundary evidence retained; dense decode 3/3, tail ret"
0x00424EC0,0x00424EC2,reviewed,high,prior-target-boundary-review+target-boundary-audit-2026-09-15,"Prior boundary evidence retained; dense decode 3/3, tail ret"
0x00424ED0,0x00425014,reviewed,high,prior-target-boundary-review+target-boundary-audit-2026-09-15,"Prior boundary evidence retained; dense decode 325/325, tail ret"
0x00425020,0x00425064,reviewed,high,prior-target-boundary-review+target-boundary-audit-2026-09-15,"Prior boundary evidence retained; dense decode 69/69, tail ret"
0x00425070,0x00425088,reviewed,high,prior-target-boundary-review+target-boundary-audit-2026-09-15,"Prior boundary evidence retained; dense decode 24/25, tail mov"
0x00425090,0x004250A1,reviewed,high,prior-target-boundary-review+target-boundary-audit-2026-09-15,"Prior boundary evidence retained; dense decode 18/18, tail ret"
0x004250B0,0x004256E6,reviewed,high,prior-target-boundary-review+target-boundary-audit-2026-09-15,"Prior boundary evidence retained; dense decode 1591/1591, tail ret"
0x00425730,0x00426340,reviewed,high,prior-target-boundary-review+target-boundary-audit-2026-09-15,"Prior boundary evidence retained; dense decode 3089/3089, tail ret"
0x00426360,0x004264F8,reviewed,high,prior-target-boundary-review+target-boundary-audit-2026-09-15,"Prior boundary evidence retained; dense decode 409/409, tail ret"
0x00426500,0x00426506,reviewed,high,prior-target-boundary-review+target-boundary-audit-2026-09-15,"Prior boundary evidence retained; dense decode 7/7, tail ret"
0x00426510,0x00426516,reviewed,high,prior-target-boundary-review+target-boundary-audit-2026-09-15,"Prior boundary evidence retained; dense decode 7/7, tail jmp"
0x00426520,0x00426604,reviewed,high,target-boundary-audit-2026-09-15,Complete dense decode ends in ret; direct-code-refs=1; no overlap or external interior branch
0x00426610,0x00426652,reviewed,high,target-boundary-audit-2026-09-15,Complete dense decode ends in ret; direct-code-refs=1; no overlap or external interior branch
0x00426660,0x004266A2,reviewed,high,target-boundary-audit-2026-09-15,Complete dense decode ends in ret; direct-code-refs=6; no overlap or external interior branch
0x004266B0,0x004267EB,reviewed,high,target-boundary-audit-2026-09-15,Complete dense decode ends in ret; direct-code-refs=2; no overlap or external interior branch
0x004267F0,0x004269C6,reviewed,high,target-boundary-audit-2026-09-15,Complete dense decode ends in ret; direct-code-refs=2; no overlap or external interior branch
0x004269D0,0x00426CEB,reviewed,high,target-boundary-audit-2026-09-15,Complete dense decode ends in ret; direct-code-refs=1; no overlap or external interior branch
0x00426CF0,0x00426F62,reviewed,high,target-boundary-audit-2026-09-15,Complete dense decode ends in ret; direct-code-refs=2; no overlap or external interior branch
0x00426F70,0x0042792D,reviewed,high,prior-target-boundary-review+target-boundary-audit-2026-09-15,"Prior boundary evidence retained; dense decode 2494/2494, tail ret"
0x00427950,0x0042795B,reviewed,high,prior-target-boundary-review+target-boundary-audit-2026-09-15,"Prior boundary evidence retained; dense decode 12/12, tail ret"
0x00427960,0x00427AC6,reviewed,high,prior-target-boundary-review+target-boundary-audit-2026-09-15,"Prior boundary evidence retained; dense decode 359/359, tail ret"
0x00427AD0,0x00427ADB,reviewed,high,prior-target-boundary-review+target-boundary-audit-2026-09-15,"Prior boundary evidence retained; dense decode 12/12, tail ret"
0x00427AE0,0x00427B42,reviewed,high,prior-target-boundary-review+target-boundary-audit-2026-09-15,"Prior boundary evidence retained; dense decode 99/99, tail ret"
0x00427B50,0x00427C04,reviewed,high,target-boundary-audit-2026-09-15,Complete dense decode ends in ret; direct-code-refs=2; no overlap or external interior branch
0x00427C50,0x00427C64,reviewed,high,target-boundary-audit-2026-09-15,Complete dense decode ends in ret; direct-code-refs=2; no overlap or external interior branch
0x00427C70,0x00427C8C,reviewed,high,target-boundary-audit-2026-09-15,Complete dense decode ends in ret; direct-code-refs=2; no overlap or external interior branch
0x00427D80,0x00427D94,provisional,medium,target-boundary-audit-2026-09-15,"Complete dense decode ends in ret, but no independent entry reference was found"
0x00427E90,0x0042815C,reviewed,high,target-boundary-audit-2026-09-15,Complete dense decode ends in ret; direct-code-refs=1; no overlap or external interior branch
0x00428160,0x004281C8,reviewed,high,target-boundary-audit-2026-09-15,Complete dense decode ends in ret; direct-code-refs=1; no overlap or external interior branch
0x004281D0,0x0042827D,reviewed,high,target-boundary-audit-2026-09-15,Complete dense decode ends in ret; direct-code-refs=1; no overlap or external interior branch
0x00428280,0x004285EB,reviewed,high,prior-target-boundary-review+target-boundary-audit-2026-09-15,"Prior boundary evidence retained; dense decode 876/876, tail ret"
0x004285F0,0x00428626,provisional,medium,target-boundary-audit-2026-09-15,"Complete dense decode ends in ret, but no independent entry reference was found"
0x00428630,0x00428AC1,reviewed,high,prior-target-boundary-review+target-boundary-audit-2026-09-15,"Prior boundary evidence retained; dense decode 1170/1170, tail ret"
0x00428AD0,0x00428B04,reviewed,high,prior-target-boundary-review+target-boundary-audit-2026-09-15,"Prior boundary evidence retained; dense decode 53/53, tail ret"
0x00428B10,0x00428C19,reviewed,high,prior-target-boundary-review+target-boundary-audit-2026-09-15,"Prior boundary evidence retained; dense decode 266/266, tail ret"
0x00428C20,0x00428C9C,reviewed,high,target-boundary-audit-2026-09-15,Complete dense decode ends in ret; aligned-data-refs=1; no overlap or external interior branch
0x00428D70,0x00428DCA,reviewed,high,target-boundary-audit-2026-09-15,Complete dense decode ends in ret; direct-code-refs=1; no overlap or external interior branch
0x00428DD0,0x00428DE3,reviewed,high,target-boundary-audit-2026-09-15,Complete dense decode ends in ret; direct-code-refs=1; no overlap or external interior branch
0x00428E10,0x00428E62,reviewed,high,target-boundary-audit-2026-09-15,Complete dense decode ends in ret; direct-code-refs=1; no overlap or external interior branch
0x00428F60,0x0042949F,reviewed,high,prior-target-boundary-review+target-boundary-audit-2026-09-15,"Prior boundary evidence retained; dense decode 1344/1344, tail ret"
0x004294A0,0x0042960E,reviewed,high,prior-target-boundary-review+target-boundary-audit-2026-09-15,"Prior boundary evidence retained; dense decode 367/367, tail ret"
0x00429610,0x004296C8,reviewed,high,prior-target-boundary-review+target-boundary-audit-2026-09-15,"Prior boundary evidence retained; dense decode 185/185, tail ret"
0x004296D0,0x004296E8,reviewed,high,prior-target-boundary-review+target-boundary-audit-2026-09-15,"Prior boundary evidence retained; dense decode 24/25, tail mov"
0x004296F0,0x004297A4,reviewed,high,prior-target-boundary-review+target-boundary-audit-2026-09-15,"Prior boundary evidence retained; dense decode 181/181, tail ret"
0x004297B0,0x004297C1,reviewed,high,prior-target-boundary-review+target-boundary-audit-2026-09-15,"Prior boundary evidence retained; dense decode 18/18, tail ret"
0x004297D0,0x00429A23,reviewed,high,prior-target-boundary-review+target-boundary-audit-2026-09-15,"Prior boundary evidence retained; dense decode 596/596, tail ret"
0x00429A30,0x00429A69,reviewed,high,prior-target-boundary-review+target-boundary-audit-2026-09-15,"Prior boundary evidence retained; dense decode 58/58, tail ret"
0x00429A70,0x00429B25,reviewed,high,prior-target-boundary-review+target-boundary-audit-2026-09-15,"Prior boundary evidence retained; dense decode 182/182, tail ret"
0x00429B30,0x00429B53,reviewed,high,prior-target-boundary-review+target-boundary-audit-2026-09-15,"Prior boundary evidence retained; dense decode 36/36, tail ret"
0x00429B60,0x0042A1F0,reviewed,high,prior-target-boundary-review+target-boundary-audit-2026-09-15,"Prior boundary evidence retained; dense decode 1681/1681, tail ret"
0x0042A200,0x0042A3C1,reviewed,high,prior-target-boundary-review+target-boundary-audit-2026-09-15,"Prior boundary evidence retained; dense decode 450/450, tail ret"
0x0042A3D0,0x0042A3D9,reviewed,high,prior-target-boundary-review+target-boundary-audit-2026-09-15,"Prior boundary evidence retained; dense decode 10/10, tail ret"
0x0042A3E0,0x0042A423,reviewed,high,prior-target-boundary-review+target-boundary-audit-2026-09-15,"Prior boundary evidence retained; dense decode 68/68, tail ret"
0x0042A430,0x0042A44B,reviewed,high,prior-target-boundary-review+target-boundary-audit-2026-09-15,"Prior boundary evidence retained; dense decode 28/28, tail jmp"
0x0042A450,0x0042A695,reviewed,high,prior-target-boundary-review+target-boundary-audit-2026-09-15,"Prior boundary evidence retained; dense decode 582/582, tail ret"
0x0042A6A0,0x0042A803,reviewed,high,target-boundary-audit-2026-09-15,Complete dense decode ends in ret; direct-code-refs=1; no overlap or external interior branch
0x0042A8A0,0x0042A8F4,reviewed,high,target-boundary-audit-2026-09-15,Complete dense decode ends in ret; direct-code-refs=1; no overlap or external interior branch
0x0042A930,0x0042A96A,reviewed,high,target-boundary-audit-2026-09-15,Complete dense decode ends in ret; direct-code-refs=1; no overlap or external interior branch
0x0042AA50,0x0042AADA,reviewed,high,target-boundary-audit-2026-09-15,Complete dense decode ends in ret; direct-code-refs=3; no overlap or external interior branch
0x0042AB20,0x0042AB7C,reviewed,high,target-boundary-audit-2026-09-15,Complete dense decode ends in ret; direct-code-refs=3; no overlap or external interior branch
0x0042ACB0,0x0042ADC1,reviewed,high,target-boundary-audit-2026-09-15,Complete dense decode ends in ret; direct-code-refs=1; no overlap or external interior branch
0x0042ADD0,0x0042AE5D,reviewed,high,target-boundary-audit-2026-09-15,Complete dense decode ends in ret; direct-code-refs=1; no overlap or external interior branch
0x0042AE60,0x0042AEE3,reviewed,high,target-boundary-audit-2026-09-15,Complete dense decode ends in ret; direct-code-refs=1; no overlap or external interior branch
0x0042AF20,0x0042AF80,reviewed,high,target-boundary-audit-2026-09-15,Complete dense decode ends in ret; direct-code-refs=1; no overlap or external interior branch
0x0042B030,0x0042B1D6,reviewed,high,target-boundary-audit-2026-09-15,Complete dense decode ends in ret; direct-code-refs=1; no overlap or external interior branch
0x0042B1E0,0x0042B413,reviewed,high,target-boundary-audit-2026-09-15,Complete dense decode ends in ret; direct-code-refs=2; no overlap or external interior branch
0x0042B430,0x0042B4B5,reviewed,high,target-boundary-audit-2026-09-15,Complete dense decode ends in ret; direct-code-refs=1; no overlap or external interior branch
0x0042B4D0,0x0042B560,reviewed,high,target-boundary-audit-2026-09-15,Complete dense decode ends in ret; direct-code-refs=1; no overlap or external interior branch
0x0042B570,0x0042B657,reviewed,high,target-boundary-audit-2026-09-15,Complete dense decode ends in ret; direct-code-refs=2; no overlap or external interior branch
0x0042B660,0x0042B6A6,reviewed,high,target-boundary-audit-2026-09-15,Complete dense decode ends in ret; direct-code-refs=1; no overlap or external interior branch
0x0042B6F0,0x0042B775,provisional,medium,target-boundary-audit-2026-09-15,"Complete dense decode ends in ret, but no independent entry reference was found"
0x0042B780,0x0042B99B,provisional,medium,target-boundary-audit-2026-09-15,"Complete dense decode ends in ret, but no independent entry reference was found"
0x0042B9C0,0x0042BA66,reviewed,high,target-boundary-audit-2026-09-15,Complete dense decode ends in jmp; direct-code-refs=8; no overlap or external interior branch
0x0042C360,0x0042C572,provisional,medium,target-boundary-audit-2026-09-15,"Complete dense decode ends in ret, but no independent entry reference was found"
0x0042C5C0,0x0042C612,reviewed,high,target-boundary-audit-2026-09-15,Complete dense decode ends in ret; direct-code-refs=31; no overlap or external interior branch
0x0042C620,0x0042C66F,reviewed,high,target-boundary-audit-2026-09-15,Complete dense decode ends in ret; direct-code-refs=48; no overlap or external interior branch
0x0042C670,0x0042C6CE,reviewed,high,target-boundary-audit-2026-09-15,Complete dense decode ends in ret; direct-code-refs=44; no overlap or external interior branch
0x0042C6D0,0x0042C722,reviewed,high,target-boundary-audit-2026-09-15,Complete dense decode ends in ret; direct-code-refs=47; no overlap or external interior branch
0x0042C730,0x0042C74A,reviewed,high,target-boundary-audit-2026-09-15,Complete dense decode ends in ret; direct-code-refs=2; no overlap or external interior branch
0x0042C750,0x0042C76A,reviewed,high,target-boundary-audit-2026-09-15,Complete dense decode ends in ret; direct-code-refs=7; no overlap or external interior branch
0x0042C770,0x0042C7B0,reviewed,high,target-boundary-audit-2026-09-15,Complete dense decode ends in ret; direct-code-refs=36; no overlap or external interior branch
0x0042C850,0x0042C894,reviewed,high,target-boundary-audit-2026-09-15,Complete dense decode ends in ret; direct-code-refs=1; no overlap or external interior branch
0x0042C8C0,0x0042C91C,reviewed,high,target-boundary-audit-2026-09-15,Complete dense decode ends in ret; direct-code-refs=1; no overlap or external interior branch
0x0042C920,0x0042C9EB,reviewed,high,target-boundary-audit-2026-09-15,Complete dense decode ends in ret; direct-code-refs=1; no overlap or external interior branch
0x0042CAA0,0x0042CB5F,provisional,medium,target-boundary-audit-2026-09-15,"Complete dense decode ends in ret, but no independent entry reference was found"
0x0042CB60,0x0042CD4A,reviewed,high,target-boundary-audit-2026-09-15,Complete dense decode ends in ret; direct-code-refs=2; no overlap or external interior branch
0x0042CD50,0x0042CDAF,reviewed,high,target-boundary-audit-2026-09-15,Complete dense decode ends in ret; direct-code-refs=1; no overlap or external interior branch
0x0042CDB0,0x0042CDC1,reviewed,high,target-boundary-audit-2026-09-15,Complete dense decode ends in ret; direct-code-refs=2; no overlap or external interior branch
0x0042CDF0,0x0042D257,reviewed,high,prior-target-boundary-review+target-boundary-audit-2026-09-15,Prior boundary evidence retained; dense decode 1112/1128; owned indirect control table at 0x0042D214
0x0042D260,0x0042D2D3,reviewed,high,prior-target-boundary-review+target-boundary-audit-2026-09-15,Prior boundary evidence retained; dense decode 111/116; owned indirect control table at 0x0042D2B4
0x0042D2E0,0x0042D2E6,reviewed,high,prior-target-boundary-review+target-boundary-audit-2026-09-15,"Prior boundary evidence retained; dense decode 7/7, tail jmp"
0x0042D2F0,0x0042D2F6,reviewed,high,prior-target-boundary-review+target-boundary-audit-2026-09-15,"Prior boundary evidence retained; dense decode 7/7, tail jmp"
0x0042D300,0x0042D40B,reviewed,high,target-boundary-audit-2026-09-15,Complete dense decode ends in ret; direct-code-refs=1; no overlap or external interior branch
0x0042D420,0x0042D8CA,reviewed,high,target-boundary-audit-2026-09-15,Complete dense decode ends in ret; direct-code-refs=1; no overlap or external interior branch
0x0042D920,0x0042E593,reviewed,high,prior-target-boundary-review+target-boundary-audit-2026-09-15,Prior boundary evidence retained; dense decode 3187/3188; owned indirect control table at 0x0042E580
0x0042E5A0,0x0042F53E,reviewed,high,prior-target-boundary-review+target-boundary-audit-2026-09-15,"Prior boundary evidence retained; dense decode 3999/3999, tail jmp"
0x0042F540,0x0042F8AF,reviewed,high,prior-target-boundary-review+target-boundary-audit-2026-09-15,Prior boundary evidence retained; dense decode 879/880; owned indirect control table at 0x0042F89C
0x0042F8B0,0x00430243,reviewed,high,prior-target-boundary-review+target-boundary-audit-2026-09-15,"Prior boundary evidence retained; dense decode 2452/2452, tail ret"
0x00430250,0x00430317,reviewed,high,prior-target-boundary-review+target-boundary-audit-2026-09-15,"Prior boundary evidence retained; dense decode 200/200, tail ret"
0x00430320,0x00430697,reviewed,high,prior-target-boundary-review+target-boundary-audit-2026-09-15,Prior boundary evidence retained; dense decode 885/888; owned indirect control table at 0x00430684
0x004306A0,0x00430A5B,reviewed,high,prior-target-boundary-review+target-boundary-audit-2026-09-15,Prior boundary evidence retained; dense decode 956/956; owned indirect control table at 0x00430A48
0x00430A60,0x00430FEF,reviewed,high,prior-target-boundary-review+target-boundary-audit-2026-09-15,Prior boundary evidence retained; dense decode 1419/1424; owned indirect control table at 0x00430FDC
0x00430FF0,0x0043140B,reviewed,high,prior-target-boundary-review+target-boundary-audit-2026-09-15,Prior boundary evidence retained; dense decode 1051/1052; owned indirect control table at 0x004313F8
0x00431410,0x004315B2,reviewed,high,prior-target-boundary-review+target-boundary-audit-2026-09-15,"Prior boundary evidence retained; dense decode 419/419, tail ret"
0x004315C0,0x00431B93,reviewed,high,prior-target-boundary-review+target-boundary-audit-2026-09-15,Prior boundary evidence retained; dense decode 1492/1492; owned indirect control table at 0x00431B7C
0x00431BA0,0x00431ED8,reviewed,high,prior-target-boundary-review+target-boundary-audit-2026-09-15,"Prior boundary evidence retained; dense decode 825/825, tail ret"
0x00431EE0,0x0043268F,reviewed,high,prior-target-boundary-review+target-boundary-audit-2026-09-15,Prior boundary evidence retained; dense decode 1964/1968; owned indirect control table at 0x00432680
0x00432690,0x004329E1,reviewed,high,prior-target-boundary-review+target-boundary-audit-2026-09-15,"Prior boundary evidence retained; dense decode 850/850, tail ret"
0x004329F0,0x00432CA0,reviewed,high,prior-target-boundary-review+target-boundary-audit-2026-09-15,"Prior boundary evidence retained; dense decode 689/689, tail ret"
0x00432CB0,0x00433215,reviewed,high,target-boundary-audit-2026-09-15,Complete dense decode ends in ret; direct-code-refs=1; no overlap or external interior branch
0x00433230,0x00433569,reviewed,high,target-boundary-audit-2026-09-15,Complete dense decode ends in ret; direct-code-refs=1; no overlap or external interior branch
0x00433570,0x00433B0F,reviewed,high,target-boundary-audit-2026-09-15,Complete dense decode ends in ret; direct-code-refs=1; no overlap or external interior branch
0x00433B30,0x00433EEA,reviewed,high,target-boundary-audit-2026-09-15,Complete dense decode ends in ret; direct-code-refs=1; no overlap or external interior branch
0x00433EF0,0x004349C9,reviewed,high,target-boundary-audit-2026-09-15,Complete dense decode ends in ret; direct-code-refs=1; no overlap or external interior branch
0x004349E0,0x00434A1A,reviewed,high,target-boundary-audit-2026-09-15,Complete dense decode ends in ret; direct-code-refs=1; no overlap or external interior branch
0x00434A20,0x00434A7B,reviewed,high,target-boundary-audit-2026-09-15,Complete dense decode ends in ret; direct-code-refs=3; no overlap or external interior branch
0x00434A80,0x00434B4D,reviewed,high,target-boundary-audit-2026-09-15,Complete dense decode ends in ret; direct-code-refs=2; no overlap or external interior branch
0x00434C10,0x00434C1F,reviewed,high,prior-target-boundary-review+target-boundary-audit-2026-09-15,"Prior boundary evidence retained; dense decode 16/16, tail ret"
0x00434C20,0x00434C29,reviewed,high,prior-target-boundary-review+target-boundary-audit-2026-09-15,"Prior boundary evidence retained; dense decode 10/10, tail ret"
0x00434C30,0x00434C9B,reviewed,high,prior-target-boundary-review+target-boundary-audit-2026-09-15,"Prior boundary evidence retained; dense decode 108/108, tail ret"
0x00434CA0,0x00434D03,reviewed,high,prior-target-boundary-review+target-boundary-audit-2026-09-15,"Prior boundary evidence retained; dense decode 100/100, tail ret"
0x00434D10,0x00434D65,reviewed,high,prior-target-boundary-review+target-boundary-audit-2026-09-15,"Prior boundary evidence retained; dense decode 86/86, tail ret"
0x00434D70,0x00434DCC,reviewed,high,prior-target-boundary-review+target-boundary-audit-2026-09-15,"Prior boundary evidence retained; dense decode 93/93, tail ret"
0x00434DD0,0x00434EE8,reviewed,high,prior-target-boundary-review+target-boundary-audit-2026-09-15,"Prior boundary evidence retained; dense decode 281/281, tail ret"
0x00434EF0,0x00434F22,reviewed,high,prior-target-boundary-review+target-boundary-audit-2026-09-15,"Prior boundary evidence retained; dense decode 51/51, tail ret"
0x00434F30,0x00434F64,reviewed,high,prior-target-boundary-review+target-boundary-audit-2026-09-15,"Prior boundary evidence retained; dense decode 53/53, tail ret"
0x00434F70,0x004350CD,reviewed,high,target-boundary-audit-2026-09-15,Complete dense decode ends in ret; direct-code-refs=2; no overlap or external interior branch
0x004350D0,0x00435216,reviewed,high,target-boundary-audit-2026-09-15,Complete dense decode ends in ret; direct-code-refs=1; no overlap or external interior branch
0x00435220,0x0043524E,reviewed,high,prior-target-boundary-review+target-boundary-audit-2026-09-15,"Prior boundary evidence retained; dense decode 47/47, tail ret"
0x00435250,0x00435269,reviewed,high,prior-target-boundary-review+target-boundary-audit-2026-09-15,"Prior boundary evidence retained; dense decode 26/26, tail ret"
0x00435270,0x0043527B,reviewed,high,prior-target-boundary-review+target-boundary-audit-2026-09-15,"Prior boundary evidence retained; dense decode 12/12, tail ret"
0x00435280,0x004352B2,reviewed,high,prior-target-boundary-review+target-boundary-audit-2026-09-15,"Prior boundary evidence retained; dense decode 51/51, tail ret"
0x004352C0,0x004352C8,reviewed,high,prior-target-boundary-review+target-boundary-audit-2026-09-15,"Prior boundary evidence retained; dense decode 9/9, tail ret"
0x00435300,0x00435314,reviewed,high,prior-target-boundary-review+target-boundary-audit-2026-09-15,"Prior boundary evidence retained; dense decode 21/21, tail ret"
0x00435320,0x0043533D,reviewed,high,target-boundary-audit-2026-09-15,Complete dense decode ends in ret; aligned-data-refs=1; no overlap or external interior branch
0x00435340,0x0043536D,reviewed,high,prior-target-boundary-review+target-boundary-audit-2026-09-15,"Prior boundary evidence retained; dense decode 46/46, tail ret"
0x00435370,0x0043545E,reviewed,high,prior-target-boundary-review+target-boundary-audit-2026-09-15,"Prior boundary evidence retained; dense decode 239/239, tail ret"
0x00435460,0x00435481,reviewed,high,prior-target-boundary-review+target-boundary-audit-2026-09-15,"Prior boundary evidence retained; dense decode 34/34, tail ret"
0x00435490,0x004354C8,reviewed,high,prior-target-boundary-review+target-boundary-audit-2026-09-15,"Prior boundary evidence retained; dense decode 57/57, tail ret"
0x004354D0,0x0043550E,reviewed,high,target-boundary-audit-2026-09-15,Complete dense decode ends in ret; aligned-data-refs=1; no overlap or external interior branch
0x00435510,0x00435528,reviewed,high,prior-target-boundary-review+target-boundary-audit-2026-09-15,"Prior boundary evidence retained; dense decode 25/25, tail ret"
0x00435530,0x00435544,reviewed,high,prior-target-boundary-review+target-boundary-audit-2026-09-15,"Prior boundary evidence retained; dense decode 21/21, tail ret"
0x00435550,0x00435574,reviewed,high,prior-target-boundary-review+target-boundary-audit-2026-09-15,"Prior boundary evidence retained; dense decode 37/37, tail ret"
0x00435580,0x00435608,reviewed,high,prior-target-boundary-review+target-boundary-audit-2026-09-15,"Prior boundary evidence retained; dense decode 137/137, tail ret"
0x00435610,0x00435688,reviewed,high,prior-target-boundary-review+target-boundary-audit-2026-09-15,"Prior boundary evidence retained; dense decode 121/121, tail ret"
0x00435690,0x00435696,reviewed,high,prior-target-boundary-review+target-boundary-audit-2026-09-15,"Prior boundary evidence retained; dense decode 7/7, tail ret"
0x004356A0,0x004356BE,reviewed,high,target-boundary-audit-2026-09-15,Complete dense decode ends in ret; aligned-data-refs=1; no overlap or external interior branch
0x004356C0,0x004356C6,reviewed,high,prior-target-boundary-review+target-boundary-audit-2026-09-15,"Prior boundary evidence retained; dense decode 7/7, tail ret"
0x004356D0,0x004356E3,reviewed,high,prior-target-boundary-review+target-boundary-audit-2026-09-15,"Prior boundary evidence retained; dense decode 20/20, tail ret"
0x004356F0,0x004357C3,reviewed,high,target-boundary-audit-2026-09-15,Complete dense decode ends in jmp; direct-code-refs=2; no overlap or external interior branch
0x004357D0,0x004357F3,reviewed,high,prior-target-boundary-review+target-boundary-audit-2026-09-15,"Prior boundary evidence retained; dense decode 36/36, tail ret"
0x00435800,0x004358D5,reviewed,high,target-boundary-audit-2026-09-15,Complete dense decode ends in ret; direct-code-refs=1; no overlap or external interior branch
0x004358E0,0x0043599D,reviewed,high,target-boundary-audit-2026-09-15,Complete dense decode ends in ret; direct-code-refs=1; no overlap or external interior branch
0x004359B0,0x00435DB4,reviewed,high,prior-target-boundary-review+target-boundary-audit-2026-09-15,"Prior boundary evidence retained; dense decode 1029/1029, tail ret"
0x00435DC0,0x00435F9A,reviewed,high,prior-target-boundary-review+target-boundary-audit-2026-09-15,"Prior boundary evidence retained; dense decode 475/475, tail ret"
0x00435FA0,0x00435FC3,reviewed,high,prior-target-boundary-review+target-boundary-audit-2026-09-15,"Prior boundary evidence retained; dense decode 36/36, tail ret"
0x00435FD0,0x00435FF9,reviewed,high,prior-target-boundary-review+target-boundary-audit-2026-09-15,"Prior boundary evidence retained; dense decode 42/42, tail ret"
0x00436000,0x00436203,reviewed,high,target-boundary-audit-2026-09-15,Complete dense decode ends in ret; direct-code-refs=1; no overlap or external interior branch
0x00436210,0x0043625F,reviewed,high,target-boundary-audit-2026-09-15,Complete dense decode ends in jmp; direct-code-refs=1; no overlap or external interior branch
0x00436260,0x004362AE,reviewed,high,prior-target-boundary-review+target-boundary-audit-2026-09-15,"Prior boundary evidence retained; dense decode 79/79, tail ret"
0x004362B0,0x00436324,reviewed,high,prior-target-boundary-review+target-boundary-audit-2026-09-15,"Prior boundary evidence retained; dense decode 117/117, tail ret"
0x00436330,0x00436360,reviewed,high,prior-target-boundary-review+target-boundary-audit-2026-09-15,"Prior boundary evidence retained; dense decode 49/49, tail ret"
0x00436370,0x00436374,reviewed,high,prior-target-boundary-review+target-boundary-audit-2026-09-15,"Prior boundary evidence retained; dense decode 5/5, tail ret"
0x00436380,0x00436391,reviewed,high,prior-target-boundary-review+target-boundary-audit-2026-09-15,"Prior boundary evidence retained; dense decode 18/18, tail ret"
0x004363A0,0x004363BD,reviewed,high,target-boundary-audit-2026-09-15,Complete dense decode ends in ret; aligned-data-refs=1; no overlap or external interior branch
0x004363C0,0x004363F0,reviewed,high,prior-target-boundary-review+target-boundary-audit-2026-09-15,"Prior boundary evidence retained; dense decode 49/49, tail ret"
0x00436400,0x0043642D,reviewed,high,target-boundary-audit-2026-09-15,Complete dense decode ends in ret; aligned-data-refs=1; no overlap or external interior branch
0x00436430,0x00436454,reviewed,high,prior-target-boundary-review+target-boundary-audit-2026-09-15,"Prior boundary evidence retained; dense decode 37/37, tail ret"
0x00436460,0x004364CB,reviewed,high,prior-target-boundary-review+target-boundary-audit-2026-09-15,"Prior boundary evidence retained; dense decode 108/108, tail ret"
0x004364D0,0x004364D6,reviewed,high,prior-target-boundary-review+target-boundary-audit-2026-09-15,"Prior boundary evidence retained; dense decode 7/7, tail ret"
0x004364E0,0x004364E3,reviewed,high,prior-target-boundary-review+target-boundary-audit-2026-09-15,"Prior boundary evidence retained; dense decode 4/4, tail ret"
0x004364F0,0x0043655A,reviewed,high,target-boundary-audit-2026-09-15,Complete dense decode ends in ret; aligned-data-refs=2; no overlap or external interior branch
0x00436570,0x00436638,provisional,medium,target-boundary-audit-2026-09-15,"Complete dense decode ends in ret, but no independent entry reference was found"
0x00436640,0x00436651,reviewed,high,prior-target-boundary-review+target-boundary-audit-2026-09-15,"Prior boundary evidence retained; dense decode 18/18, tail ret"
0x00436660,0x0043667D,reviewed,high,target-boundary-audit-2026-09-15,Complete dense decode ends in ret; aligned-data-refs=1; no overlap or external interior branch
0x00436680,0x004366B0,reviewed,high,target-boundary-audit-2026-09-15,Complete dense decode ends in ret; direct-code-refs=1; no overlap or external interior branch
0x004366C0,0x00436767,reviewed,high,target-boundary-audit-2026-09-15,Complete dense decode ends in ret; aligned-data-refs=1; no overlap or external interior branch
0x00436A30,0x00436A9A,reviewed,high,target-boundary-audit-2026-09-15,Complete dense decode ends in ret; direct-code-refs=2; no overlap or external interior branch
0x00436AF0,0x00436C94,reviewed,high,target-boundary-audit-2026-09-15,Complete dense decode ends in ret; direct-code-refs=2; no overlap or external interior branch
0x00436CA0,0x00436CE7,reviewed,high,target-boundary-audit-2026-09-15,Complete dense decode ends in ret; direct-code-refs=1; no overlap or external interior branch
0x00436DA0,0x00437151,reviewed,high,target-boundary-audit-2026-09-15,Complete dense decode ends in ret; direct-code-refs=2; no overlap or external interior branch
0x00437160,0x004371FC,reviewed,high,target-boundary-audit-2026-09-15,Complete dense decode ends in ret; direct-code-refs=4; no overlap or external interior branch
0x00437750,0x004379D4,provisional,medium,target-boundary-audit-2026-09-15,"Complete dense decode ends in ret, but no independent entry reference was found"
0x00437A00,0x00437D0C,provisional,medium,target-boundary-audit-2026-09-15,"Complete dense decode ends in ret, but no independent entry reference was found"
0x00437D10,0x00437DA4,reviewed,high,target-boundary-audit-2026-09-15,Complete dense decode ends in ret; direct-code-refs=1; no overlap or external interior branch
0x00437DB0,0x00437FD9,reviewed,high,target-boundary-audit-2026-09-15,Complete dense decode ends in ret; direct-code-refs=1; no overlap or external interior branch
0x00437FE0,0x004381DC,reviewed,high,target-boundary-audit-2026-09-15,Complete dense decode ends in ret; direct-code-refs=1; no overlap or external interior branch
0x004381F0,0x00438215,reviewed,high,target-boundary-audit-2026-09-15,Complete dense decode ends in ret; direct-code-refs=3; no overlap or external interior branch
0x00438260,0x00438342,reviewed,high,target-boundary-audit-2026-09-15,Complete dense decode ends in ret; direct-code-refs=2; no overlap or external interior branch
0x00438350,0x00438374,reviewed,high,target-boundary-audit-2026-09-15,Complete dense decode ends in ret; direct-code-refs=1; no overlap or external interior branch
0x00438380,0x004383D2,reviewed,high,target-boundary-audit-2026-09-15,Complete dense decode ends in ret; direct-code-refs=1; no overlap or external interior branch
0x00438420,0x00438509,reviewed,high,target-boundary-audit-2026-09-15,Complete dense decode ends in ret; direct-code-refs=1; no overlap or external interior branch
0x00438510,0x00438584,reviewed,high,target-boundary-audit-2026-09-15,Complete dense decode ends in ret; direct-code-refs=2; no overlap or external interior branch
0x00438590,0x004385AE,reviewed,high,target-boundary-audit-2026-09-15,Complete dense decode ends in ret; direct-code-refs=2; no overlap or external interior branch
0x004386B0,0x00438722,reviewed,high,target-boundary-audit-2026-09-15,Complete dense decode ends in jmp; direct-code-refs=2; no overlap or external interior branch
0x00438723,0x00438742,reviewed,high,target-boundary-audit-2026-09-15,Complete dense decode ends in ret; aligned-data-refs=1; no overlap or external interior branch
0x0043874C,0x004387C1,reviewed,high,target-boundary-audit-2026-09-15,Complete dense decode ends in ret; direct-code-refs=1; no overlap or external interior branch
0x004387C2,0x004387F1,needs_review,low,target-boundary-audit-2026-09-15,tail=call; aligned-data-refs=1
0x00438880,0x004388E6,reviewed,high,target-boundary-audit-2026-09-15,Complete dense decode ends in ret; direct-code-refs=1; no overlap or external interior branch
0x00438A30,0x00438A5A,reviewed,high,prior-target-boundary-review+target-boundary-audit-2026-09-15,"Prior boundary evidence retained; dense decode 43/43, tail ret"
0x00438A60,0x00438ACE,reviewed,high,target-boundary-audit-2026-09-15,Complete dense decode ends in ret; direct-code-refs=1; no overlap or external interior branch
0x00438AD0,0x0043903C,reviewed,high,prior-target-boundary-review+target-boundary-audit-2026-09-15,"Prior boundary evidence retained; dense decode 1389/1389, tail ret"
0x004390E0,0x004391E8,reviewed,high,prior-target-boundary-review+target-boundary-audit-2026-09-15,"Prior boundary evidence retained; dense decode 265/265, tail ret"
0x004391F0,0x004392DB,reviewed,high,prior-target-boundary-review+target-boundary-audit-2026-09-15,"Prior boundary evidence retained; dense decode 236/236, tail ret"
0x004392E0,0x00439343,reviewed,high,prior-target-boundary-review+target-boundary-audit-2026-09-15,"Prior boundary evidence retained; dense decode 100/100, tail ret"
0x00439350,0x0043938D,reviewed,high,prior-target-boundary-review+target-boundary-audit-2026-09-15,"Prior boundary evidence retained; dense decode 62/62, tail ret"
0x00439390,0x00439538,reviewed,high,prior-target-boundary-review+target-boundary-audit-2026-09-15,"Prior boundary evidence retained; dense decode 425/425, tail ret"
0x00439540,0x00439659,reviewed,high,prior-target-boundary-review+target-boundary-audit-2026-09-15,"Prior boundary evidence retained; dense decode 282/282, tail ret"
0x00439660,0x004396F7,reviewed,high,prior-target-boundary-review+target-boundary-audit-2026-09-15,"Prior boundary evidence retained; dense decode 152/152, tail ret"
0x00439700,0x0043972C,reviewed,high,prior-target-boundary-review+target-boundary-audit-2026-09-15,"Prior boundary evidence retained; dense decode 45/45, tail ret"
0x00439730,0x00439884,reviewed,high,prior-target-boundary-review+target-boundary-audit-2026-09-15,"Prior boundary evidence retained; dense decode 341/341, tail ret"
0x00439890,0x00439D16,reviewed,high,prior-target-boundary-review+target-boundary-audit-2026-09-15,"Prior boundary evidence retained; dense decode 1159/1159, tail ret"
0x00439D20,0x00439FE5,reviewed,high,prior-target-boundary-review+target-boundary-audit-2026-09-15,"Prior boundary evidence retained; dense decode 710/710, tail ret"
0x00439FF0,0x0043A1A9,reviewed,high,prior-target-boundary-review+target-boundary-audit-2026-09-15,"Prior boundary evidence retained; dense decode 442/442, tail ret"
0x0043A1B0,0x0043A1B7,reviewed,high,prior-target-boundary-review+target-boundary-audit-2026-09-15,"Prior boundary evidence retained; dense decode 8/8, tail ret"
0x0043A1C0,0x0043A28E,reviewed,high,prior-target-boundary-review+target-boundary-audit-2026-09-15,"Prior boundary evidence retained; dense decode 207/207, tail ret"
0x0043A290,0x0043A39F,reviewed,high,prior-target-boundary-review+target-boundary-audit-2026-09-15,"Prior boundary evidence retained; dense decode 272/272, tail ret"
0x0043A3A0,0x0043A488,reviewed,high,prior-target-boundary-review+target-boundary-audit-2026-09-15,"Prior boundary evidence retained; dense decode 233/233, tail ret"
0x0043A730,0x0043A749,reviewed,high,target-boundary-audit-2026-09-15,Complete dense decode ends in ret; direct-code-refs=2; no overlap or external interior branch
0x0043A910,0x0043A9AB,reviewed,high,target-boundary-audit-2026-09-15,Complete dense decode ends in ret; direct-code-refs=1; no overlap or external interior branch
0x0043AA60,0x0043AACA,reviewed,high,target-boundary-audit-2026-09-15,Complete dense decode ends in ret; direct-code-refs=2; no overlap or external interior branch
0x0043AAD0,0x0043AC8F,provisional,medium,target-boundary-audit-2026-09-15,"Complete dense decode ends in ret, but no independent entry reference was found"
0x0043ACE0,0x0043AD63,reviewed,high,target-boundary-audit-2026-09-15,Complete dense decode ends in ret; direct-code-refs=1; no overlap or external interior branch
0x0043AE20,0x0043AEA0,reviewed,high,target-boundary-audit-2026-09-15,Complete dense decode ends in ret; direct-code-refs=2; no overlap or external interior branch
0x0043AEB0,0x0043AEFE,reviewed,high,target-boundary-audit-2026-09-15,Complete dense decode ends in ret; direct-code-refs=3; no overlap or external interior branch
0x0043AF30,0x0043B108,reviewed,high,target-boundary-audit-2026-09-15,Complete dense decode ends in ret; aligned-data-refs=1; no overlap or external interior branch
0x0043B110,0x0043B63A,reviewed,high,target-boundary-audit-2026-09-15,Complete dense decode ends in ret; direct-code-refs=1; no overlap or external interior branch
0x0043B7A0,0x0043B82B,reviewed,high,target-boundary-audit-2026-09-15,Complete dense decode ends in ret; direct-code-refs=1; no overlap or external interior branch
0x0043B8D0,0x0043BA86,provisional,medium,target-boundary-audit-2026-09-15,"Complete dense decode ends in ret, but no independent entry reference was found"
0x0043BC40,0x0043BCC6,reviewed,high,target-boundary-audit-2026-09-15,Complete dense decode ends in ret; direct-code-refs=1; no overlap or external interior branch
0x0043BCD0,0x0043BD3B,reviewed,high,target-boundary-audit-2026-09-15,Complete dense decode ends in ret; direct-code-refs=1; no overlap or external interior branch
0x0043BDA0,0x0043BF82,reviewed,high,target-boundary-audit-2026-09-15,Complete dense decode ends in ret; direct-code-refs=11; no overlap or external interior branch
0x0043BFA0,0x0043C194,provisional,medium,target-boundary-audit-2026-09-15,"Complete dense decode ends in ret, but no independent entry reference was found"
0x0043C1A0,0x0043C225,reviewed,high,target-boundary-audit-2026-09-15,Complete dense decode ends in ret; absolute-code-refs=1; no overlap or external interior branch
0x0043C2C0,0x0043C303,reviewed,high,target-boundary-audit-2026-09-15,Complete dense decode ends in ret; absolute-code-refs=1; no overlap or external interior branch
0x0043C410,0x0043C453,reviewed,high,target-boundary-audit-2026-09-15,Complete dense decode ends in ret; absolute-code-refs=1; no overlap or external interior branch
0x0043C500,0x0043C549,reviewed,high,target-boundary-audit-2026-09-15,Complete dense decode ends in ret; absolute-code-refs=1; no overlap or external interior branch
0x0043C870,0x0043C889,reviewed,high,target-boundary-audit-2026-09-15,Complete dense decode ends in ret; absolute-code-refs=1; no overlap or external interior branch
0x0043C8B0,0x0043C901,reviewed,high,target-boundary-audit-2026-09-15,Complete dense decode ends in ret; direct-code-refs=9; no overlap or external interior branch
0x0043C970,0x0043CAD4,reviewed,high,target-boundary-audit-2026-09-15,Complete dense decode ends in ret; direct-code-refs=1; no overlap or external interior branch
0x0043CB00,0x0043CB7E,reviewed,high,target-boundary-audit-2026-09-15,Complete dense decode ends in ret; direct-code-refs=1; no overlap or external interior branch
0x0043CB80,0x0043CBD7,reviewed,high,target-boundary-audit-2026-09-15,Complete dense decode ends in ret; direct-code-refs=1; no overlap or external interior branch
0x0043CC40,0x0043CCEE,reviewed,high,target-boundary-audit-2026-09-15,Complete dense decode ends in ret; direct-code-refs=2; no overlap or external interior branch
0x0043CD30,0x0043D041,provisional,medium,target-boundary-audit-2026-09-15,"Complete dense decode ends in ret, but no independent entry reference was found"
0x0043D080,0x0043D0EA,reviewed,high,prior-target-boundary-review+target-boundary-audit-2026-09-15,"Prior boundary evidence retained; dense decode 107/107, tail ret"
0x0043D0F0,0x0043D111,reviewed,high,prior-target-boundary-review+target-boundary-audit-2026-09-15,"Prior boundary evidence retained; dense decode 34/34, tail ret"
0x0043D120,0x0043D24C,reviewed,high,target-boundary-audit-2026-09-15,Complete dense decode ends in ret; direct-code-refs=1; no overlap or external interior branch
0x0043D250,0x0043D296,reviewed,high,target-boundary-audit-2026-09-15,Complete dense decode ends in ret; direct-code-refs=2; no overlap or external interior branch
0x0043D2A0,0x0043D382,reviewed,high,target-boundary-audit-2026-09-15,Complete dense decode ends in ret; direct-code-refs=3; no overlap or external interior branch
0x0043D390,0x0043D63B,reviewed,high,target-boundary-audit-2026-09-15,Complete dense decode ends in ret; direct-code-refs=1; no overlap or external interior branch
0x0043D690,0x0043D780,reviewed,high,target-boundary-audit-2026-09-15,Complete dense decode ends in ret; direct-code-refs=1; no overlap or external interior branch
0x0043D790,0x0043D7C6,reviewed,high,target-boundary-audit-2026-09-15,Complete dense decode ends in ret; direct-code-refs=1; no overlap or external interior branch
0x0043D7D0,0x0043D940,reviewed,high,target-boundary-audit-2026-09-15,Complete dense decode ends in ret; direct-code-refs=2; no overlap or external interior branch
0x0043D950,0x0043DA79,reviewed,high,target-boundary-audit-2026-09-15,Complete dense decode ends in ret; direct-code-refs=1; no overlap or external interior branch
0x0043DAB0,0x0043DB5F,reviewed,high,target-boundary-audit-2026-09-15,Complete dense decode ends in ret; direct-code-refs=3; no overlap or external interior branch
0x0043DB60,0x0043DC86,reviewed,high,target-boundary-audit-2026-09-15,Complete dense decode ends in ret; direct-code-refs=1; no overlap or external interior branch
0x0043DC90,0x0043DD0A,reviewed,high,target-boundary-audit-2026-09-15,Complete dense decode ends in ret; direct-code-refs=93; no overlap or external interior branch
0x0043DD10,0x0043DDA4,reviewed,high,target-boundary-audit-2026-09-15,Complete dense decode ends in ret; direct-code-refs=14; no overlap or external interior branch
0x0043DDF0,0x0043E37A,reviewed,high,target-boundary-audit-2026-09-15,Complete dense decode ends in ret; direct-code-refs=2; no overlap or external interior branch
0x0043E3A0,0x0043E45C,reviewed,high,target-boundary-audit-2026-09-15,Complete dense decode ends in ret; absolute-code-refs=2; no overlap or external interior branch
0x0043E460,0x0043E4C7,reviewed,high,target-boundary-audit-2026-09-15,Complete dense decode ends in ret; direct-code-refs=20; no overlap or external interior branch
0x0043E5A0,0x0043E703,reviewed,high,prior-target-boundary-review+target-boundary-audit-2026-09-15,"Prior boundary evidence retained; dense decode 356/356, tail ret"
0x0043E710,0x0043E7DA,reviewed,high,prior-target-boundary-review+target-boundary-audit-2026-09-15,"Prior boundary evidence retained; dense decode 203/203, tail ret"
0x0043E7E0,0x0043E8A1,reviewed,high,prior-target-boundary-review+target-boundary-audit-2026-09-15,"Prior boundary evidence retained; dense decode 194/194, tail ret"
0x0043E8B0,0x0043E9CE,reviewed,high,prior-target-boundary-review+target-boundary-audit-2026-09-15,"Prior boundary evidence retained; dense decode 287/287, tail ret"
0x0043EAC0,0x0043EC67,reviewed,high,prior-target-boundary-review+target-boundary-audit-2026-09-15,Prior boundary evidence retained; dense decode 423/424; owned indirect control table at 0x0043EC10
0x0043EC70,0x0043ECFF,reviewed,high,prior-target-boundary-review+target-boundary-audit-2026-09-15,Prior boundary evidence retained; dense decode 143/144; owned indirect control table at 0x0043ECD8; automated diagnostic: external-interior-branch
0x0043ED00,0x0043ED9B,reviewed,high,prior-target-boundary-review+target-boundary-audit-2026-09-15,Prior boundary evidence retained; dense decode 155/156; owned indirect control table at 0x0043ED6C
0x0043EDA0,0x0043EE23,reviewed,high,prior-target-boundary-review+target-boundary-audit-2026-09-15,Prior boundary evidence retained; dense decode 92/132; owned indirect control table at 0x0043EDFC
0x0043EE30,0x004413A2,reviewed,high,prior-target-boundary-review+target-boundary-audit-2026-09-15,"Prior boundary evidence retained; dense decode 9587/9587, tail ret"
0x00441600,0x00441933,reviewed,high,prior-target-boundary-review+target-boundary-audit-2026-09-15,"Prior boundary evidence retained; dense decode 820/820, tail ret"
0x00441950,0x00441AC1,reviewed,high,prior-target-boundary-review+target-boundary-audit-2026-09-15,"Prior boundary evidence retained; dense decode 370/370, tail jmp"
0x00441AD0,0x00441D5B,reviewed,high,prior-target-boundary-review+target-boundary-audit-2026-09-15,"Prior boundary evidence retained; dense decode 652/652, tail ret"
0x00441E50,0x00441E87,reviewed,high,prior-target-boundary-review+target-boundary-audit-2026-09-15,"Prior boundary evidence retained; dense decode 56/56, tail ret"
0x00441EF0,0x00441F0D,reviewed,high,target-boundary-audit-2026-09-15,Complete dense decode ends in ret; direct-code-refs=2; no overlap or external interior branch
0x00441F50,0x00441FC3,reviewed,high,prior-target-boundary-review+target-boundary-audit-2026-09-15,"Prior boundary evidence retained; dense decode 116/116, tail ret"
0x00442050,0x0044211F,reviewed,high,prior-target-boundary-review+target-boundary-audit-2026-09-15,"Prior boundary evidence retained; dense decode 208/208, tail ret"
0x00442220,0x004422EF,reviewed,high,prior-target-boundary-review+target-boundary-audit-2026-09-15,"Prior boundary evidence retained; dense decode 208/208, tail ret"
0x00442300,0x00442381,reviewed,high,prior-target-boundary-review+target-boundary-audit-2026-09-15,"Prior boundary evidence retained; dense decode 130/130, tail ret"
0x004423C0,0x004423D8,reviewed,high,prior-target-boundary-review+target-boundary-audit-2026-09-15,"Prior boundary evidence retained; dense decode 25/25, tail ret"
0x004423E0,0x00442597,reviewed,high,prior-target-boundary-review+target-boundary-audit-2026-09-15,"Prior boundary evidence retained; dense decode 440/440, tail ret"
0x004425A0,0x00442668,reviewed,high,prior-target-boundary-review+target-boundary-audit-2026-09-15,"Prior boundary evidence retained; dense decode 201/201, tail ret"
0x00442670,0x00442AC6,reviewed,high,prior-target-boundary-review+target-boundary-audit-2026-09-15,"Prior boundary evidence retained; dense decode 1111/1111, tail ret"
0x00442F30,0x00442F4C,reviewed,high,prior-target-boundary-review+target-boundary-audit-2026-09-15,"Prior boundary evidence retained; dense decode 29/29, tail ret"
0x00442F50,0x00442FD4,reviewed,high,prior-target-boundary-review+target-boundary-audit-2026-09-15,"Prior boundary evidence retained; dense decode 133/133, tail ret"
0x00442FE0,0x0044307C,reviewed,high,prior-target-boundary-review+target-boundary-audit-2026-09-15,"Prior boundary evidence retained; dense decode 157/157, tail ret"
0x00443080,0x00443282,reviewed,high,prior-target-boundary-review+target-boundary-audit-2026-09-15,"Prior boundary evidence retained; dense decode 515/515, tail ret"
0x00443290,0x00443475,reviewed,high,prior-target-boundary-review+target-boundary-audit-2026-09-15,"Prior boundary evidence retained; dense decode 486/486, tail ret"
0x00443680,0x004436B1,reviewed,high,prior-target-boundary-review+target-boundary-audit-2026-09-15,"Prior boundary evidence retained; dense decode 49/50, tail fstp"
0x004436C0,0x0044390E,reviewed,high,prior-target-boundary-review+target-boundary-audit-2026-09-15,"Prior boundary evidence retained; dense decode 591/591, tail ret"
0x00443910,0x00443B5E,reviewed,high,prior-target-boundary-review+target-boundary-audit-2026-09-15,"Prior boundary evidence retained; dense decode 591/591, tail ret"
0x00443B60,0x00443F76,reviewed,high,prior-target-boundary-review+target-boundary-audit-2026-09-15,"Prior boundary evidence retained; dense decode 1047/1047, tail ret"
0x00443F80,0x00443FA0,reviewed,high,prior-target-boundary-review+target-boundary-audit-2026-09-15,"Prior boundary evidence retained; dense decode 33/33, tail ret"
0x00443FB0,0x00444232,reviewed,high,prior-target-boundary-review+target-boundary-audit-2026-09-15,"Prior boundary evidence retained; dense decode 643/643, tail ret"
0x00444240,0x00444571,reviewed,high,prior-target-boundary-review+target-boundary-audit-2026-09-15,"Prior boundary evidence retained; dense decode 818/818, tail ret"
0x00444580,0x004445BB,reviewed,high,prior-target-boundary-review+target-boundary-audit-2026-09-15,"Prior boundary evidence retained; dense decode 60/60, tail ret"
0x004445C0,0x00444751,reviewed,high,prior-target-boundary-review+target-boundary-audit-2026-09-15,"Prior boundary evidence retained; dense decode 402/402, tail ret"
0x00444760,0x00444B00,reviewed,high,prior-target-boundary-review+target-boundary-audit-2026-09-15,"Prior boundary evidence retained; dense decode 929/929, tail ret"
0x00444B10,0x00444BD8,reviewed,high,prior-target-boundary-review+target-boundary-audit-2026-09-15,"Prior boundary evidence retained; dense decode 201/201, tail ret"
0x00444BE0,0x00444CA8,reviewed,high,prior-target-boundary-review+target-boundary-audit-2026-09-15,"Prior boundary evidence retained; dense decode 201/201, tail ret"
0x00444CB0,0x00444CD1,reviewed,high,prior-target-boundary-review+target-boundary-audit-2026-09-15,"Prior boundary evidence retained; dense decode 34/34, tail ret"
0x00444CE0,0x00444DBF,reviewed,high,prior-target-boundary-review+target-boundary-audit-2026-09-15,"Prior boundary evidence retained; dense decode 224/224, tail ret"
0x00444DC0,0x00444E4E,reviewed,high,prior-target-boundary-review+target-boundary-audit-2026-09-15,"Prior boundary evidence retained; dense decode 142/143, tail pop"
0x00444E60,0x00444F98,reviewed,high,prior-target-boundary-review+target-boundary-audit-2026-09-15,"Prior boundary evidence retained; dense decode 312/313, tail pop"
0x00444FA0,0x004450D8,reviewed,high,prior-target-boundary-review+target-boundary-audit-2026-09-15,"Prior boundary evidence retained; dense decode 312/313, tail pop"
0x004450E0,0x004451B2,reviewed,high,prior-target-boundary-review+target-boundary-audit-2026-09-15,"Prior boundary evidence retained; dense decode 211/211, tail ret"
0x004451C0,0x00445297,reviewed,high,prior-target-boundary-review+target-boundary-audit-2026-09-15,Prior boundary evidence retained; dense decode 215/216; owned indirect control table at 0x00445270; automated diagnostic: remote-ghidra-body
0x004452E0,0x004452E9,reviewed,high,prior-target-boundary-review+target-boundary-audit-2026-09-15,"Prior boundary evidence retained; dense decode 10/10, tail ret"
0x004452F0,0x00445612,reviewed,high,prior-target-boundary-review+target-boundary-audit-2026-09-15,"Prior boundary evidence retained; dense decode 803/803, tail ret"
0x00445620,0x00445875,reviewed,high,prior-target-boundary-review+target-boundary-audit-2026-09-15,"Prior boundary evidence retained; dense decode 598/598, tail ret"
0x00445880,0x00445898,reviewed,high,prior-target-boundary-review+target-boundary-audit-2026-09-15,"Prior boundary evidence retained; dense decode 25/25, tail ret"
0x004458A0,0x004458A6,reviewed,high,prior-target-boundary-review+target-boundary-audit-2026-09-15,"Prior boundary evidence retained; dense decode 7/7, tail ret"
0x004458B0,0x004458CD,reviewed,high,prior-target-boundary-review+target-boundary-audit-2026-09-15,"Prior boundary evidence retained; dense decode 30/30, tail ret"
0x00445900,0x0044620A,reviewed,high,prior-target-boundary-review+target-boundary-audit-2026-09-15,"Prior boundary evidence retained; dense decode 2315/2315, tail ret"
0x00446220,0x004462ED,reviewed,high,prior-target-boundary-review+target-boundary-audit-2026-09-15,"Prior boundary evidence retained; dense decode 206/206, tail ret"
0x004462F0,0x004464C7,reviewed,high,prior-target-boundary-review+target-boundary-audit-2026-09-15,"Prior boundary evidence retained; dense decode 472/472, tail ret"
0x004465B0,0x00446B66,reviewed,high,prior-target-boundary-review+target-boundary-audit-2026-09-15,Prior boundary evidence retained; dense decode 1463/1463; owned indirect control table at 0x00446B3C
0x00446C70,0x00446D62,reviewed,high,prior-target-boundary-review+target-boundary-audit-2026-09-15,"Prior boundary evidence retained; dense decode 243/243, tail ret"
0x00446D70,0x00446EAF,reviewed,high,prior-target-boundary-review+target-boundary-audit-2026-09-15,"Prior boundary evidence retained; dense decode 320/320, tail ret"
0x00446EB0,0x00446F33,reviewed,high,prior-target-boundary-review+target-boundary-audit-2026-09-15,"Prior boundary evidence retained; dense decode 132/132, tail ret"
0x00446F40,0x00447047,reviewed,high,prior-target-boundary-review+target-boundary-audit-2026-09-15,"Prior boundary evidence retained; dense decode 264/264, tail ret"
0x00447050,0x00447078,reviewed,high,prior-target-boundary-review+target-boundary-audit-2026-09-15,"Prior boundary evidence retained; dense decode 41/41, tail ret"
0x00447080,0x004470B1,reviewed,high,prior-target-boundary-review+target-boundary-audit-2026-09-15,"Prior boundary evidence retained; dense decode 50/50, tail ret"
0x004470C0,0x00447270,reviewed,high,prior-target-boundary-review+target-boundary-audit-2026-09-15,"Prior boundary evidence retained; dense decode 433/433, tail ret"
0x00447280,0x004472D0,reviewed,high,prior-target-boundary-review+target-boundary-audit-2026-09-15,"Prior boundary evidence retained; dense decode 81/81, tail ret"
0x004472E0,0x004473B5,reviewed,high,prior-target-boundary-review+target-boundary-audit-2026-09-15,"Prior boundary evidence retained; dense decode 214/214, tail ret"
0x004473C0,0x0044746D,reviewed,high,prior-target-boundary-review+target-boundary-audit-2026-09-15,"Prior boundary evidence retained; dense decode 174/174, tail ret"
0x00447470,0x004476F9,reviewed,high,prior-target-boundary-review+target-boundary-audit-2026-09-15,"Prior boundary evidence retained; dense decode 650/650, tail ret"
0x00447700,0x00447786,reviewed,high,prior-target-boundary-review+target-boundary-audit-2026-09-15,"Prior boundary evidence retained; dense decode 135/135, tail ret"
0x004477D0,0x00447806,reviewed,high,prior-target-boundary-review+target-boundary-audit-2026-09-15,"Prior boundary evidence retained; dense decode 55/55, tail ret"
0x00447810,0x00447901,reviewed,high,prior-target-boundary-review+target-boundary-audit-2026-09-15,"Prior boundary evidence retained; dense decode 242/242, tail ret"
0x00447940,0x004479CE,reviewed,high,prior-target-boundary-review+target-boundary-audit-2026-09-15,"Prior boundary evidence retained; dense decode 143/143, tail ret"
0x004479D0,0x00447A4E,reviewed,high,prior-target-boundary-review+target-boundary-audit-2026-09-15,"Prior boundary evidence retained; dense decode 127/127, tail ret"
0x00447A50,0x00447ADC,reviewed,high,prior-target-boundary-review+target-boundary-audit-2026-09-15,"Prior boundary evidence retained; dense decode 141/141, tail ret"
0x00447AE0,0x00447BAB,reviewed,high,prior-target-boundary-review+target-boundary-audit-2026-09-15,"Prior boundary evidence retained; dense decode 204/204, tail ret"
0x00447BB0,0x00447C71,reviewed,high,prior-target-boundary-review+target-boundary-audit-2026-09-15,"Prior boundary evidence retained; dense decode 194/194, tail ret"
0x00447C80,0x00447EBD,reviewed,high,prior-target-boundary-review+target-boundary-audit-2026-09-15,"Prior boundary evidence retained; dense decode 573/574, tail add"
0x00447EC0,0x00447F68,reviewed,high,prior-target-boundary-review+target-boundary-audit-2026-09-15,"Prior boundary evidence retained; dense decode 169/169, tail ret"
0x00447F70,0x00447FC6,reviewed,high,prior-target-boundary-review+target-boundary-audit-2026-09-15,"Prior boundary evidence retained; dense decode 87/87, tail ret"
0x00447FD0,0x00448119,reviewed,high,prior-target-boundary-review+target-boundary-audit-2026-09-15,"Prior boundary evidence retained; dense decode 330/330, tail ret"
0x00448120,0x00448264,reviewed,high,prior-target-boundary-review+target-boundary-audit-2026-09-15,"Prior boundary evidence retained; dense decode 325/325, tail ret"
0x00448270,0x0044835F,reviewed,high,prior-target-boundary-review+target-boundary-audit-2026-09-15,"Prior boundary evidence retained; dense decode 240/240, tail ret"
0x00448360,0x00448440,reviewed,high,prior-target-boundary-review+target-boundary-audit-2026-09-15,"Prior boundary evidence retained; dense decode 224/225, tail pop"
0x00448450,0x004485CA,reviewed,high,prior-target-boundary-review+target-boundary-audit-2026-09-15,"Prior boundary evidence retained; dense decode 379/379, tail ret"
0x00448860,0x004488F4,reviewed,high,prior-target-boundary-review+target-boundary-audit-2026-09-15,"Prior boundary evidence retained; dense decode 149/149, tail ret"
0x00448900,0x0044897A,reviewed,high,prior-target-boundary-review+target-boundary-audit-2026-09-15,"Prior boundary evidence retained; dense decode 123/123, tail ret"
0x00448980,0x004489C2,reviewed,high,prior-target-boundary-review+target-boundary-audit-2026-09-15,"Prior boundary evidence retained; dense decode 67/67, tail ret"
0x004489D0,0x00448A45,reviewed,high,prior-target-boundary-review+target-boundary-audit-2026-09-15,"Prior boundary evidence retained; dense decode 118/118, tail ret"
0x00448A50,0x00448ABF,reviewed,high,prior-target-boundary-review+target-boundary-audit-2026-09-15,"Prior boundary evidence retained; dense decode 112/112, tail ret"
0x00448AC0,0x00448B35,reviewed,high,prior-target-boundary-review+target-boundary-audit-2026-09-15,"Prior boundary evidence retained; dense decode 118/118, tail ret"
0x00448B40,0x00448BAF,reviewed,high,prior-target-boundary-review+target-boundary-audit-2026-09-15,"Prior boundary evidence retained; dense decode 112/112, tail ret"
0x00448BB0,0x00448CBB,reviewed,high,prior-target-boundary-review+target-boundary-audit-2026-09-15,"Prior boundary evidence retained; dense decode 268/268, tail ret"
0x00448D00,0x00448D48,reviewed,high,prior-target-boundary-review+target-boundary-audit-2026-09-15,"Prior boundary evidence retained; dense decode 73/73, tail ret"
0x00448D50,0x00448DAE,reviewed,high,prior-target-boundary-review+target-boundary-audit-2026-09-15,"Prior boundary evidence retained; dense decode 95/95, tail ret"
0x00448DB0,0x00448E25,reviewed,high,prior-target-boundary-review+target-boundary-audit-2026-09-15,"Prior boundary evidence retained; dense decode 118/118, tail ret"
0x00448E30,0x00448E78,reviewed,high,prior-target-boundary-review+target-boundary-audit-2026-09-15,"Prior boundary evidence retained; dense decode 73/73, tail ret"
0x00448E80,0x00448EDE,reviewed,high,prior-target-boundary-review+target-boundary-audit-2026-09-15,"Prior boundary evidence retained; dense decode 95/95, tail ret"
0x00448EE0,0x00448F55,reviewed,high,prior-target-boundary-review+target-boundary-audit-2026-09-15,"Prior boundary evidence retained; dense decode 118/118, tail ret"
0x00448F60,0x00448FA8,reviewed,high,prior-target-boundary-review+target-boundary-audit-2026-09-15,"Prior boundary evidence retained; dense decode 73/73, tail ret"
0x00448FB0,0x0044900E,reviewed,high,prior-target-boundary-review+target-boundary-audit-2026-09-15,"Prior boundary evidence retained; dense decode 95/95, tail ret"
0x00449010,0x00449085,reviewed,high,prior-target-boundary-review+target-boundary-audit-2026-09-15,"Prior boundary evidence retained; dense decode 118/118, tail ret"
0x00449090,0x004490D8,reviewed,high,prior-target-boundary-review+target-boundary-audit-2026-09-15,"Prior boundary evidence retained; dense decode 73/73, tail ret"
0x004490E0,0x0044913E,reviewed,high,prior-target-boundary-review+target-boundary-audit-2026-09-15,"Prior boundary evidence retained; dense decode 95/95, tail ret"
0x00449140,0x004491B5,reviewed,high,prior-target-boundary-review+target-boundary-audit-2026-09-15,"Prior boundary evidence retained; dense decode 118/118, tail ret"
0x004491C0,0x00449208,reviewed,high,prior-target-boundary-review+target-boundary-audit-2026-09-15,"Prior boundary evidence retained; dense decode 73/73, tail ret"
0x00449210,0x00449245,reviewed,high,prior-target-boundary-review+target-boundary-audit-2026-09-15,"Prior boundary evidence retained; dense decode 54/54, tail ret"
0x00449250,0x0044929B,reviewed,high,prior-target-boundary-review+target-boundary-audit-2026-09-15,"Prior boundary evidence retained; dense decode 76/76, tail ret"
0x004492A0,0x004492E1,reviewed,high,prior-target-boundary-review+target-boundary-audit-2026-09-15,"Prior boundary evidence retained; dense decode 66/66, tail ret"
0x004492F0,0x00449349,reviewed,high,prior-target-boundary-review+target-boundary-audit-2026-09-15,"Prior boundary evidence retained; dense decode 90/90, tail ret"
0x00449350,0x004493BE,reviewed,high,prior-target-boundary-review+target-boundary-audit-2026-09-15,"Prior boundary evidence retained; dense decode 111/111, tail ret"
0x004493C0,0x004493DA,reviewed,high,prior-target-boundary-review+target-boundary-audit-2026-09-15,"Prior boundary evidence retained; dense decode 27/27, tail ret"
0x004493E0,0x0044943B,reviewed,high,prior-target-boundary-review+target-boundary-audit-2026-09-15,"Prior boundary evidence retained; dense decode 92/92, tail ret"
0x00449450,0x00449464,reviewed,high,prior-target-boundary-review+target-boundary-audit-2026-09-15,"Prior boundary evidence retained; dense decode 21/21, tail ret"
0x00449470,0x004494B0,reviewed,high,target-boundary-audit-2026-09-15,Complete dense decode ends in ret; direct-code-refs=26; no overlap or external interior branch
0x00449590,0x004495D2,reviewed,high,target-boundary-audit-2026-09-15,Complete dense decode ends in ret; direct-code-refs=5; no overlap or external interior branch
0x004495E0,0x00449622,reviewed,high,target-boundary-audit-2026-09-15,Complete dense decode ends in ret; direct-code-refs=9; no overlap or external interior branch
0x00449630,0x00449644,reviewed,high,target-boundary-audit-2026-09-15,Complete dense decode ends in ret; direct-code-refs=7; no overlap or external interior branch
0x00449670,0x00449693,reviewed,high,target-boundary-audit-2026-09-15,Complete dense decode ends in ret; direct-code-refs=20; no overlap or external interior branch
0x004496A0,0x004496C1,reviewed,high,target-boundary-audit-2026-09-15,Complete dense decode ends in ret; direct-code-refs=32; no overlap or external interior branch
0x004496D0,0x004496F3,reviewed,high,target-boundary-audit-2026-09-15,Complete dense decode ends in ret; direct-code-refs=3; no overlap or external interior branch
0x004497D0,0x00449815,reviewed,high,target-boundary-audit-2026-09-15,Complete dense decode ends in ret; direct-code-refs=52; no overlap or external interior branch
0x00449870,0x00449948,reviewed,high,prior-target-boundary-review+target-boundary-audit-2026-09-15,"Prior boundary evidence retained; dense decode 217/217, tail ret"
0x00449950,0x004499F0,reviewed,high,prior-target-boundary-review+target-boundary-audit-2026-09-15,"Prior boundary evidence retained; dense decode 161/161, tail ret"
0x00449A90,0x00449A9B,reviewed,high,target-boundary-audit-2026-09-15,Complete dense decode ends in ret; direct-code-refs=2; no overlap or external interior branch
0x00449AA0,0x00449ADA,reviewed,high,target-boundary-audit-2026-09-15,Complete dense decode ends in ret; direct-code-refs=1; no overlap or external interior branch
0x00449AE0,0x00449B62,reviewed,high,target-boundary-audit-2026-09-15,Complete dense decode ends in ret; direct-code-refs=26; no overlap or external interior branch
0x00449B70,0x00449BF2,reviewed,high,target-boundary-audit-2026-09-15,Complete dense decode ends in ret; direct-code-refs=46; no overlap or external interior branch
0x00449C00,0x00449D10,reviewed,high,target-boundary-audit-2026-09-15,Complete dense decode ends in ret; direct-code-refs=1; no overlap or external interior branch
0x00449D40,0x00449E30,reviewed,high,target-boundary-audit-2026-09-15,Complete dense decode ends in ret; direct-code-refs=1; no overlap or external interior branch
0x00449E50,0x00449EA1,reviewed,high,target-boundary-audit-2026-09-15,Complete dense decode ends in ret; direct-code-refs=2; no overlap or external interior branch
0x00449ED0,0x00449F19,reviewed,high,target-boundary-audit-2026-09-15,Complete dense decode ends in ret; direct-code-refs=41; no overlap or external interior branch
0x00449F60,0x00449FD1,reviewed,high,target-boundary-audit-2026-09-15,Complete dense decode ends in ret; direct-code-refs=48; no overlap or external interior branch
0x0044A000,0x0044A02A,reviewed,high,target-boundary-audit-2026-09-15,Complete dense decode ends in ret; direct-code-refs=6; no overlap or external interior branch
0x0044A030,0x0044A05A,reviewed,high,target-boundary-audit-2026-09-15,Complete dense decode ends in ret; direct-code-refs=5; no overlap or external interior branch
0x0044A0C0,0x0044A128,reviewed,high,target-boundary-audit-2026-09-15,Complete dense decode ends in ret; direct-code-refs=1; no overlap or external interior branch
0x0044A190,0x0044A4D0,reviewed,high,target-boundary-audit-2026-09-15,Complete dense decode ends in ret; direct-code-refs=1; no overlap or external interior branch
0x0044A4E0,0x0044A5E7,reviewed,high,target-boundary-audit-2026-09-15,Complete dense decode ends in ret; direct-code-refs=1; no overlap or external interior branch
0x0044A5F0,0x0044A941,reviewed,high,target-boundary-audit-2026-09-15,Complete dense decode ends in ret; direct-code-refs=1; no overlap or external interior branch
0x0044B010,0x0044B076,reviewed,high,target-boundary-audit-2026-09-15,Complete dense decode ends in ret; direct-code-refs=2; no overlap or external interior branch
0x0044B080,0x0044B0CA,reviewed,high,target-boundary-audit-2026-09-15,Complete dense decode ends in ret; direct-code-refs=1; no overlap or external interior branch
0x0044B0D0,0x0044B212,reviewed,high,target-boundary-audit-2026-09-15,Complete dense decode ends in ret; direct-code-refs=6; no overlap or external interior branch
0x0044B220,0x0044B352,reviewed,high,prior-target-boundary-review+target-boundary-audit-2026-09-15,"Prior boundary evidence retained; dense decode 307/307, tail ret"
0x0044B360,0x0044B4C7,reviewed,high,prior-target-boundary-review+target-boundary-audit-2026-09-15,"Prior boundary evidence retained; dense decode 360/360, tail ret"
0x0044B4D0,0x0044B53E,reviewed,high,prior-target-boundary-review+target-boundary-audit-2026-09-15,"Prior boundary evidence retained; dense decode 111/111, tail ret"
0x0044B540,0x0044B619,reviewed,high,target-boundary-audit-2026-09-15,Complete dense decode ends in ret; direct-code-refs=3; no overlap or external interior branch
0x0044B620,0x0044B6A8,reviewed,high,target-boundary-audit-2026-09-15,Complete dense decode ends in ret; direct-code-refs=3; no overlap or external interior branch
0x0044B6B0,0x0044B738,reviewed,high,prior-target-boundary-review+target-boundary-audit-2026-09-15,"Prior boundary evidence retained; dense decode 137/137, tail ret"
0x0044B740,0x0044B78B,reviewed,high,target-boundary-audit-2026-09-15,Complete dense decode ends in ret; direct-code-refs=9; no overlap or external interior branch
0x0044B790,0x0044B7D9,reviewed,high,prior-target-boundary-review+target-boundary-audit-2026-09-15,"Prior boundary evidence retained; dense decode 74/74, tail ret"
0x0044B7E0,0x0044B804,reviewed,high,prior-target-boundary-review+target-boundary-audit-2026-09-15,"Prior boundary evidence retained; dense decode 37/37, tail ret"
0x0044B810,0x0044B8D8,reviewed,high,target-boundary-audit-2026-09-15,Complete dense decode ends in ret; direct-code-refs=56; no overlap or external interior branch
0x0044B8E0,0x0044B9A8,reviewed,high,target-boundary-audit-2026-09-15,Complete dense decode ends in ret; direct-code-refs=16; no overlap or external interior branch
0x0044B9B0,0x0044B9D6,reviewed,high,prior-target-boundary-review+target-boundary-audit-2026-09-15,"Prior boundary evidence retained; dense decode 39/39, tail ret"
0x0044B9E0,0x0044BA2D,reviewed,high,prior-target-boundary-review+target-boundary-audit-2026-09-15,"Prior boundary evidence retained; dense decode 78/78, tail ret"
0x0044BA30,0x0044BA7D,reviewed,high,prior-target-boundary-review+target-boundary-audit-2026-09-15,"Prior boundary evidence retained; dense decode 78/78, tail ret"
0x0044BA80,0x0044BB1A,provisional,medium,target-boundary-audit-2026-09-15,"Complete dense decode ends in jmp, but no independent entry reference was found"
0x0044BB20,0x0044BB8C,reviewed,high,prior-target-boundary-review+target-boundary-audit-2026-09-15,"Prior boundary evidence retained; dense decode 109/109, tail ret"
0x0044BB90,0x0044BC02,reviewed,high,prior-target-boundary-review+target-boundary-audit-2026-09-15,"Prior boundary evidence retained; dense decode 115/115, tail ret"
0x0044BC10,0x0044BC6D,reviewed,high,prior-target-boundary-review+target-boundary-audit-2026-09-15,"Prior boundary evidence retained; dense decode 94/94, tail ret"
0x0044BC70,0x0044BCCD,reviewed,high,target-boundary-audit-2026-09-15,Complete dense decode ends in ret; direct-code-refs=19; no overlap or external interior branch
0x0044BD10,0x0044BE13,provisional,medium,target-boundary-audit-2026-09-15,"Complete dense decode ends in ret, but no independent entry reference was found"
0x0044BE20,0x0044BE61,reviewed,high,target-boundary-audit-2026-09-15,Complete dense decode ends in ret; direct-code-refs=17; no overlap or external interior branch
0x0044BE70,0x0044BE9E,reviewed,high,target-boundary-audit-2026-09-15,Complete dense decode ends in ret; direct-code-refs=14; no overlap or external interior branch
0x0044BEA0,0x0044BF1F,reviewed,high,target-boundary-audit-2026-09-15,Complete dense decode ends in ret; direct-code-refs=57; no overlap or external interior branch
0x0044BF40,0x0044BF97,reviewed,high,prior-target-boundary-review+target-boundary-audit-2026-09-15,"Prior boundary evidence retained; dense decode 88/88, tail ret"
0x0044C100,0x0044C123,reviewed,high,target-boundary-audit-2026-09-15,Complete dense decode ends in ret; aligned-data-refs=1; no overlap or external interior branch
0x0044C130,0x0044C13F,reviewed,high,target-boundary-audit-2026-09-15,Complete dense decode ends in ret; direct-code-refs=5; no overlap or external interior branch
0x0044C150,0x0044C1B4,reviewed,high,target-boundary-audit-2026-09-15,Complete dense decode ends in ret; direct-code-refs=19; no overlap or external interior branch
0x0044C1C0,0x0044C1F7,reviewed,high,target-boundary-audit-2026-09-15,Complete dense decode ends in ret; direct-code-refs=1; no overlap or external interior branch
0x0044C2A0,0x0044C34A,reviewed,high,target-boundary-audit-2026-09-15,Complete dense decode ends in ret; direct-code-refs=5; no overlap or external interior branch
0x0044C350,0x0044C54C,reviewed,high,prior-target-boundary-review+target-boundary-audit-2026-09-15,"Prior boundary evidence retained; dense decode 509/509, tail ret"
0x0044C5D0,0x0044C5ED,reviewed,high,target-boundary-audit-2026-09-15,Complete dense decode ends in ret; direct-code-refs=6; no overlap or external interior branch
0x0044C7E0,0x0044C8E3,reviewed,high,target-boundary-audit-2026-09-15,Complete dense decode ends in ret; direct-code-refs=1; no overlap or external interior branch
0x0044C8F0,0x0044CBAD,reviewed,high,target-boundary-audit-2026-09-15,Complete dense decode ends in ret; direct-code-refs=1; no overlap or external interior branch
0x0044CBF0,0x0044CE7A,reviewed,high,target-boundary-audit-2026-09-15,Complete dense decode ends in ret; direct-code-refs=1; no overlap or external interior branch
0x0044CE80,0x0044CEF5,provisional,medium,target-boundary-audit-2026-09-15,"Complete dense decode ends in ret, but no independent entry reference was found"
0x0044CF00,0x0044CF1D,reviewed,high,target-boundary-audit-2026-09-15,Complete dense decode ends in ret; aligned-data-refs=1; no overlap or external interior branch
0x0044CF20,0x0044D071,reviewed,high,target-boundary-audit-2026-09-15,Complete dense decode ends in ret; direct-code-refs=1; no overlap or external interior branch
0x0044D080,0x0044D107,reviewed,high,target-boundary-audit-2026-09-15,Complete dense decode ends in ret; direct-code-refs=2; no overlap or external interior branch
0x0044D110,0x0044D2F2,reviewed,high,target-boundary-audit-2026-09-15,Complete dense decode ends in ret; direct-code-refs=6; no overlap or external interior branch
0x0044D300,0x0044D361,reviewed,high,target-boundary-audit-2026-09-15,Complete dense decode ends in ret; direct-code-refs=3; no overlap or external interior branch
0x0044D370,0x0044D3D6,reviewed,high,target-boundary-audit-2026-09-15,Complete dense decode ends in ret; direct-code-refs=1; no overlap or external interior branch
0x0044D440,0x0044D4D0,reviewed,high,target-boundary-audit-2026-09-15,Complete dense decode ends in ret; direct-code-refs=1; no overlap or external interior branch
0x0044D4E0,0x0044D549,reviewed,high,target-boundary-audit-2026-09-15,Complete dense decode ends in ret; direct-code-refs=6; no overlap or external interior branch
0x0044D550,0x0044D5A1,reviewed,high,target-boundary-audit-2026-09-15,Complete dense decode ends in ret; direct-code-refs=2; no overlap or external interior branch
0x0044D5B0,0x0044D5CC,reviewed,high,target-boundary-audit-2026-09-15,Complete dense decode ends in ret; direct-code-refs=1; no overlap or external interior branch
0x0044D5D0,0x0044D5F8,reviewed,high,target-boundary-audit-2026-09-15,Complete dense decode ends in ret; direct-code-refs=1; no overlap or external interior branch
0x0044D600,0x0044D63C,reviewed,high,target-boundary-audit-2026-09-15,Complete dense decode ends in ret; direct-code-refs=1; no overlap or external interior branch
0x0044D6A0,0x0044D70C,reviewed,high,target-boundary-audit-2026-09-15,Complete dense decode ends in ret; direct-code-refs=2; no overlap or external interior branch
0x0044D710,0x0044D72D,reviewed,high,target-boundary-audit-2026-09-15,Complete dense decode ends in ret; aligned-data-refs=1; no overlap or external interior branch
0x0044D730,0x0044D73A,reviewed,high,target-boundary-audit-2026-09-15,Complete dense decode ends in jmp; direct-code-refs=1; no overlap or external interior branch
0x0044D850,0x0044DACC,reviewed,high,target-boundary-audit-2026-09-15,Complete dense decode ends in ret; direct-code-refs=1; no overlap or external interior branch
0x0044DAD0,0x0044DBA4,reviewed,high,target-boundary-audit-2026-09-15,Complete dense decode ends in ret; direct-code-refs=2; no overlap or external interior branch
0x0044DBF0,0x0044DC9C,reviewed,high,target-boundary-audit-2026-09-15,Complete dense decode ends in ret; direct-code-refs=1; no overlap or external interior branch
0x0044DCA0,0x0044DCED,reviewed,high,target-boundary-audit-2026-09-15,Complete dense decode ends in ret; direct-code-refs=2; no overlap or external interior branch
0x0044DD40,0x0044DE01,reviewed,high,target-boundary-audit-2026-09-15,Complete dense decode ends in ret; direct-code-refs=2; no overlap or external interior branch
0x0044DE10,0x0044DED9,reviewed,high,target-boundary-audit-2026-09-15,Complete dense decode ends in ret; direct-code-refs=4; no overlap or external interior branch
0x0044DF70,0x0044E195,reviewed,high,target-boundary-audit-2026-09-15,Complete dense decode ends in ret; direct-code-refs=2; no overlap or external interior branch
0x0044E1A0,0x0044FD0B,reviewed,high,prior-target-boundary-review+target-boundary-audit-2026-09-15,Prior boundary evidence retained; dense decode 7019/7020; owned indirect control table at 0x0044FBC4
0x0044FD10,0x0044FDA1,reviewed,high,target-boundary-audit-2026-09-15,Complete dense decode ends in ret; direct-code-refs=2; no overlap or external interior branch
0x0044FDB0,0x0044FE3F,reviewed,high,target-boundary-audit-2026-09-15,Complete dense decode ends in ret; direct-code-refs=116; no overlap or external interior branch
0x0044FE40,0x0044FEF6,reviewed,high,target-boundary-audit-2026-09-15,Complete dense decode ends in ret; direct-code-refs=105; no overlap or external interior branch
0x0044FF00,0x0044FF7B,reviewed,high,target-boundary-audit-2026-09-15,Complete dense decode ends in ret; direct-code-refs=16; no overlap or external interior branch
0x0044FF80,0x0045002A,reviewed,high,target-boundary-audit-2026-09-15,Complete dense decode ends in ret; direct-code-refs=3; no overlap or external interior branch
0x00450030,0x00450069,reviewed,high,target-boundary-audit-2026-09-15,Complete dense decode ends in ret; direct-code-refs=2; no overlap or external interior branch
0x00450070,0x004500CC,reviewed,high,target-boundary-audit-2026-09-15,Complete dense decode ends in ret; direct-code-refs=10; no overlap or external interior branch
0x004500D0,0x0045015D,reviewed,high,target-boundary-audit-2026-09-15,Complete dense decode ends in ret; direct-code-refs=2; no overlap or external interior branch
0x00450160,0x00450183,reviewed,high,target-boundary-audit-2026-09-15,Complete dense decode ends in ret; direct-code-refs=4; no overlap or external interior branch
0x00450190,0x004501AE,reviewed,high,target-boundary-audit-2026-09-15,Complete dense decode ends in ret; direct-code-refs=1; no overlap or external interior branch
0x004501B0,0x004501CD,reviewed,high,target-boundary-audit-2026-09-15,Complete dense decode ends in ret; direct-code-refs=1; no overlap or external interior branch
0x00450220,0x0045046C,reviewed,high,target-boundary-audit-2026-09-15,"Complete dense decode ends in ret; direct-code-refs=1, aligned-data-refs=2; no overlap or external interior branch"
0x00450470,0x004504F7,reviewed,high,target-boundary-audit-2026-09-15,Complete dense decode ends in ret; direct-code-refs=4; no overlap or external interior branch
0x004505B0,0x0045060F,reviewed,high,target-boundary-audit-2026-09-15,Complete dense decode ends in ret; direct-code-refs=42; no overlap or external interior branch
0x00450690,0x004506CF,reviewed,high,target-boundary-audit-2026-09-15,Complete dense decode ends in ret; direct-code-refs=1; no overlap or external interior branch
0x004506D0,0x004506F8,reviewed,high,target-boundary-audit-2026-09-15,Complete dense decode ends in ret; direct-code-refs=2; no overlap or external interior branch
0x00450700,0x0045071D,reviewed,high,target-boundary-audit-2026-09-15,Complete dense decode ends in ret; direct-code-refs=1; no overlap or external interior branch
0x0045071E,0x00450723,reviewed,high,target-boundary-audit-2026-09-15,Complete dense decode ends in jmp; direct-code-refs=1; no overlap or external interior branch
0x00452170,0x00452175,reviewed,high,target-boundary-audit-2026-09-15,Complete dense decode ends in jmp; direct-code-refs=1; no overlap or external interior branch
0x00452176,0x0045217B,reviewed,high,target-boundary-audit-2026-09-15,Complete dense decode ends in jmp; direct-code-refs=2; no overlap or external interior branch
0x0045217C,0x00452181,reviewed,high,target-boundary-audit-2026-09-15,Complete dense decode ends in jmp; direct-code-refs=2; no overlap or external interior branch
0x00452182,0x00452187,reviewed,high,target-boundary-audit-2026-09-15,Complete dense decode ends in jmp; direct-code-refs=1; no overlap or external interior branch
0x00452188,0x0045218D,reviewed,high,target-boundary-audit-2026-09-15,Complete dense decode ends in jmp; direct-code-refs=1; no overlap or external interior branch
0x0045218E,0x00452193,reviewed,high,target-boundary-audit-2026-09-15,Complete dense decode ends in jmp; direct-code-refs=7; no overlap or external interior branch
0x00452194,0x00452199,reviewed,high,target-boundary-audit-2026-09-15,Complete dense decode ends in jmp; direct-code-refs=3; no overlap or external interior branch
0x0045219A,0x0045219F,reviewed,high,target-boundary-audit-2026-09-15,Complete dense decode ends in jmp; direct-code-refs=3; no overlap or external interior branch
0x004521A0,0x004521A5,reviewed,high,target-boundary-audit-2026-09-15,Complete dense decode ends in jmp; direct-code-refs=2; no overlap or external interior branch
0x004521A6,0x004521AB,reviewed,high,target-boundary-audit-2026-09-15,Complete dense decode ends in jmp; direct-code-refs=5; no overlap or external interior branch
0x004521AC,0x004521B1,reviewed,high,target-boundary-audit-2026-09-15,Complete dense decode ends in jmp; direct-code-refs=2; no overlap or external interior branch
0x004521B2,0x004521B7,reviewed,high,target-boundary-audit-2026-09-15,Complete dense decode ends in jmp; direct-code-refs=6; no overlap or external interior branch
0x004521B8,0x004521BD,reviewed,high,target-boundary-audit-2026-09-15,Complete dense decode ends in jmp; direct-code-refs=2; no overlap or external interior branch
0x004521BE,0x004521C3,reviewed,high,target-boundary-audit-2026-09-15,Complete dense decode ends in jmp; direct-code-refs=2; no overlap or external interior branch
0x004521C4,0x004521C9,reviewed,high,target-boundary-audit-2026-09-15,Complete dense decode ends in jmp; direct-code-refs=1; no overlap or external interior branch
0x004521CA,0x004521CF,reviewed,high,target-boundary-audit-2026-09-15,Complete dense decode ends in jmp; direct-code-refs=1; no overlap or external interior branch
0x004521D0,0x004521D5,reviewed,high,target-boundary-audit-2026-09-15,Complete dense decode ends in jmp; direct-code-refs=3; no overlap or external interior branch
0x004521D6,0x004521DB,reviewed,high,target-boundary-audit-2026-09-15,Complete dense decode ends in jmp; direct-code-refs=8; no overlap or external interior branch
0x0045232C,0x00452331,reviewed,high,target-boundary-audit-2026-09-15,Complete dense decode ends in jmp; direct-code-refs=4; no overlap or external interior branch
0x00452422,0x00452492,needs_review,low,target-boundary-audit-2026-09-15,overlapping-extents; direct-code-refs=215
0x00452475,0x0045247D,needs_review,low,target-boundary-audit-2026-09-15,overlapping-extents; aligned-data-refs=1
0x00452493,0x004524A0,reviewed,high,target-boundary-audit-2026-09-15,Complete dense decode ends in ret; direct-code-refs=94; no overlap or external interior branch
0x004524A1,0x004524A5,reviewed,high,target-boundary-audit-2026-09-15,Complete dense decode ends in jmp; direct-code-refs=163; no overlap or external interior branch
0x004524A6,0x004524FC,reviewed,high,target-boundary-audit-2026-09-15,Complete dense decode ends in ret; direct-code-refs=8; no overlap or external interior branch
0x004524FD,0x0045252C,provisional,medium,target-boundary-audit-2026-09-15,"Complete dense decode ends in ret, but no independent entry reference was found"
0x0045252D,0x00452576,reviewed,high,target-boundary-audit-2026-09-15,Complete dense decode ends in ret; direct-code-refs=18; no overlap or external interior branch
0x00452577,0x0045258E,reviewed,high,target-boundary-audit-2026-09-15,"Complete dense decode ends in ret; direct-code-refs=1, aligned-data-refs=1; no overlap or external interior branch"
0x004525A1,0x004525CF,reviewed,high,target-boundary-audit-2026-09-15,Complete dense decode ends in ret; direct-code-refs=2; no overlap or external interior branch
0x004525FF,0x00452646,reviewed,high,target-boundary-audit-2026-09-15,Complete dense decode ends in ret; direct-code-refs=44; no overlap or external interior branch
0x00452647,0x0045265E,reviewed,high,target-boundary-audit-2026-09-15,"Complete dense decode ends in ret; direct-code-refs=1, aligned-data-refs=1; no overlap or external interior branch"
0x0045265F,0x004526CD,reviewed,high,target-boundary-audit-2026-09-15,Complete dense decode ends in ret; direct-code-refs=1; no overlap or external interior branch
0x004526D1,0x004526D9,reviewed,high,target-boundary-audit-2026-09-15,Complete dense decode ends in ret; direct-code-refs=1; no overlap or external interior branch
0x004526DA,0x00452705,reviewed,high,target-boundary-audit-2026-09-15,Complete dense decode ends in ret; direct-code-refs=2; no overlap or external interior branch
0x00452706,0x00452717,reviewed,high,prior-target-boundary-review+target-boundary-audit-2026-09-15,"Prior boundary evidence retained; dense decode 18/18, tail ret"
0x00452730,0x004527ED,reviewed,high,target-boundary-audit-2026-09-15,Complete dense decode ends in ret; direct-code-refs=18; no overlap or external interior branch
0x004527EE,0x00452875,reviewed,high,target-boundary-audit-2026-09-15,Complete dense decode ends in ret; direct-code-refs=3; no overlap or external interior branch
0x00452876,0x0045287A,reviewed,high,target-boundary-audit-2026-09-15,Complete dense decode ends in jmp; direct-code-refs=10; no overlap or external interior branch
0x00452930,0x0045295C,reviewed,high,prior-target-boundary-review+target-boundary-audit-2026-09-15,"Prior boundary evidence retained; dense decode 45/45, tail ret"
0x00452960,0x00452A83,reviewed,high,target-boundary-audit-2026-09-15,Complete dense decode ends in ret; direct-code-refs=8; no overlap or external interior branch
0x00452A84,0x00452ABB,reviewed,high,target-boundary-audit-2026-09-15,Complete dense decode ends in ret; direct-code-refs=1; no overlap or external interior branch
0x00452ABC,0x00452AE7,reviewed,high,target-boundary-audit-2026-09-15,Complete dense decode ends in ret; direct-code-refs=4; no overlap or external interior branch
0x00452AE8,0x00452B3F,reviewed,high,target-boundary-audit-2026-09-15,Complete dense decode ends in ret; direct-code-refs=51; no overlap or external interior branch
0x00452B40,0x00452B70,provisional,medium,target-boundary-audit-2026-09-15,"Complete dense decode ends in ret, but no independent entry reference was found"
0x00452B71,0x00452BA9,reviewed,high,target-boundary-audit-2026-09-15,Complete dense decode ends in ret; direct-code-refs=6; no overlap or external interior branch
0x00452BAA,0x00452D29,reviewed,high,target-boundary-audit-2026-09-15,Complete dense decode ends in jmp; direct-code-refs=11; no overlap or external interior branch
0x00452D2A,0x00452DA9,reviewed,high,target-boundary-audit-2026-09-15,Complete dense decode ends in ret; direct-code-refs=1; no overlap or external interior branch
0x00452DAA,0x00452DD1,reviewed,high,target-boundary-audit-2026-09-15,Complete dense decode ends in ret; aligned-data-refs=1; no overlap or external interior branch
0x00452DD2,0x00452E03,reviewed,high,target-boundary-audit-2026-09-15,Complete dense decode ends in ret; direct-code-refs=1; no overlap or external interior branch
0x00452E04,0x00452E09,reviewed,high,target-boundary-audit-2026-09-15,"Complete dense decode ends in ret; direct-code-refs=1, aligned-data-refs=1; no overlap or external interior branch"
0x00452E0A,0x00452E1B,reviewed,high,target-boundary-audit-2026-09-15,Complete dense decode ends in ret; direct-code-refs=1; no overlap or external interior branch
0x00452E1C,0x00452E58,needs_review,low,target-boundary-audit-2026-09-15,tail=call; direct-code-refs=1
0x00452E5A,0x00452EDF,reviewed,high,target-boundary-audit-2026-09-15,Complete dense decode ends in ret; absolute-code-refs=1; no overlap or external interior branch
0x00452EEC,0x00452F7C,reviewed,high,target-boundary-audit-2026-09-15,Complete dense decode ends in ret; direct-code-refs=1; no overlap or external interior branch
0x00452F80,0x00452FB8,reviewed,high,target-boundary-audit-2026-09-15,Complete dense decode ends in ret; direct-code-refs=6; no overlap or external interior branch
0x00452FB9,0x00452FEC,reviewed,high,target-boundary-audit-2026-09-15,Complete dense decode ends in ret; direct-code-refs=1; no overlap or external interior branch
0x00452FF0,0x00453110,reviewed,high,target-boundary-audit-2026-09-15,Complete dense decode ends in ret; direct-code-refs=5; no overlap or external interior branch
0x00453111,0x00453258,reviewed,high,target-boundary-audit-2026-09-15,Complete dense decode ends in ret; direct-code-refs=4; no overlap or external interior branch
0x00453280,0x004535BC,needs_review,low,target-boundary-audit-2026-09-15,"dense-decode=674/829; tail=inc; direct-code-refs=6, owned-indirect-control-table=0x004532E0"
0x004535BD,0x004535EC,needs_review,low,target-boundary-audit-2026-09-15,tail=call; direct-code-refs=1
0x004535EE,0x00453676,reviewed,high,target-boundary-audit-2026-09-15,Complete dense decode ends in ret; absolute-code-refs=1; no overlap or external interior branch
0x00453683,0x0045370D,reviewed,high,target-boundary-audit-2026-09-15,Complete dense decode ends in ret; direct-code-refs=4; no overlap or external interior branch
0x0045371B,0x0045373C,reviewed,high,target-boundary-audit-2026-09-15,Complete dense decode ends in ret; direct-code-refs=1; no overlap or external interior branch
0x0045373D,0x00453761,reviewed,high,target-boundary-audit-2026-09-15,Complete dense decode ends in ret; direct-code-refs=12; no overlap or external interior branch
0x00453762,0x00453785,reviewed,high,target-boundary-audit-2026-09-15,Complete dense decode ends in ret; direct-code-refs=2; no overlap or external interior branch
0x004537DC,0x004539B0,reviewed,high,prior-target-boundary-review+target-boundary-audit-2026-09-15,"Prior boundary evidence retained; dense decode 469/469, tail ret"
0x004539B1,0x004539CA,reviewed,high,target-boundary-audit-2026-09-15,Complete dense decode ends in ret; direct-code-refs=1; no overlap or external interior branch
0x004539CB,0x00453A1B,reviewed,high,target-boundary-audit-2026-09-15,Complete dense decode ends in ret; direct-code-refs=1; no overlap or external interior branch
0x00453AA1,0x00453AE9,reviewed,high,target-boundary-audit-2026-09-15,Complete dense decode ends in jmp; direct-code-refs=1; no overlap or external interior branch
0x00453AEA,0x00453B3E,reviewed,high,target-boundary-audit-2026-09-15,Complete dense decode ends in ret; direct-code-refs=1; no overlap or external interior branch
0x00453B3F,0x00453B53,reviewed,high,target-boundary-audit-2026-09-15,Complete dense decode ends in ret; direct-code-refs=13; no overlap or external interior branch
0x00453B6C,0x00453C02,reviewed,high,target-boundary-audit-2026-09-15,Complete dense decode ends in ret; direct-code-refs=1; no overlap or external interior branch
0x00453C03,0x00453C0B,reviewed,high,target-boundary-audit-2026-09-15,"Complete dense decode ends in ret; direct-code-refs=1, aligned-data-refs=1; no overlap or external interior branch"
0x00453C0C,0x00453C3C,reviewed,high,target-boundary-audit-2026-09-15,Complete dense decode ends in ret; direct-code-refs=13; no overlap or external interior branch
0x00453C52,0x00453C99,reviewed,high,target-boundary-audit-2026-09-15,Complete dense decode ends in ret; direct-code-refs=1; no overlap or external interior branch
0x00453C9A,0x00453CC4,reviewed,high,target-boundary-audit-2026-09-15,Complete dense decode ends in ret; direct-code-refs=1; no overlap or external interior branch
0x00453CC5,0x00453FDC,provisional,medium,target-boundary-audit-2026-09-15,"Complete dense decode ends in ret, but no independent entry reference was found"
0x00453FDD,0x00454093,reviewed,high,target-boundary-audit-2026-09-15,Complete dense decode ends in ret; direct-code-refs=1; no overlap or external interior branch
0x00454094,0x00454199,reviewed,high,target-boundary-audit-2026-09-15,Complete dense decode ends in ret; direct-code-refs=1; no overlap or external interior branch
0x0045419A,0x00454478,provisional,medium,target-boundary-audit-2026-09-15,"Complete dense decode ends in ret, but no independent entry reference was found"
0x0045454A,0x00454862,provisional,medium,target-boundary-audit-2026-09-15,"Complete dense decode ends in jmp, but no independent entry reference was found"
0x004548BE,0x00454BB9,reviewed,high,target-boundary-audit-2026-09-15,Complete dense decode ends in ret; direct-code-refs=1; no overlap or external interior branch
0x00454BBC,0x00454BF6,reviewed,high,target-boundary-audit-2026-09-15,Complete dense decode ends in ret; direct-code-refs=38; no overlap or external interior branch
0x00454BF7,0x00454C07,reviewed,high,target-boundary-audit-2026-09-15,Complete dense decode ends in ret; direct-code-refs=32; no overlap or external interior branch
0x00454CF6,0x00454D10,provisional,medium,target-boundary-audit-2026-09-15,"Complete dense decode ends in ret, but no independent entry reference was found"
0x00454D11,0x00454E29,reviewed,high,target-boundary-audit-2026-09-15,Complete dense decode ends in ret; direct-code-refs=3; no overlap or external interior branch
0x00454E2A,0x00454E5C,reviewed,high,target-boundary-audit-2026-09-15,Complete dense decode ends in ret; direct-code-refs=4; no overlap or external interior branch
0x00454E5D,0x00454E80,reviewed,high,target-boundary-audit-2026-09-15,Complete dense decode ends in ret; direct-code-refs=3; no overlap or external interior branch
0x00454E81,0x00454EB7,reviewed,high,target-boundary-audit-2026-09-15,Complete dense decode ends in ret; direct-code-refs=3; no overlap or external interior branch
0x00454ED7,0x00455670,reviewed,high,target-boundary-audit-2026-09-15,Complete dense decode ends in ret; direct-code-refs=4; no overlap or external interior branch
0x00455693,0x004556C7,reviewed,high,target-boundary-audit-2026-09-15,"Complete dense decode ends in jmp; direct-code-refs=3, aligned-data-refs=1; no overlap or external interior branch"
0x004556E0,0x0045570C,reviewed,high,target-boundary-audit-2026-09-15,Complete dense decode ends in jmp; direct-code-refs=10; no overlap or external interior branch
0x00455737,0x00455751,reviewed,high,target-boundary-audit-2026-09-15,Complete dense decode ends in ret; direct-code-refs=1; no overlap or external interior branch
0x00455752,0x004557C8,reviewed,high,target-boundary-audit-2026-09-15,Complete dense decode ends in ret; direct-code-refs=5; no overlap or external interior branch
0x004557FC,0x004558CB,reviewed,high,target-boundary-audit-2026-09-15,Complete dense decode ends in ret; direct-code-refs=2; no overlap or external interior branch
0x004558CC,0x0045598C,reviewed,high,target-boundary-audit-2026-09-15,Complete dense decode ends in ret; direct-code-refs=1; no overlap or external interior branch
0x00455990,0x004559B3,reviewed,high,target-boundary-audit-2026-09-15,Complete dense decode ends in ret; direct-code-refs=2; no overlap or external interior branch
0x004559B4,0x00455A8F,provisional,medium,target-boundary-audit-2026-09-15,"Complete dense decode ends in jmp, but no independent entry reference was found"
0x00455A90,0x00455ADD,provisional,medium,target-boundary-audit-2026-09-15,"Complete dense decode ends in ret, but no independent entry reference was found"
0x00455ADE,0x00455B0F,reviewed,high,target-boundary-audit-2026-09-15,Complete dense decode ends in ret; direct-code-refs=10; no overlap or external interior branch
0x00455B10,0x00455B18,reviewed,high,target-boundary-audit-2026-09-15,"Complete dense decode ends in ret; direct-code-refs=1, aligned-data-refs=1; no overlap or external interior branch"
0x0045631E,0x00456326,reviewed,high,target-boundary-audit-2026-09-15,Complete dense decode ends in ret; absolute-code-refs=1; no overlap or external interior branch
0x00456327,0x00456343,reviewed,high,target-boundary-audit-2026-09-15,Complete dense decode ends in jmp; direct-code-refs=2; no overlap or external interior branch
0x00456344,0x00456356,reviewed,high,target-boundary-audit-2026-09-15,Complete dense decode ends in ret; direct-code-refs=2; no overlap or external interior branch
0x00456357,0x004563C7,reviewed,high,target-boundary-audit-2026-09-15,Complete dense decode ends in ret; direct-code-refs=54; no overlap or external interior branch
0x004563C8,0x004564F4,reviewed,high,target-boundary-audit-2026-09-15,"Complete dense decode ends in ret; direct-code-refs=1, absolute-code-refs=1; no overlap or external interior branch"
0x004564FA,0x00456502,reviewed,high,target-boundary-audit-2026-09-15,Complete dense decode ends in ret; direct-code-refs=1; no overlap or external interior branch
0x00456506,0x0045650E,reviewed,high,target-boundary-audit-2026-09-15,Complete dense decode ends in ret; direct-code-refs=1; no overlap or external interior branch
0x0045650F,0x0045653D,reviewed,high,target-boundary-audit-2026-09-15,Complete dense decode ends in ret; direct-code-refs=2; no overlap or external interior branch
0x0045654A,0x00456638,reviewed,high,target-boundary-audit-2026-09-15,Complete dense decode ends in ret; direct-code-refs=1; no overlap or external interior branch
0x00456640,0x00456673,reviewed,high,target-boundary-audit-2026-09-15,Complete dense decode ends in ret; direct-code-refs=7; no overlap or external interior branch
0x00456674,0x00456714,reviewed,high,target-boundary-audit-2026-09-15,Complete dense decode ends in ret; direct-code-refs=1; no overlap or external interior branch
0x00456720,0x004567AA,reviewed,high,target-boundary-audit-2026-09-15,Complete dense decode ends in ret; direct-code-refs=49; no overlap or external interior branch
0x0045685E,0x00456897,reviewed,high,target-boundary-audit-2026-09-15,Complete dense decode ends in ret; direct-code-refs=15; no overlap or external interior branch
0x00456898,0x004568D6,reviewed,high,target-boundary-audit-2026-09-15,Complete dense decode ends in ret; direct-code-refs=2; no overlap or external interior branch
0x004568D7,0x00456910,reviewed,high,target-boundary-audit-2026-09-15,Complete dense decode ends in ret; direct-code-refs=5; no overlap or external interior branch
0x00456A8B,0x00456A8B,reviewed,high,target-boundary-audit-2026-09-15,Complete dense decode ends in ret; aligned-data-refs=2; no overlap or external interior branch
0x00456A8C,0x00456AC3,reviewed,high,target-boundary-audit-2026-09-15,Complete dense decode ends in ret; direct-code-refs=1; no overlap or external interior branch
0x00456AD4,0x00456AF1,reviewed,high,target-boundary-audit-2026-09-15,Complete dense decode ends in ret; aligned-data-refs=1; no overlap or external interior branch
0x00456AF2,0x00456AFA,reviewed,high,target-boundary-audit-2026-09-15,Complete dense decode ends in ret; direct-code-refs=19; no overlap or external interior branch
0x00456AFB,0x00456B03,reviewed,high,target-boundary-audit-2026-09-15,Complete dense decode ends in ret; direct-code-refs=5; no overlap or external interior branch
0x00456B04,0x00456B76,reviewed,high,target-boundary-audit-2026-09-15,Complete dense decode ends in ret; direct-code-refs=9; no overlap or external interior branch
0x00456B80,0x00456BE7,reviewed,high,target-boundary-audit-2026-09-15,Complete dense decode ends in ret; direct-code-refs=4; no overlap or external interior branch
0x00456BE8,0x00456E8F,needs_review,low,target-boundary-audit-2026-09-15,overlapping-extents; direct-code-refs=1
0x00456E03,0x00456E0B,needs_review,low,target-boundary-audit-2026-09-15,overlapping-extents
0x00456E90,0x00457047,reviewed,high,target-boundary-audit-2026-09-15,Complete dense decode ends in ret; direct-code-refs=4; no overlap or external interior branch
0x00457048,0x004571CE,reviewed,high,target-boundary-audit-2026-09-15,Complete dense decode ends in jmp; direct-code-refs=1; no overlap or external interior branch
0x004571CF,0x00457211,reviewed,high,target-boundary-audit-2026-09-15,Complete dense decode ends in ret; direct-code-refs=2; no overlap or external interior branch
0x00457212,0x0045721A,reviewed,high,target-boundary-audit-2026-09-15,"Complete dense decode ends in ret; direct-code-refs=1, aligned-data-refs=1; no overlap or external interior branch"
0x00457250,0x00457284,reviewed,high,target-boundary-audit-2026-09-15,Complete dense decode ends in ret; direct-code-refs=2; no overlap or external interior branch
0x00457285,0x0045728D,reviewed,high,target-boundary-audit-2026-09-15,"Complete dense decode ends in ret; direct-code-refs=1, aligned-data-refs=1; no overlap or external interior branch"
0x0045728E,0x00457394,reviewed,high,target-boundary-audit-2026-09-15,Complete dense decode ends in ret; direct-code-refs=3; no overlap or external interior branch
0x00457395,0x00457546,needs_review,low,target-boundary-audit-2026-09-15,overlapping-extents; direct-code-refs=4
0x004574FD,0x00457505,needs_review,low,target-boundary-audit-2026-09-15,overlapping-extents
0x00457547,0x00457575,needs_review,low,target-boundary-audit-2026-09-15,tail=call; direct-code-refs=1
0x00457577,0x0045757F,reviewed,high,target-boundary-audit-2026-09-15,Complete dense decode ends in ret; direct-code-refs=1; no overlap or external interior branch
0x00457580,0x00457588,reviewed,high,target-boundary-audit-2026-09-15,Complete dense decode ends in ret; direct-code-refs=1; no overlap or external interior branch
0x00457589,0x004575A0,provisional,medium,target-boundary-audit-2026-09-15,"Complete dense decode ends in ret, but no independent entry reference was found"
0x004575BF,0x00457628,reviewed,high,target-boundary-audit-2026-09-15,Complete dense decode ends in ret; direct-code-refs=1; no overlap or external interior branch
0x00457629,0x004576EB,needs_review,low,target-boundary-audit-2026-09-15,overlapping-extents; direct-code-refs=3
0x004576D8,0x004576E5,needs_review,low,target-boundary-audit-2026-09-15,overlapping-extents
0x004576EC,0x004576FC,reviewed,high,target-boundary-audit-2026-09-15,Complete dense decode ends in ret; direct-code-refs=1; no overlap or external interior branch
0x004576FD,0x0045770D,reviewed,high,target-boundary-audit-2026-09-15,"Complete dense decode ends in ret; direct-code-refs=3, aligned-data-refs=1; no overlap or external interior branch"
0x0045770E,0x0045771C,reviewed,high,target-boundary-audit-2026-09-15,Complete dense decode ends in ret; direct-code-refs=1; no overlap or external interior branch
0x0045772C,0x00457795,reviewed,high,target-boundary-audit-2026-09-15,Complete dense decode ends in ret; direct-code-refs=1; no overlap or external interior branch
0x00457799,0x004577A1,reviewed,high,target-boundary-audit-2026-09-15,Complete dense decode ends in ret; direct-code-refs=1; no overlap or external interior branch
0x004577CE,0x00457931,reviewed,high,target-boundary-audit-2026-09-15,Complete dense decode ends in ret; direct-code-refs=3; no overlap or external interior branch
0x0045794D,0x00457A23,needs_review,low,target-boundary-audit-2026-09-15,overlapping-extents; direct-code-refs=9
0x00457A13,0x00457A1B,needs_review,low,target-boundary-audit-2026-09-15,overlapping-extents
0x00457A3C,0x00457A51,reviewed,high,target-boundary-audit-2026-09-15,Complete dense decode ends in ret; direct-code-refs=19; no overlap or external interior branch
0x00457A7C,0x004588A6,reviewed,high,target-boundary-audit-2026-09-15,Complete dense decode ends in ret; direct-code-refs=1; no overlap or external interior branch
0x004588A7,0x00458B1D,reviewed,high,target-boundary-audit-2026-09-15,Complete dense decode ends in ret; direct-code-refs=1; no overlap or external interior branch
0x00458B1E,0x00458B52,reviewed,high,target-boundary-audit-2026-09-15,Complete dense decode ends in ret; direct-code-refs=1; no overlap or external interior branch
0x00458B53,0x00458C24,reviewed,high,target-boundary-audit-2026-09-15,Complete dense decode ends in ret; aligned-data-refs=1; no overlap or external interior branch
0x00458C39,0x00458D0B,reviewed,high,target-boundary-audit-2026-09-15,Complete dense decode ends in ret; direct-code-refs=2; no overlap or external interior branch
0x00458D0C,0x00458D90,reviewed,high,target-boundary-audit-2026-09-15,Complete dense decode ends in ret; direct-code-refs=1; no overlap or external interior branch
0x00458D91,0x00458E73,reviewed,high,target-boundary-audit-2026-09-15,Complete dense decode ends in ret; direct-code-refs=12; no overlap or external interior branch
0x00458E74,0x00458EA3,needs_review,low,target-boundary-audit-2026-09-15,tail=call; direct-code-refs=1
0x00458EA5,0x00458EB2,reviewed,high,target-boundary-audit-2026-09-15,Complete dense decode ends in jmp; direct-code-refs=217; no overlap or external interior branch
0x00458EC0,0x00458EFC,reviewed,high,target-boundary-audit-2026-09-15,Complete dense decode ends in ret; direct-code-refs=17; no overlap or external interior branch
0x00458EFD,0x00459074,reviewed,high,target-boundary-audit-2026-09-15,Complete dense decode ends in ret; direct-code-refs=5; no overlap or external interior branch
0x0045909F,0x004590D7,reviewed,high,target-boundary-audit-2026-09-15,Complete dense decode ends in ret; direct-code-refs=2; no overlap or external interior branch
0x004590D8,0x00459134,reviewed,high,target-boundary-audit-2026-09-15,Complete dense decode ends in ret; direct-code-refs=1; no overlap or external interior branch
0x00459135,0x004591FB,reviewed,high,target-boundary-audit-2026-09-15,Complete dense decode ends in jmp; direct-code-refs=1; no overlap or external interior branch
0x004591FC,0x00459367,reviewed,high,target-boundary-audit-2026-09-15,Complete dense decode ends in ret; direct-code-refs=2; no overlap or external interior branch
0x00459368,0x00459409,reviewed,high,target-boundary-audit-2026-09-15,Complete dense decode ends in ret; direct-code-refs=1; no overlap or external interior branch
0x0045940A,0x0045952B,reviewed,high,target-boundary-audit-2026-09-15,Complete dense decode ends in ret; direct-code-refs=1; no overlap or external interior branch
0x0045952C,0x00459729,reviewed,high,target-boundary-audit-2026-09-15,Complete dense decode ends in ret; direct-code-refs=1; no overlap or external interior branch
0x00459776,0x004597B9,reviewed,high,target-boundary-audit-2026-09-15,Complete dense decode ends in ret; direct-code-refs=1; no overlap or external interior branch
0x004597FE,0x0045980D,reviewed,high,target-boundary-audit-2026-09-15,Complete dense decode ends in ret; absolute-code-refs=1; no overlap or external interior branch
0x0045980E,0x00459898,reviewed,high,target-boundary-audit-2026-09-15,Complete dense decode ends in ret; direct-code-refs=5; no overlap or external interior branch
0x0045989C,0x004598BB,provisional,medium,target-boundary-audit-2026-09-15,"Complete dense decode ends in ret, but no independent entry reference was found"
0x004598DE,0x00459945,reviewed,high,target-boundary-audit-2026-09-15,Complete dense decode ends in ret; direct-code-refs=3; no overlap or external interior branch
0x00459946,0x00459968,reviewed,high,target-boundary-audit-2026-09-15,Complete dense decode ends in ret; direct-code-refs=1; no overlap or external interior branch
0x00459969,0x00459971,reviewed,high,target-boundary-audit-2026-09-15,Complete dense decode ends in jmp; direct-code-refs=2; no overlap or external interior branch
0x00459972,0x00459989,needs_review,low,target-boundary-audit-2026-09-15,external-interior-branch; direct-code-refs=1
0x0045998A,0x00459BB2,provisional,medium,target-boundary-audit-2026-09-15,"Complete dense decode ends in ret, but no independent entry reference was found"
0x00459BB3,0x00459C26,provisional,medium,target-boundary-audit-2026-09-15,"Complete dense decode ends in ret, but no independent entry reference was found"
0x00459C27,0x00459CD1,needs_review,low,target-boundary-audit-2026-09-15,overlapping-extents; direct-code-refs=1
0x00459CAE,0x00459CB5,needs_review,low,target-boundary-audit-2026-09-15,overlapping-extents
0x00459CD2,0x00459E8D,provisional,medium,target-boundary-audit-2026-09-15,"Complete dense decode ends in ret, but no independent entry reference was found"
0x00459E8E,0x00459F38,needs_review,low,target-boundary-audit-2026-09-15,overlapping-extents; direct-code-refs=3
0x00459F15,0x00459F1C,needs_review,low,target-boundary-audit-2026-09-15,overlapping-extents
0x00459F39,0x00459F7C,reviewed,high,target-boundary-audit-2026-09-15,Complete dense decode ends in ret; direct-code-refs=3; no overlap or external interior branch
0x00459F7D,0x00459FA6,reviewed,high,target-boundary-audit-2026-09-15,Complete dense decode ends in ret; direct-code-refs=1; no overlap or external interior branch
0x0045A10E,0x0045A16D,reviewed,high,target-boundary-audit-2026-09-15,Complete dense decode ends in ret; direct-code-refs=1; no overlap or external interior branch
0x0045A16E,0x0045A194,reviewed,high,target-boundary-audit-2026-09-15,Complete dense decode ends in ret; direct-code-refs=2; no overlap or external interior branch
0x0045A1B0,0x0045A244,reviewed,high,target-boundary-audit-2026-09-15,Complete dense decode ends in ret; direct-code-refs=2; no overlap or external interior branch
0x0045A245,0x0045A25C,needs_review,low,target-boundary-audit-2026-09-15,tail=int3; direct-code-refs=1
0x0045A25D,0x0045A416,reviewed,high,target-boundary-audit-2026-09-15,Complete dense decode ends in ret; direct-code-refs=3; no overlap or external interior branch
0x0045A417,0x0045A495,provisional,medium,target-boundary-audit-2026-09-15,"Complete dense decode ends in ret, but no independent entry reference was found"
0x0045A496,0x0045A52A,provisional,medium,target-boundary-audit-2026-09-15,"Complete dense decode ends in ret, but no independent entry reference was found"
0x0045A52B,0x0045A75D,provisional,medium,target-boundary-audit-2026-09-15,"Complete dense decode ends in ret, but no independent entry reference was found"
0x0045A75E,0x0045A77D,reviewed,high,target-boundary-audit-2026-09-15,Complete dense decode ends in ret; direct-code-refs=1; no overlap or external interior branch
0x0045A7B4,0x0045A82C,reviewed,high,target-boundary-audit-2026-09-15,Complete dense decode ends in ret; direct-code-refs=1; no overlap or external interior branch
0x0045A82D,0x0045AA92,reviewed,high,target-boundary-audit-2026-09-15,Complete dense decode ends in ret; direct-code-refs=2; no overlap or external interior branch
0x0045AA93,0x0045AF1C,reviewed,high,target-boundary-audit-2026-09-15,Complete dense decode ends in jmp; direct-code-refs=2; no overlap or external interior branch
0x0045AF1D,0x0045AFDF,reviewed,high,target-boundary-audit-2026-09-15,Complete dense decode ends in ret; direct-code-refs=1; no overlap or external interior branch
0x0045AFE0,0x0045B011,provisional,medium,target-boundary-audit-2026-09-15,"Complete dense decode ends in ret, but no independent entry reference was found"
0x0045B033,0x0045B399,provisional,medium,target-boundary-audit-2026-09-15,"Complete dense decode ends in ret, but no independent entry reference was found"
0x0045B39A,0x0045B529,reviewed,high,target-boundary-audit-2026-09-15,Complete dense decode ends in ret; direct-code-refs=1; no overlap or external interior branch
0x0045B5BC,0x0045B61A,reviewed,high,target-boundary-audit-2026-09-15,Complete dense decode ends in ret; direct-code-refs=2; no overlap or external interior branch
0x0045B61B,0x0045B7E7,reviewed,high,target-boundary-audit-2026-09-15,Complete dense decode ends in ret; aligned-data-refs=1; no overlap or external interior branch
0x0045B81B,0x0045B8F3,reviewed,high,target-boundary-audit-2026-09-15,Complete dense decode ends in ret; direct-code-refs=2; no overlap or external interior branch
0x0045B8F4,0x0045BB32,reviewed,high,target-boundary-audit-2026-09-15,Complete dense decode ends in ret; aligned-data-refs=1; no overlap or external interior branch
0x0045BB33,0x0045BD20,reviewed,high,target-boundary-audit-2026-09-15,Complete dense decode ends in ret; aligned-data-refs=1; no overlap or external interior branch
0x0045BD80,0x0045BD86,reviewed,high,target-boundary-audit-2026-09-15,Complete dense decode ends in jmp; direct-code-refs=26; no overlap or external interior branch
0x0045BD90,0x0045BE77,needs_review,low,target-boundary-audit-2026-09-15,external-interior-branch; direct-code-refs=9
0x0045BE80,0x0045BEC5,reviewed,high,target-boundary-audit-2026-09-15,Complete dense decode ends in ret; direct-code-refs=1; no overlap or external interior branch
0x0045BED0,0x0045BF2F,reviewed,high,target-boundary-audit-2026-09-15,Complete dense decode ends in ret; direct-code-refs=7; no overlap or external interior branch
0x0045BF30,0x0045BFB7,reviewed,high,target-boundary-audit-2026-09-15,Complete dense decode ends in jmp; direct-code-refs=3; no overlap or external interior branch
0x0045BFC0,0x0045C2FC,needs_review,low,target-boundary-audit-2026-09-15,"dense-decode=674/829; tail=inc; direct-code-refs=3, owned-indirect-control-table=0x0045C020"
0x0045C2FD,0x0045C35C,provisional,medium,target-boundary-audit-2026-09-15,"Complete dense decode ends in ret, but no independent entry reference was found"
0x0045C377,0x0045C3F0,provisional,medium,target-boundary-audit-2026-09-15,"Complete dense decode ends in ret, but no independent entry reference was found"
0x0045C3F1,0x0045C40E,reviewed,high,target-boundary-audit-2026-09-15,Complete dense decode ends in ret; direct-code-refs=2; no overlap or external interior branch
0x0045C40F,0x0045C4F1,provisional,medium,target-boundary-audit-2026-09-15,"Complete dense decode ends in jmp, but no independent entry reference was found"
0x0045C4F2,0x0045C526,reviewed,high,target-boundary-audit-2026-09-15,Complete dense decode ends in ret; direct-code-refs=4; no overlap or external interior branch
0x0045C527,0x0045C543,reviewed,high,target-boundary-audit-2026-09-15,Complete dense decode ends in ret; direct-code-refs=1; no overlap or external interior branch
0x0045C544,0x0045C5DB,provisional,medium,target-boundary-audit-2026-09-15,"Complete dense decode ends in ret, but no independent entry reference was found"
0x0045C5DC,0x0045C650,reviewed,high,target-boundary-audit-2026-09-15,Complete dense decode ends in ret; direct-code-refs=2; no overlap or external interior branch
0x0045C651,0x0045C86E,provisional,medium,target-boundary-audit-2026-09-15,"Complete dense decode ends in ret, but no independent entry reference was found"
0x0045C86F,0x0045C93D,provisional,medium,target-boundary-audit-2026-09-15,"Complete dense decode ends in ret, but no independent entry reference was found"
0x0045CCD0,0x0045CD0F,provisional,medium,target-boundary-audit-2026-09-15,"Complete dense decode ends in ret, but no independent entry reference was found"
0x0045CD56,0x0045CD84,reviewed,high,target-boundary-audit-2026-09-15,Complete dense decode ends in ret; direct-code-refs=2; no overlap or external interior branch
0x0045CD85,0x0045CDAD,reviewed,high,target-boundary-audit-2026-09-15,Complete dense decode ends in ret; direct-code-refs=1; no overlap or external interior branch
0x0045CDAE,0x0045CF48,reviewed,high,target-boundary-audit-2026-09-15,Complete dense decode ends in ret; direct-code-refs=1; no overlap or external interior branch
0x0045CF49,0x0045CFAB,reviewed,high,target-boundary-audit-2026-09-15,Complete dense decode ends in ret; direct-code-refs=3; no overlap or external interior branch
0x0045CFAF,0x0045CFB7,reviewed,high,target-boundary-audit-2026-09-15,Complete dense decode ends in ret; direct-code-refs=1; no overlap or external interior branch
0x0045CFB8,0x0045D14B,reviewed,high,target-boundary-audit-2026-09-15,Complete dense decode ends in ret; direct-code-refs=1; no overlap or external interior branch
0x0045D15C,0x0045D2A2,reviewed,high,target-boundary-audit-2026-09-15,Complete dense decode ends in ret; direct-code-refs=1; no overlap or external interior branch
0x0045D2A3,0x0045D2AB,reviewed,high,target-boundary-audit-2026-09-15,"Complete dense decode ends in ret; direct-code-refs=1, aligned-data-refs=1; no overlap or external interior branch"
0x0045D2AC,0x0045D2C9,reviewed,high,target-boundary-audit-2026-09-15,"Complete dense decode ends in ret; direct-code-refs=3, aligned-data-refs=1; no overlap or external interior branch"
0x0045D2CA,0x0045D2FB,reviewed,high,target-boundary-audit-2026-09-15,Complete dense decode ends in ret; direct-code-refs=1; no overlap or external interior branch
0x0045D2FC,0x0045D348,reviewed,high,target-boundary-audit-2026-09-15,Complete dense decode ends in ret; direct-code-refs=1; no overlap or external interior branch
0x0045D349,0x0045D3BA,reviewed,high,target-boundary-audit-2026-09-15,Complete dense decode ends in ret; direct-code-refs=3; no overlap or external interior branch
0x0045D3BB,0x0045D3D5,reviewed,high,target-boundary-audit-2026-09-15,Complete dense decode ends in ret; direct-code-refs=2; no overlap or external interior branch
0x0045D3D6,0x0045D3E1,provisional,medium,target-boundary-audit-2026-09-15,"Complete dense decode ends in ret, but no independent entry reference was found"
0x0045D3E2,0x0045D3FA,reviewed,high,target-boundary-audit-2026-09-15,Complete dense decode ends in ret; direct-code-refs=1; no overlap or external interior branch
0x0045D3FB,0x0045D475,reviewed,high,target-boundary-audit-2026-09-15,Complete dense decode ends in ret; direct-code-refs=4; no overlap or external interior branch
0x0045D476,0x0045D5CD,reviewed,high,target-boundary-audit-2026-09-15,Complete dense decode ends in ret; direct-code-refs=2; no overlap or external interior branch
0x0045D5CE,0x0045D5E3,reviewed,high,target-boundary-audit-2026-09-15,Complete dense decode ends in ret; direct-code-refs=2; no overlap or external interior branch
0x0045D5E4,0x0045D5F9,reviewed,high,target-boundary-audit-2026-09-15,Complete dense decode ends in ret; direct-code-refs=1; no overlap or external interior branch
0x0045D5FA,0x0045D675,reviewed,high,target-boundary-audit-2026-09-15,Complete dense decode ends in ret; direct-code-refs=2; no overlap or external interior branch
0x0045D676,0x0045D6BA,reviewed,high,target-boundary-audit-2026-09-15,Complete dense decode ends in ret; direct-code-refs=1; no overlap or external interior branch
0x0045D6BB,0x0045D700,provisional,medium,target-boundary-audit-2026-09-15,"Complete dense decode ends in ret, but no independent entry reference was found"
0x0045D701,0x0045D745,reviewed,high,target-boundary-audit-2026-09-15,Complete dense decode ends in ret; direct-code-refs=1; no overlap or external interior branch
0x0045D746,0x0045DB54,reviewed,high,target-boundary-audit-2026-09-15,Complete dense decode ends in ret; direct-code-refs=5; no overlap or external interior branch
0x0045DB86,0x0045DBDA,provisional,medium,target-boundary-audit-2026-09-15,"Complete dense decode ends in ret, but no independent entry reference was found"
0x0045DBDB,0x0045DC16,reviewed,high,target-boundary-audit-2026-09-15,Complete dense decode ends in ret; absolute-code-refs=1; no overlap or external interior branch
0x0045DC7C,0x0045DCB9,reviewed,high,target-boundary-audit-2026-09-15,Complete dense decode ends in ret; absolute-code-refs=1; no overlap or external interior branch
0x0045DCBA,0x0045DCD6,reviewed,high,target-boundary-audit-2026-09-15,Complete dense decode ends in ret; direct-code-refs=4; no overlap or external interior branch
0x0045DCD7,0x0045DD84,reviewed,high,target-boundary-audit-2026-09-15,Complete dense decode ends in ret; direct-code-refs=2; no overlap or external interior branch
0x0045DD85,0x0045DDF4,reviewed,high,target-boundary-audit-2026-09-15,Complete dense decode ends in ret; direct-code-refs=1; no overlap or external interior branch
0x0045DDF5,0x0045DE90,reviewed,high,target-boundary-audit-2026-09-15,Complete dense decode ends in ret; direct-code-refs=2; no overlap or external interior branch
0x0045DE91,0x0045DEF7,reviewed,high,target-boundary-audit-2026-09-15,Complete dense decode ends in ret; direct-code-refs=1; no overlap or external interior branch
0x0045DEF8,0x0045DF96,reviewed,high,target-boundary-audit-2026-09-15,Complete dense decode ends in ret; direct-code-refs=1; no overlap or external interior branch
0x0045DF97,0x0045DFE7,reviewed,high,target-boundary-audit-2026-09-15,Complete dense decode ends in ret; absolute-code-refs=1; no overlap or external interior branch
0x0045DFE8,0x0045DFF9,reviewed,high,target-boundary-audit-2026-09-15,Complete dense decode ends in ret; direct-code-refs=1; no overlap or external interior branch
0x0045DFFA,0x0045E039,reviewed,high,target-boundary-audit-2026-09-15,Complete dense decode ends in ret; direct-code-refs=1; no overlap or external interior branch
0x0045E03A,0x0045E062,reviewed,high,target-boundary-audit-2026-09-15,Complete dense decode ends in jmp; direct-code-refs=1; no overlap or external interior branch
0x0045E063,0x0045E0E3,provisional,medium,target-boundary-audit-2026-09-15,"Complete dense decode ends in jmp, but no independent entry reference was found"
0x0045E123,0x0045E203,reviewed,high,target-boundary-audit-2026-09-15,Complete dense decode ends in ret; direct-code-refs=1; no overlap or external interior branch
0x0045E204,0x0045E26F,reviewed,high,target-boundary-audit-2026-09-15,Complete dense decode ends in jmp; direct-code-refs=9; no overlap or external interior branch
0x0045E2B5,0x0045E374,reviewed,high,target-boundary-audit-2026-09-15,Complete dense decode ends in jmp; direct-code-refs=1; no overlap or external interior branch
0x0045E375,0x0045E39F,reviewed,high,target-boundary-audit-2026-09-15,Complete dense decode ends in ret; direct-code-refs=1; no overlap or external interior branch
0x0045E3A0,0x0045E3A2,reviewed,high,target-boundary-audit-2026-09-15,"Complete dense decode ends in ret; direct-code-refs=2, aligned-data-refs=1; no overlap or external interior branch"
0x0045E3A3,0x0045E647,reviewed,high,target-boundary-audit-2026-09-15,Complete dense decode ends in ret; direct-code-refs=3; no overlap or external interior branch
0x0045E648,0x0045E86B,reviewed,high,target-boundary-audit-2026-09-15,Complete dense decode ends in ret; direct-code-refs=3; no overlap or external interior branch
0x0045E86C,0x0045E893,reviewed,high,target-boundary-audit-2026-09-15,Complete dense decode ends in ret; direct-code-refs=5; no overlap or external interior branch
0x0045E8B4,0x0045E8E0,reviewed,high,target-boundary-audit-2026-09-15,Complete dense decode ends in ret; direct-code-refs=2; no overlap or external interior branch
0x0045E8E1,0x0045E97E,reviewed,high,target-boundary-audit-2026-09-15,Complete dense decode ends in ret; direct-code-refs=4; no overlap or external interior branch
0x0045E97F,0x0045E9D1,reviewed,high,target-boundary-audit-2026-09-15,Complete dense decode ends in ret; direct-code-refs=1; no overlap or external interior branch
0x0045E9D2,0x0045EA30,provisional,medium,target-boundary-audit-2026-09-15,"Complete dense decode ends in ret, but no independent entry reference was found"
0x0045EA31,0x0045EAEC,reviewed,high,target-boundary-audit-2026-09-15,Complete dense decode ends in ret; direct-code-refs=1; no overlap or external interior branch
0x0045EAED,0x0045EBB9,provisional,medium,target-boundary-audit-2026-09-15,"Complete dense decode ends in ret, but no independent entry reference was found"
0x0045EBBA,0x0045EBCA,reviewed,high,target-boundary-audit-2026-09-15,Complete dense decode ends in ret; direct-code-refs=1; no overlap or external interior branch
0x0045EBCB,0x0045EBF4,reviewed,high,target-boundary-audit-2026-09-15,Complete dense decode ends in ret; direct-code-refs=2; no overlap or external interior branch
0x0045EC34,0x0045EC58,provisional,medium,target-boundary-audit-2026-09-15,"Complete dense decode ends in ret, but no independent entry reference was found"
0x0045EC59,0x0045ECB3,reviewed,high,target-boundary-audit-2026-09-15,Complete dense decode ends in ret; direct-code-refs=1; no overlap or external interior branch
0x0045ECB4,0x0045ED6F,reviewed,high,target-boundary-audit-2026-09-15,Complete dense decode ends in ret; direct-code-refs=1; no overlap or external interior branch
0x0045ED70,0x0045ED7A,reviewed,high,target-boundary-audit-2026-09-15,Complete dense decode ends in ret; direct-code-refs=1; no overlap or external interior branch
0x0045ED7B,0x0045ED86,reviewed,high,target-boundary-audit-2026-09-15,Complete dense decode ends in ret; direct-code-refs=1; no overlap or external interior branch
0x0045ED87,0x0045EDAA,reviewed,high,target-boundary-audit-2026-09-15,Complete dense decode ends in ret; direct-code-refs=10; no overlap or external interior branch
0x0045EDAB,0x0045EE00,reviewed,high,target-boundary-audit-2026-09-15,Complete dense decode ends in ret; direct-code-refs=5; no overlap or external interior branch
0x0045EE1D,0x0045F1F2,reviewed,high,target-boundary-audit-2026-09-15,Complete dense decode ends in ret; direct-code-refs=4; no overlap or external interior branch
0x0045F1F3,0x0045F258,reviewed,high,target-boundary-audit-2026-09-15,Complete dense decode ends in ret; aligned-data-refs=1; no overlap or external interior branch
0x0045F259,0x0045F3A3,needs_review,low,target-boundary-audit-2026-09-15,tail=int3; direct-code-refs=1
0x0045F3D0,0x0045F4C8,reviewed,high,target-boundary-audit-2026-09-15,Complete dense decode ends in ret; direct-code-refs=2; no overlap or external interior branch
0x0045F4C9,0x0045F4FB,reviewed,high,target-boundary-audit-2026-09-15,Complete dense decode ends in ret; direct-code-refs=1; no overlap or external interior branch
0x0045F590,0x0045F5A0,reviewed,high,target-boundary-audit-2026-09-15,Complete dense decode ends in ret; direct-code-refs=1; no overlap or external interior branch
0x0045F655,0x0045F6D3,reviewed,high,target-boundary-audit-2026-09-15,Complete dense decode ends in ret; direct-code-refs=1; no overlap or external interior branch
0x0045F6D4,0x0045F714,reviewed,high,target-boundary-audit-2026-09-15,Complete dense decode ends in ret; direct-code-refs=6; no overlap or external interior branch
0x0045F715,0x0045F7A8,provisional,medium,target-boundary-audit-2026-09-15,"Complete dense decode ends in ret, but no independent entry reference was found"
0x0045F7AC,0x0045F7B4,reviewed,high,target-boundary-audit-2026-09-15,Complete dense decode ends in ret; direct-code-refs=1; no overlap or external interior branch
0x0045F7B5,0x0045F7D6,provisional,medium,target-boundary-audit-2026-09-15,"Complete dense decode ends in ret, but no independent entry reference was found"
0x0045FA1A,0x0045FA9C,reviewed,high,target-boundary-audit-2026-09-15,Complete dense decode ends in ret; direct-code-refs=2; no overlap or external interior branch
0x0045FBF6,0x0045FC52,reviewed,high,target-boundary-audit-2026-09-15,Complete dense decode ends in ret; direct-code-refs=1; no overlap or external interior branch
0x0045FDAF,0x0045FDB7,reviewed,high,target-boundary-audit-2026-09-15,Complete dense decode ends in ret; aligned-data-refs=6; no overlap or external interior branch
0x0045FE47,0x0045FE74,provisional,medium,target-boundary-audit-2026-09-15,"Complete dense decode ends in ret, but no independent entry reference was found"
0x00460028,0x004601A0,needs_review,low,target-boundary-audit-2026-09-15,overlapping-extents; direct-code-refs=1
0x00460163,0x0046016F,needs_review,low,target-boundary-audit-2026-09-15,overlapping-extents
0x004601A1,0x004601E7,reviewed,high,target-boundary-audit-2026-09-15,Complete dense decode ends in ret; direct-code-refs=3; no overlap or external interior branch
0x004601E8,0x004603C1,reviewed,high,target-boundary-audit-2026-09-15,Complete dense decode ends in ret; direct-code-refs=5; no overlap or external interior branch
0x004603D0,0x0046041D,reviewed,high,target-boundary-audit-2026-09-15,Complete dense decode ends in ret; direct-code-refs=3; no overlap or external interior branch
0x0046041E,0x0046054D,reviewed,high,target-boundary-audit-2026-09-15,Complete dense decode ends in jmp; direct-code-refs=63; no overlap or external interior branch
0x0046054E,0x004605B6,reviewed,high,prior-target-boundary-review+target-boundary-audit-2026-09-15,"Prior boundary evidence retained; dense decode 105/105, tail ret"
0x004605B7,0x00460635,reviewed,high,target-boundary-audit-2026-09-15,Complete dense decode ends in ret; direct-code-refs=3; no overlap or external interior branch
0x00460636,0x00460673,reviewed,high,target-boundary-audit-2026-09-15,Complete dense decode ends in ret; direct-code-refs=2; no overlap or external interior branch
0x00460674,0x0046069D,provisional,medium,target-boundary-audit-2026-09-15,"Complete dense decode ends in ret, but no independent entry reference was found"
0x0046069E,0x004606C4,provisional,medium,target-boundary-audit-2026-09-15,"Complete dense decode ends in ret, but no independent entry reference was found"
0x004606DF,0x0046074B,reviewed,high,target-boundary-audit-2026-09-15,Complete dense decode ends in ret; direct-code-refs=2; no overlap or external interior branch
0x0046074C,0x0046077C,provisional,medium,target-boundary-audit-2026-09-15,"Complete dense decode ends in ret, but no independent entry reference was found"
0x0046077D,0x00460797,provisional,medium,target-boundary-audit-2026-09-15,"Complete dense decode ends in ret, but no independent entry reference was found"
0x00460798,0x004607B8,reviewed,high,target-boundary-audit-2026-09-15,Complete dense decode ends in ret; direct-code-refs=7; no overlap or external interior branch
0x004607B9,0x00460816,reviewed,high,target-boundary-audit-2026-09-15,Complete dense decode ends in ret; direct-code-refs=3; no overlap or external interior branch
0x00460817,0x00460844,reviewed,high,target-boundary-audit-2026-09-15,Complete dense decode ends in ret; direct-code-refs=9; no overlap or external interior branch
0x00460845,0x00460871,reviewed,high,target-boundary-audit-2026-09-15,Complete dense decode ends in ret; direct-code-refs=2; no overlap or external interior branch
0x00460872,0x00460959,reviewed,high,target-boundary-audit-2026-09-15,Complete dense decode ends in ret; direct-code-refs=1; no overlap or external interior branch
0x0046095A,0x00460B8F,reviewed,high,target-boundary-audit-2026-09-15,Complete dense decode ends in ret; direct-code-refs=2; no overlap or external interior branch
0x00460B90,0x00460C1D,reviewed,high,target-boundary-audit-2026-09-15,Complete dense decode ends in ret; direct-code-refs=2; no overlap or external interior branch
0x00460C26,0x00460CED,reviewed,high,target-boundary-audit-2026-09-15,Complete dense decode ends in ret; direct-code-refs=5; no overlap or external interior branch
0x00460CEE,0x00460D0F,reviewed,high,target-boundary-audit-2026-09-15,Complete dense decode ends in ret; direct-code-refs=1; no overlap or external interior branch
0x00460D10,0x00460D86,reviewed,high,target-boundary-audit-2026-09-15,Complete dense decode ends in ret; direct-code-refs=3; no overlap or external interior branch
0x00460D87,0x00460E40,reviewed,high,target-boundary-audit-2026-09-15,Complete dense decode ends in ret; direct-code-refs=1; no overlap or external interior branch
0x00460E41,0x00460EB8,reviewed,high,target-boundary-audit-2026-09-15,Complete dense decode ends in ret; direct-code-refs=3; no overlap or external interior branch
0x00460EE4,0x00460F75,reviewed,high,target-boundary-audit-2026-09-15,Complete dense decode ends in ret; direct-code-refs=1; no overlap or external interior branch
0x00460F76,0x00461003,reviewed,high,target-boundary-audit-2026-09-15,Complete dense decode ends in ret; direct-code-refs=1; no overlap or external interior branch
0x0046105E,0x0046108F,reviewed,high,target-boundary-audit-2026-09-15,Complete dense decode ends in ret; direct-code-refs=1; no overlap or external interior branch
0x00461090,0x004610A5,reviewed,high,target-boundary-audit-2026-09-15,Complete dense decode ends in ret; direct-code-refs=1; no overlap or external interior branch
0x004610A6,0x004610F3,reviewed,high,target-boundary-audit-2026-09-15,Complete dense decode ends in ret; direct-code-refs=2; no overlap or external interior branch
0x004610F4,0x00461183,reviewed,high,target-boundary-audit-2026-09-15,Complete dense decode ends in jmp; direct-code-refs=2; no overlap or external interior branch
0x00461184,0x00461360,provisional,medium,target-boundary-audit-2026-09-15,"Complete dense decode ends in ret, but no independent entry reference was found"
0x00461361,0x0046140B,needs_review,low,target-boundary-audit-2026-09-15,overlapping-extents; direct-code-refs=1
0x004613E8,0x004613EF,needs_review,low,target-boundary-audit-2026-09-15,overlapping-extents
0x0046140C,0x00461457,provisional,medium,target-boundary-audit-2026-09-15,"Complete dense decode ends in ret, but no independent entry reference was found"
0x00461565,0x00461694,reviewed,high,target-boundary-audit-2026-09-15,Complete dense decode ends in ret; direct-code-refs=1; no overlap or external interior branch
0x00461695,0x004617D4,reviewed,high,target-boundary-audit-2026-09-15,Complete dense decode ends in ret; direct-code-refs=3; no overlap or external interior branch
0x004617E0,0x00461840,reviewed,high,target-boundary-audit-2026-09-15,Complete dense decode ends in ret; direct-code-refs=1; no overlap or external interior branch
0x00461841,0x00461ADC,reviewed,high,target-boundary-audit-2026-09-15,Complete dense decode ends in jmp; direct-code-refs=1; no overlap or external interior branch
0x00461ADD,0x00461AF8,reviewed,high,target-boundary-audit-2026-09-15,Complete dense decode ends in ret; direct-code-refs=2; no overlap or external interior branch
0x00461AF9,0x00461E82,reviewed,high,target-boundary-audit-2026-09-15,Complete dense decode ends in ret; direct-code-refs=1; no overlap or external interior branch
0x00461E83,0x00461ECF,reviewed,high,target-boundary-audit-2026-09-15,Complete dense decode ends in ret; direct-code-refs=1; no overlap or external interior branch
0x00461ED0,0x00461F30,reviewed,high,target-boundary-audit-2026-09-15,Complete dense decode ends in ret; direct-code-refs=1; no overlap or external interior branch
0x00461F31,0x00462106,reviewed,high,target-boundary-audit-2026-09-15,Complete dense decode ends in jmp; direct-code-refs=1; no overlap or external interior branch
0x00462107,0x00462189,provisional,medium,target-boundary-audit-2026-09-15,"Complete dense decode ends in ret, but no independent entry reference was found"
0x0046218A,0x00462224,needs_review,low,target-boundary-audit-2026-09-15,overlapping-extents; direct-code-refs=1
0x00462201,0x00462208,needs_review,low,target-boundary-audit-2026-09-15,overlapping-extents
0x00462225,0x0046224F,reviewed,high,target-boundary-audit-2026-09-15,Complete dense decode ends in ret; direct-code-refs=1; no overlap or external interior branch
0x00462250,0x0046227A,reviewed,high,target-boundary-audit-2026-09-15,Complete dense decode ends in ret; direct-code-refs=1; no overlap or external interior branch
0x0046227B,0x004622F5,needs_review,low,target-boundary-audit-2026-09-15,remote-ghidra-body; direct-code-refs=1
0x00462301,0x00462326,reviewed,high,target-boundary-audit-2026-09-15,Complete dense decode ends in ret; direct-code-refs=1; no overlap or external interior branch
0x00462327,0x00462362,reviewed,high,target-boundary-audit-2026-09-15,Complete dense decode ends in ret; direct-code-refs=2; no overlap or external interior branch
0x00462371,0x0046238D,reviewed,high,target-boundary-audit-2026-09-15,Complete dense decode ends in jmp; direct-code-refs=3; no overlap or external interior branch
0x0046238E,0x004623A9,reviewed,high,target-boundary-audit-2026-09-15,Complete dense decode ends in ret; aligned-data-refs=1; no overlap or external interior branch
0x004623C2,0x004623DD,reviewed,high,target-boundary-audit-2026-09-15,Complete dense decode ends in ret; aligned-data-refs=1; no overlap or external interior branch
0x004623DE,0x004623E8,reviewed,high,target-boundary-audit-2026-09-15,"Complete dense decode ends in jmp; direct-code-refs=1, aligned-data-refs=1; no overlap or external interior branch"
0x00462401,0x0046241C,reviewed,high,target-boundary-audit-2026-09-15,Complete dense decode ends in ret; aligned-data-refs=1; no overlap or external interior branch
0x0046241D,0x00462427,reviewed,high,target-boundary-audit-2026-09-15,"Complete dense decode ends in jmp; direct-code-refs=1, aligned-data-refs=1; no overlap or external interior branch"
0x00462428,0x00462466,needs_review,low,target-boundary-audit-2026-09-15,tail=call; direct-code-refs=2
0x004624C3,0x004624E4,reviewed,high,target-boundary-audit-2026-09-15,Complete dense decode ends in ret; direct-code-refs=2; no overlap or external interior branch
0x004624E5,0x00462523,needs_review,low,target-boundary-audit-2026-09-15,tail=call; direct-code-refs=2
0x0046263A,0x0046263F,reviewed,high,target-boundary-audit-2026-09-15,Complete dense decode ends in jmp; direct-code-refs=2; no overlap or external interior branch
0x004626D6,0x00462700,reviewed,high,target-boundary-audit-2026-09-15,Complete dense decode ends in jmp; direct-code-refs=1; no overlap or external interior branch
0x00462706,0x0046270C,reviewed,high,target-boundary-audit-2026-09-15,Complete dense decode ends in jmp; direct-code-refs=1; no overlap or external interior branch
0x0046270D,0x00462713,reviewed,high,target-boundary-audit-2026-09-15,Complete dense decode ends in jmp; direct-code-refs=1; no overlap or external interior branch
0x00462714,0x0046271A,reviewed,high,target-boundary-audit-2026-09-15,Complete dense decode ends in jmp; direct-code-refs=1; no overlap or external interior branch
0x0046271B,0x0046276C,reviewed,high,target-boundary-audit-2026-09-15,Complete dense decode ends in ret; direct-code-refs=2; no overlap or external interior branch
0x0046276D,0x004627A2,provisional,medium,target-boundary-audit-2026-09-15,"Complete dense decode ends in ret, but no independent entry reference was found"
0x004627F8,0x004628BE,reviewed,high,target-boundary-audit-2026-09-15,Complete dense decode ends in ret; direct-code-refs=2; no overlap or external interior branch
0x004628BF,0x00462970,reviewed,high,target-boundary-audit-2026-09-15,Complete dense decode ends in ret; absolute-code-refs=1; no overlap or external interior branch
0x00462971,0x004629EA,reviewed,high,target-boundary-audit-2026-09-15,Complete dense decode ends in ret; direct-code-refs=2; no overlap or external interior branch
0x004629EB,0x00462A12,reviewed,high,target-boundary-audit-2026-09-15,Complete dense decode ends in ret; direct-code-refs=1; no overlap or external interior branch
0x00462A13,0x00462A33,reviewed,high,target-boundary-audit-2026-09-15,Complete dense decode ends in ret; direct-code-refs=1; no overlap or external interior branch
0x00462A34,0x00462A7F,reviewed,high,target-boundary-audit-2026-09-15,Complete dense decode ends in ret; direct-code-refs=1; no overlap or external interior branch
0x00462A80,0x00462AD8,reviewed,high,target-boundary-audit-2026-09-15,Complete dense decode ends in ret; direct-code-refs=1; no overlap or external interior branch
0x00462ADC,0x00462AFA,reviewed,high,target-boundary-audit-2026-09-15,Complete dense decode ends in ret; direct-code-refs=3; no overlap or external interior branch
0x00462AFB,0x00462B34,reviewed,high,target-boundary-audit-2026-09-15,Complete dense decode ends in ret; direct-code-refs=3; no overlap or external interior branch
0x00462B35,0x00462B71,reviewed,high,target-boundary-audit-2026-09-15,Complete dense decode ends in ret; direct-code-refs=1; no overlap or external interior branch
0x00462B72,0x00462B7A,reviewed,high,target-boundary-audit-2026-09-15,"Complete dense decode ends in ret; direct-code-refs=1, aligned-data-refs=1; no overlap or external interior branch"
0x00462B7B,0x00462B96,reviewed,high,target-boundary-audit-2026-09-15,Complete dense decode ends in ret; aligned-data-refs=1; no overlap or external interior branch
0x00462C01,0x00462C11,reviewed,high,target-boundary-audit-2026-09-15,Complete dense decode ends in ret; direct-code-refs=1; no overlap or external interior branch
0x00462C5A,0x00462CAB,reviewed,high,target-boundary-audit-2026-09-15,"Complete dense decode ends in ret; direct-code-refs=1, aligned-data-refs=1; no overlap or external interior branch"
0x00462CAC,0x00462CC1,reviewed,high,target-boundary-audit-2026-09-15,Complete dense decode ends in ret; direct-code-refs=8; no overlap or external interior branch
0x00462D00,0x00462D0A,reviewed,high,target-boundary-audit-2026-09-15,Complete dense decode ends in jmp; direct-code-refs=1; no overlap or external interior branch
0x00462D3C,0x00462D46,reviewed,high,target-boundary-audit-2026-09-15,Complete dense decode ends in jmp; direct-code-refs=1; no overlap or external interior branch
0x00462D77,0x00462D81,reviewed,high,target-boundary-audit-2026-09-15,Complete dense decode ends in jmp; direct-code-refs=1; no overlap or external interior branch
0x00462D82,0x00462D9D,reviewed,high,target-boundary-audit-2026-09-15,Complete dense decode ends in ret; aligned-data-refs=1; no overlap or external interior branch
0x00462D9E,0x00462DBC,provisional,medium,target-boundary-audit-2026-09-15,"Complete dense decode ends in ret, but no independent entry reference was found"
0x00462DBD,0x00462DD8,reviewed,high,target-boundary-audit-2026-09-15,Complete dense decode ends in ret; aligned-data-refs=1; no overlap or external interior branch
0x00462DD9,0x00462DF4,reviewed,high,target-boundary-audit-2026-09-15,Complete dense decode ends in ret; aligned-data-refs=1; no overlap or external interior branch
0x00462DF5,0x00462E10,reviewed,high,target-boundary-audit-2026-09-15,Complete dense decode ends in ret; aligned-data-refs=1; no overlap or external interior branch
0x00462E11,0x00462E5F,reviewed,high,target-boundary-audit-2026-09-15,Complete dense decode ends in ret; direct-code-refs=2; no overlap or external interior branch
0x00462E7E,0x00462F2A,reviewed,high,target-boundary-audit-2026-09-15,Complete dense decode ends in ret; direct-code-refs=3; no overlap or external interior branch
0x00462F31,0x00462F4B,reviewed,high,target-boundary-audit-2026-09-15,Complete dense decode ends in ret; direct-code-refs=1; no overlap or external interior branch
0x00462F7C,0x00462FAF,reviewed,high,target-boundary-audit-2026-09-15,Complete dense decode ends in ret; direct-code-refs=2; no overlap or external interior branch
0x00462FC1,0x00462FDF,reviewed,high,target-boundary-audit-2026-09-15,Complete dense decode ends in ret; direct-code-refs=4; no overlap or external interior branch
0x004631D5,0x00463320,reviewed,high,target-boundary-audit-2026-09-15,Complete dense decode ends in ret; direct-code-refs=1; no overlap or external interior branch
0x0046332A,0x00463398,reviewed,high,target-boundary-audit-2026-09-15,Complete dense decode ends in ret; direct-code-refs=1; no overlap or external interior branch
0x00463399,0x00463508,reviewed,high,target-boundary-audit-2026-09-15,Complete dense decode ends in ret; direct-code-refs=2; no overlap or external interior branch
0x00463515,0x00463639,provisional,medium,target-boundary-audit-2026-09-15,"Complete dense decode ends in ret, but no independent entry reference was found"
0x0046363A,0x004636A0,reviewed,high,target-boundary-audit-2026-09-15,Complete dense decode ends in ret; direct-code-refs=2; no overlap or external interior branch
0x004636A1,0x0046375E,reviewed,high,target-boundary-audit-2026-09-15,Complete dense decode ends in ret; direct-code-refs=1; no overlap or external interior branch
0x0046375F,0x00463962,reviewed,high,target-boundary-audit-2026-09-15,Complete dense decode ends in jmp; direct-code-refs=1; no overlap or external interior branch
0x00463963,0x00463A04,reviewed,high,target-boundary-audit-2026-09-15,Complete dense decode ends in ret; direct-code-refs=2; no overlap or external interior branch
0x00463A10,0x00463A5B,reviewed,high,target-boundary-audit-2026-09-15,Complete dense decode ends in ret; direct-code-refs=2; no overlap or external interior branch
0x00463A5C,0x00463AA9,reviewed,high,target-boundary-audit-2026-09-15,Complete dense decode ends in ret; aligned-data-refs=2; no overlap or external interior branch
0x00463ACA,0x00463AE5,reviewed,high,target-boundary-audit-2026-09-15,Complete dense decode ends in ret; direct-code-refs=5; no overlap or external interior branch
0x00463AE6,0x00463B01,reviewed,high,target-boundary-audit-2026-09-15,Complete dense decode ends in ret; direct-code-refs=4; no overlap or external interior branch
0x00463B02,0x00463B19,reviewed,high,target-boundary-audit-2026-09-15,Complete dense decode ends in ret; direct-code-refs=2; no overlap or external interior branch
0x00463B2C,0x00463BA0,reviewed,high,target-boundary-audit-2026-09-15,Complete dense decode ends in ret; direct-code-refs=206; no overlap or external interior branch
0x00463BBA,0x00463BC3,reviewed,high,target-boundary-audit-2026-09-15,Complete dense decode ends in jmp; direct-code-refs=2; no overlap or external interior branch
0x00463BF0,0x00463C03,reviewed,high,target-boundary-audit-2026-09-15,Complete dense decode ends in ret; direct-code-refs=1; no overlap or external interior branch
0x00463C0D,0x00464FAA,needs_review,low,target-boundary-audit-2026-09-15,overlapping-extents; direct-code-refs=1
0x00463CC0,0x00463CFD,needs_review,low,target-boundary-audit-2026-09-15,overlapping-extents; direct-code-refs=1
0x00463CFE,0x00463D3A,needs_review,low,target-boundary-audit-2026-09-15,overlapping-extents
0x00463D3B,0x00463D82,needs_review,low,target-boundary-audit-2026-09-15,overlapping-extents
0x00463D83,0x00463D89,needs_review,low,target-boundary-audit-2026-09-15,tail=and; overlapping-extents
0x00463D8A,0x00463ED0,needs_review,low,target-boundary-audit-2026-09-15,overlapping-extents
0x00463ED1,0x00463F03,needs_review,low,target-boundary-audit-2026-09-15,overlapping-extents
0x00463F04,0x00463F3F,needs_review,low,target-boundary-audit-2026-09-15,overlapping-extents
0x00463F40,0x00463FA6,needs_review,low,target-boundary-audit-2026-09-15,overlapping-extents
0x00463FA7,0x00464032,needs_review,low,target-boundary-audit-2026-09-15,overlapping-extents
0x00464916,0x00464B1B,needs_review,low,target-boundary-audit-2026-09-15,overlapping-extents
0x00464B1C,0x00464BCD,needs_review,low,target-boundary-audit-2026-09-15,overlapping-extents
0x00464EA0,0x00464EB6,needs_review,low,target-boundary-audit-2026-09-15,overlapping-extents
0x00464EB7,0x00464EF2,needs_review,low,target-boundary-audit-2026-09-15,overlapping-extents; direct-code-refs=1
0x00464F15,0x00464F2B,needs_review,low,target-boundary-audit-2026-09-15,overlapping-extents
0x00464F2C,0x00464F44,needs_review,low,target-boundary-audit-2026-09-15,overlapping-extents
0x00464F88,0x00464F9D,needs_review,low,target-boundary-audit-2026-09-15,overlapping-extents; direct-code-refs=1
0x00464FAB,0x00464FD4,provisional,medium,target-boundary-audit-2026-09-15,"Complete dense decode ends in ret, but no independent entry reference was found"
0x0046508C,0x00465187,provisional,medium,target-boundary-audit-2026-09-15,"Complete dense decode ends in ret, but no independent entry reference was found"
0x00465190,0x00465197,reviewed,high,target-boundary-audit-2026-09-15,Complete dense decode ends in jmp; aligned-data-refs=1; no overlap or external interior branch
0x004651A2,0x004651A9,reviewed,high,target-boundary-audit-2026-09-15,Complete dense decode ends in jmp; aligned-data-refs=1; no overlap or external interior branch
0x004651B4,0x004651BB,reviewed,high,target-boundary-audit-2026-09-15,Complete dense decode ends in jmp; aligned-data-refs=1; no overlap or external interior branch
0x004651C6,0x004651CD,reviewed,high,target-boundary-audit-2026-09-15,Complete dense decode ends in jmp; aligned-data-refs=1; no overlap or external interior branch
0x004651E0,0x004651FB,reviewed,high,target-boundary-audit-2026-09-15,Complete dense decode ends in ret; aligned-data-refs=1; no overlap or external interior branch
0x004651FC,0x00465209,reviewed,high,target-boundary-audit-2026-09-15,Complete dense decode ends in jmp; aligned-data-refs=1; no overlap or external interior branch
0x0046520A,0x00465224,reviewed,high,target-boundary-audit-2026-09-15,Complete dense decode ends in ret; aligned-data-refs=1; no overlap or external interior branch
0x00465230,0x0046523A,reviewed,high,target-boundary-audit-2026-09-15,Complete dense decode ends in jmp; aligned-data-refs=1; no overlap or external interior branch
0x00465250,0x00465267,reviewed,high,target-boundary-audit-2026-09-15,Complete dense decode ends in ret; aligned-data-refs=1; no overlap or external interior branch
0x00465280,0x0046528A,reviewed,high,target-boundary-audit-2026-09-15,Complete dense decode ends in jmp; aligned-data-refs=1; no overlap or external interior branch
0x004652A0,0x004652BA,reviewed,high,target-boundary-audit-2026-09-15,Complete dense decode ends in ret; aligned-data-refs=1; no overlap or external interior branch
0x004652BB,0x004652D5,reviewed,high,target-boundary-audit-2026-09-15,Complete dense decode ends in ret; aligned-data-refs=1; no overlap or external interior branch
0x004652E0,0x004652EA,reviewed,high,target-boundary-audit-2026-09-15,Complete dense decode ends in jmp; aligned-data-refs=1; no overlap or external interior branch
0x004652EB,0x004652F8,reviewed,high,target-boundary-audit-2026-09-15,Complete dense decode ends in jmp; aligned-data-refs=1; no overlap or external interior branch
0x00465310,0x0046531A,reviewed,high,target-boundary-audit-2026-09-15,Complete dense decode ends in ret; aligned-data-refs=1; no overlap or external interior branch
0x00465330,0x0046533A,reviewed,high,target-boundary-audit-2026-09-15,Complete dense decode ends in ret; aligned-data-refs=1; no overlap or external interior branch
0x00465350,0x00465357,reviewed,high,target-boundary-audit-2026-09-15,Complete dense decode ends in jmp; aligned-data-refs=1; no overlap or external interior branch
0x00465358,0x00465362,reviewed,high,target-boundary-audit-2026-09-15,Complete dense decode ends in jmp; aligned-data-refs=1; no overlap or external interior branch
0x00465380,0x00465387,reviewed,high,target-boundary-audit-2026-09-15,Complete dense decode ends in jmp; aligned-data-refs=1; no overlap or external interior branch
0x004653A0,0x004653A7,reviewed,high,target-boundary-audit-2026-09-15,Complete dense decode ends in jmp; aligned-data-refs=1; no overlap or external interior branch
0x004653C0,0x004653CA,reviewed,high,target-boundary-audit-2026-09-15,Complete dense decode ends in ret; aligned-data-refs=1; no overlap or external interior branch
0x004653E0,0x004653EA,reviewed,high,target-boundary-audit-2026-09-15,Complete dense decode ends in jmp; aligned-data-refs=1; no overlap or external interior branch
0x00465400,0x0046541B,reviewed,high,target-boundary-audit-2026-09-15,Complete dense decode ends in ret; aligned-data-refs=1; no overlap or external interior branch
0x00465430,0x00465448,reviewed,high,target-boundary-audit-2026-09-15,Complete dense decode ends in ret; aligned-data-refs=1; no overlap or external interior branch
0x00465449,0x00465463,reviewed,high,target-boundary-audit-2026-09-15,Complete dense decode ends in ret; aligned-data-refs=1; no overlap or external interior branch
0x00465464,0x0046547E,reviewed,high,target-boundary-audit-2026-09-15,Complete dense decode ends in ret; aligned-data-refs=1; no overlap or external interior branch
0x0046547F,0x00465499,reviewed,high,target-boundary-audit-2026-09-15,Complete dense decode ends in ret; aligned-data-refs=1; no overlap or external interior branch
0x0046549A,0x004654B4,reviewed,high,target-boundary-audit-2026-09-15,Complete dense decode ends in ret; aligned-data-refs=1; no overlap or external interior branch
0x004654C0,0x004654CD,reviewed,high,target-boundary-audit-2026-09-15,Complete dense decode ends in jmp; aligned-data-refs=1; no overlap or external interior branch
0x004654E0,0x004654F8,reviewed,high,target-boundary-audit-2026-09-15,Complete dense decode ends in ret; aligned-data-refs=1; no overlap or external interior branch
0x004654F9,0x00465513,reviewed,high,target-boundary-audit-2026-09-15,Complete dense decode ends in ret; aligned-data-refs=1; no overlap or external interior branch
0x00465520,0x0046553B,reviewed,high,target-boundary-audit-2026-09-15,Complete dense decode ends in ret; aligned-data-refs=1; no overlap or external interior branch
0x00465550,0x0046556A,reviewed,high,target-boundary-audit-2026-09-15,Complete dense decode ends in ret; aligned-data-refs=1; no overlap or external interior branch
0x00465580,0x0046558A,reviewed,high,target-boundary-audit-2026-09-15,Complete dense decode ends in jmp; aligned-data-refs=1; no overlap or external interior branch
0x004655A0,0x004655AA,reviewed,high,target-boundary-audit-2026-09-15,Complete dense decode ends in ret; aligned-data-refs=1; no overlap or external interior branch
0x004655C0,0x004655D8,reviewed,high,target-boundary-audit-2026-09-15,Complete dense decode ends in ret; aligned-data-refs=1; no overlap or external interior branch
0x004655D9,0x004655F3,reviewed,high,target-boundary-audit-2026-09-15,Complete dense decode ends in ret; aligned-data-refs=1; no overlap or external interior branch
0x004655F4,0x0046560E,reviewed,high,target-boundary-audit-2026-09-15,Complete dense decode ends in ret; aligned-data-refs=1; no overlap or external interior branch
0x00465620,0x0046562D,reviewed,high,target-boundary-audit-2026-09-15,Complete dense decode ends in jmp; aligned-data-refs=1; no overlap or external interior branch
0x00465640,0x0046564A,reviewed,high,target-boundary-audit-2026-09-15,Complete dense decode ends in ret; aligned-data-refs=1; no overlap or external interior branch
0x00465660,0x0046566A,reviewed,high,target-boundary-audit-2026-09-15,Complete dense decode ends in ret; aligned-data-refs=1; no overlap or external interior branch
0x00465680,0x0046568A,reviewed,high,target-boundary-audit-2026-09-15,Complete dense decode ends in jmp; aligned-data-refs=1; no overlap or external interior branch
0x0046568B,0x00465695,reviewed,high,target-boundary-audit-2026-09-15,Complete dense decode ends in jmp; aligned-data-refs=1; no overlap or external interior branch
0x004656A0,0x004656B8,reviewed,high,target-boundary-audit-2026-09-15,Complete dense decode ends in ret; aligned-data-refs=1; no overlap or external interior branch
0x004656B9,0x004656D3,reviewed,high,target-boundary-audit-2026-09-15,Complete dense decode ends in ret; aligned-data-refs=1; no overlap or external interior branch
0x004656D4,0x004656EE,reviewed,high,target-boundary-audit-2026-09-15,Complete dense decode ends in ret; aligned-data-refs=1; no overlap or external interior branch
0x004656EF,0x00465709,reviewed,high,target-boundary-audit-2026-09-15,Complete dense decode ends in ret; aligned-data-refs=1; no overlap or external interior branch
0x0046570A,0x00465724,reviewed,high,target-boundary-audit-2026-09-15,Complete dense decode ends in ret; aligned-data-refs=1; no overlap or external interior branch
0x00465725,0x0046573F,reviewed,high,target-boundary-audit-2026-09-15,Complete dense decode ends in ret; aligned-data-refs=1; no overlap or external interior branch
0x00465740,0x0046574D,reviewed,high,target-boundary-audit-2026-09-15,Complete dense decode ends in jmp; aligned-data-refs=1; no overlap or external interior branch
0x00465760,0x0046577B,reviewed,high,target-boundary-audit-2026-09-15,Complete dense decode ends in ret; aligned-data-refs=1; no overlap or external interior branch
0x0046577C,0x00465789,reviewed,high,target-boundary-audit-2026-09-15,Complete dense decode ends in jmp; aligned-data-refs=1; no overlap or external interior branch
0x0046578A,0x004657A4,reviewed,high,target-boundary-audit-2026-09-15,Complete dense decode ends in ret; aligned-data-refs=1; no overlap or external interior branch
0x004657B0,0x004657BA,reviewed,high,target-boundary-audit-2026-09-15,Complete dense decode ends in ret; aligned-data-refs=1; no overlap or external interior branch
0x004657D0,0x004657DA,reviewed,high,target-boundary-audit-2026-09-15,Complete dense decode ends in jmp; aligned-data-refs=1; no overlap or external interior branch
0x004657DB,0x004657E8,reviewed,high,target-boundary-audit-2026-09-15,Complete dense decode ends in jmp; aligned-data-refs=1; no overlap or external interior branch
0x00465800,0x0046580A,reviewed,high,target-boundary-audit-2026-09-15,Complete dense decode ends in ret; aligned-data-refs=1; no overlap or external interior branch
0x00465820,0x0046582A,reviewed,high,target-boundary-audit-2026-09-15,Complete dense decode ends in ret; aligned-data-refs=1; no overlap or external interior branch
0x00465840,0x0046584A,reviewed,high,target-boundary-audit-2026-09-15,Complete dense decode ends in ret; aligned-data-refs=1; no overlap or external interior branch
0x00465860,0x0046586A,reviewed,high,target-boundary-audit-2026-09-15,Complete dense decode ends in ret; aligned-data-refs=1; no overlap or external interior branch
0x00465880,0x0046588A,reviewed,high,target-boundary-audit-2026-09-15,Complete dense decode ends in ret; aligned-data-refs=1; no overlap or external interior branch
0x004658A0,0x004658AA,reviewed,high,target-boundary-audit-2026-09-15,Complete dense decode ends in ret; aligned-data-refs=1; no overlap or external interior branch
