address,origin,subsystem,disposition,confidence,evidence_id
0x00401000,authored_game,AsciiManager,authored,high,ascii-manager-owner-2026-09-14
0x00401110,authored_game,AsciiManager,authored,high,ascii-manager-owner-2026-09-14
0x00401260,authored_game,AsciiManager,authored,high,ascii-manager-owner-2026-09-14
0x00401440,authored_game,AsciiManager,authored,high,ascii-manager-owner-2026-09-14
0x004014D0,authored_game,AsciiManager,authored,high,ascii-text-pipeline-2026-09-14
0x004014F0,authored_game,AsciiManager,authored,high,ascii-text-pipeline-2026-09-14
0x00401510,authored_game,AsciiManager,authored,high,ascii-text-pipeline-2026-09-14
0x00401520,authored_game,AsciiManager,authored,high,ascii-text-pipeline-2026-09-14
0x00401530,authored_game,AsciiManager,authored,high,ascii-text-pipeline-2026-09-14
0x004015C0,authored_game,AsciiManager,authored,high,ascii-text-pipeline-2026-09-14
0x00401630,authored_game,AsciiManager,authored,high,ascii-text-pipeline-2026-09-14
0x00401690,authored_game,AsciiManager,authored,high,ascii-text-pipeline-2026-09-14
0x00401700,authored_game,AsciiManager,authored,high,ascii-text-pipeline-2026-09-14
0x00401760,authored_game,AsciiManager,authored,high,ascii-text-pipeline-2026-09-14
0x00401A50,authored_game,AsciiManager,authored,high,ascii-text-pipeline-2026-09-14
0x00401C90,authored_game,AsciiManager,authored,high,ascii-manager-owner-2026-09-14
0x00401D20,authored_game,GameUnassigned,authored,medium,target-ida-reviewed-game-component-2026-09-17
0x00401DE0,authored_game,AnmManager,authored,high,anm-vm-lifecycle-2026-09-14
0x00401F00,authored_game,AnmManager,authored,high,anm-vm-lifecycle-2026-09-14
0x00401F40,authored_game,AnmManager,authored,high,anm-vm-lifecycle-2026-09-14
0x00401FF0,authored_game,AnmManager,authored,high,anm-vm-lifecycle-2026-09-14
0x00402050,authored_game,AnmManager,authored,high,anm-vm-lifecycle-2026-09-14
0x00402160,unknown,,indeterminate,unknown,target-ida-origin-indeterminate-2026-09-18
0x00402230,authored_game,GameUnassigned,authored,medium,target-ida-reviewed-game-behavior-2026-09-17
0x00402440,authored_game,GameUnassigned,authored,medium,target-authored-call-and-globals-2026-09-17
0x00402640,authored_game,GameUnassigned,authored,medium,target-ida-reviewed-early-game-2026-09-17
0x00402720,authored_game,GameUnassigned,authored,medium,target-authored-neighbor-and-global-2026-09-17
0x00402850,authored_game,GameUnassigned,authored,medium,target-authored-call-and-globals-2026-09-17
0x00402CA0,authored_game,GameUnassigned,authored,medium,target-authored-call-and-globals-2026-09-17
0x00403090,authored_game,GameUnassigned,authored,medium,target-ida-reviewed-early-game-2026-09-17
0x00403850,authored_game,GameUnassigned,authored,medium,target-authored-neighbor-and-global-2026-09-17
0x00403990,authored_game,GameUnassigned,authored,medium,target-ida-reviewed-early-game-2026-09-17
0x00403A30,authored_game,GameUnassigned,authored,medium,target-authored-call-and-globals-2026-09-17
0x00403C80,authored_game,GameUnassigned,authored,medium,target-ida-reviewed-game-behavior-2026-09-17
0x00404450,authored_game,GameUnassigned,authored,medium,target-ida-reviewed-early-game-2026-09-17
0x00404530,authored_game,GameUnassigned,authored,medium,target-ida-reviewed-early-game-2026-09-17
0x004045B0,authored_game,GameUnassigned,authored,medium,target-ida-reviewed-early-game-2026-09-17
0x00404610,authored_game,AnmManager,authored,high,anm-interpolation-evaluators-2026-09-15
0x004049A0,authored_game,GameUnassigned,authored,medium,target-ida-reviewed-early-game-2026-09-17
0x00404D40,authored_game,GameUnassigned,authored,medium,target-ida-reviewed-game-component-2026-09-17
0x00404DA0,authored_game,GameUnassigned,authored,medium,target-ida-reviewed-game-component-2026-09-17
0x00404E10,authored_game,GameUnassigned,authored,medium,target-ida-reviewed-game-component-2026-09-17
0x00404ED0,authored_game,GameUnassigned,authored,medium,target-ida-reviewed-early-game-2026-09-17
0x00404F30,authored_game,GameUnassigned,authored,medium,target-authored-call-sandwich-2026-09-17
0x00405040,authored_game,GameUnassigned,authored,medium,target-ida-reviewed-game-component-2026-09-17
0x004050D0,unknown,,indeterminate,unknown,target-ida-origin-indeterminate-2026-09-18
0x00405300,authored_game,GameUnassigned,authored,medium,target-ida-reviewed-game-component-2026-09-17
0x00405410,authored_game,GameUnassigned,authored,medium,target-ida-reviewed-game-component-2026-09-17
0x004054B0,authored_game,GameUnassigned,authored,medium,target-authored-call-sandwich-2026-09-17
0x00405500,authored_game,GameUnassigned,authored,medium,target-ida-reviewed-early-game-2026-09-17
0x004055C0,authored_game,GameUnassigned,authored,medium,target-ida-reviewed-early-game-2026-09-17
0x00405620,authored_game,GameUnassigned,authored,medium,target-ida-reviewed-early-game-2026-09-17
0x004056B0,authored_game,GameUnassigned,authored,medium,target-ida-reviewed-early-game-2026-09-17
0x00405750,authored_game,GameUnassigned,authored,medium,target-authored-neighbor-and-global-2026-09-17
0x00405860,authored_game,GameUnassigned,authored,medium,target-authored-neighbor-and-global-2026-09-17
0x004059F0,authored_game,GameUnassigned,authored,medium,target-authored-data-and-edge-2026-09-17
0x00405AC0,authored_game,GameUnassigned,authored,medium,target-ida-reviewed-early-game-2026-09-17
0x00405B60,authored_game,GameUnassigned,authored,medium,target-ida-reviewed-game-component-2026-09-17
0x00405BE0,authored_game,GameUnassigned,authored,medium,target-ida-reviewed-early-game-2026-09-17
0x00405D00,unknown,,indeterminate,unknown,target-ida-origin-indeterminate-2026-09-18
0x00405DE0,unknown,,indeterminate,unknown,target-ida-origin-indeterminate-2026-09-18
0x00405E20,authored_game,GameUnassigned,authored,medium,target-authored-call-and-globals-2026-09-17
0x00405ED0,authored_game,GameUnassigned,authored,medium,target-authored-neighbor-and-global-2026-09-17
0x00405F70,authored_game,GameUnassigned,authored,medium,target-authored-call-and-globals-2026-09-17
0x00406060,authored_game,GameUnassigned,authored,medium,target-ida-reviewed-early-game-2026-09-17
0x00406160,authored_game,GameUnassigned,authored,medium,target-ida-reviewed-early-game-2026-09-17
0x004061D0,authored_game,GameUnassigned,authored,medium,target-ida-reviewed-early-game-2026-09-17
0x00406240,authored_game,GameUnassigned,authored,medium,target-authored-neighbor-and-global-2026-09-17
0x004065C0,authored_game,GameUnassigned,authored,medium,target-ida-reviewed-early-game-2026-09-17
0x004066E0,authored_game,GameUnassigned,authored,medium,target-authored-neighbor-and-global-2026-09-17
0x0040678E,unknown,,indeterminate,unknown,target-ida-origin-indeterminate-2026-09-18
0x004067D0,authored_game,GameUnassigned,authored,medium,target-authored-neighbor-and-global-2026-09-17
0x00406D90,authored_game,GameUnassigned,authored,medium,target-ida-reviewed-game-behavior-2026-09-17
0x004073E0,authored_game,GameUnassigned,authored,medium,target-authored-neighbor-and-global-2026-09-17
0x004074B0,authored_game,GameUnassigned,authored,medium,target-ida-reviewed-early-game-2026-09-17
0x00407560,authored_game,GameUnassigned,authored,medium,target-ida-reviewed-game-behavior-2026-09-17
0x004076A0,authored_game,GameUnassigned,authored,medium,target-ida-reviewed-early-game-2026-09-17
0x00407780,authored_game,GameUnassigned,authored,medium,target-ida-reviewed-game-behavior-2026-09-17
0x004078E0,authored_game,GameUnassigned,authored,medium,target-ida-reviewed-game-behavior-2026-09-17
0x00407A30,authored_game,GameUnassigned,authored,medium,target-authored-neighbor-and-global-2026-09-17
0x00407BE0,authored_game,GameUnassigned,authored,medium,target-authored-neighbor-and-global-2026-09-17
0x00407DA0,authored_game,GameUnassigned,authored,medium,target-authored-neighbor-and-global-2026-09-17
0x00407E40,authored_game,GameUnassigned,authored,medium,target-authored-neighbor-and-global-2026-09-17
0x00407EF0,authored_game,GameUnassigned,authored,medium,target-authored-data-and-edge-2026-09-17
0x00408030,authored_game,GameUnassigned,authored,medium,target-authored-call-sandwich-2026-09-17
0x00408100,authored_game,GameUnassigned,authored,medium,target-authored-data-and-edge-2026-09-17
0x00408210,authored_game,GameUnassigned,authored,medium,target-authored-neighbor-and-global-2026-09-17
0x00408660,authored_game,GameUnassigned,authored,medium,target-ida-reviewed-early-game-2026-09-17
0x004086B0,authored_game,Enemy,authored,high,target-enemy-bullet-pool-owner-2026-09-24
0x00408750,authored_game,GameUnassigned,authored,medium,target-ida-reviewed-game-component-2026-09-17
0x004088C0,unknown,,indeterminate,unknown,target-ida-origin-indeterminate-2026-09-18
0x00408910,unknown,,indeterminate,unknown,target-ida-origin-indeterminate-2026-09-18
0x004089C0,authored_game,GameUnassigned,authored,medium,target-ida-reviewed-early-game-2026-09-17
0x00408AF0,authored_game,GameUnassigned,authored,medium,target-authored-call-and-globals-2026-09-17
0x00408C90,authored_game,GameUnassigned,authored,medium,target-ida-reviewed-early-game-2026-09-17
0x00408D60,authored_game,GameUnassigned,authored,medium,target-authored-neighbor-and-global-2026-09-17
0x004091C0,authored_game,GameUnassigned,authored,medium,target-authored-neighbor-and-global-2026-09-17
0x00409230,authored_game,AnmManager,authored,high,anm-pair-draw-callback-2026-09-15
0x00409270,unknown,,indeterminate,unknown,target-ida-origin-indeterminate-2026-09-18
0x00409280,authored_game,GameUnassigned,authored,medium,target-authored-call-and-globals-2026-09-17
0x00409C00,authored_game,GameUnassigned,authored,medium,target-authored-call-and-globals-2026-09-17
0x00409D90,authored_game,GameUnassigned,authored,medium,target-ida-reviewed-game-component-2026-09-17
0x00409E20,authored_game,GameUnassigned,authored,medium,target-ida-reviewed-game-component-2026-09-17
0x00409E50,authored_game,GameUnassigned,authored,medium,target-authored-neighbor-and-global-2026-09-17
0x00409F90,authored_game,GameUnassigned,authored,medium,target-authored-neighbor-and-global-2026-09-17
0x0040A940,authored_game,GameUnassigned,authored,medium,target-authored-neighbor-and-global-2026-09-17
0x0040AC20,authored_game,GameUnassigned,authored,medium,target-ida-reviewed-early-game-2026-09-17
0x0040AC90,authored_game,GameUnassigned,authored,medium,target-ida-reviewed-game-component-2026-09-17
0x0040ACE0,authored_game,GameUnassigned,authored,medium,target-ida-reviewed-game-component-2026-09-17
0x0040AD20,authored_game,GameUnassigned,authored,medium,target-ida-reviewed-game-component-2026-09-17
0x0040AE70,authored_game,GameUnassigned,authored,medium,target-authored-call-and-globals-2026-09-17
0x0040AF00,authored_game,GameUnassigned,authored,medium,target-ida-reviewed-early-game-2026-09-17
0x0040AF90,authored_game,GameUnassigned,authored,medium,target-ida-reviewed-early-game-2026-09-17
0x0040B110,authored_game,GameUnassigned,authored,medium,target-authored-neighbor-and-global-2026-09-17
0x0040B250,unknown,,indeterminate,unknown,target-ida-origin-indeterminate-2026-09-18
0x0040B3A0,authored_game,GameUnassigned,authored,medium,target-ida-reviewed-early-game-2026-09-17
0x0040B480,authored_game,GameUnassigned,authored,medium,target-ida-reviewed-early-game-2026-09-17
0x0040B560,authored_game,GameUnassigned,authored,medium,target-authored-neighbor-and-global-2026-09-17
0x0040B7B0,authored_game,GameUnassigned,authored,medium,target-authored-call-and-globals-2026-09-17
0x0040B940,authored_game,GameUnassigned,authored,medium,target-ida-reviewed-early-game-2026-09-17
0x0040B9D0,unknown,,indeterminate,unknown,target-ida-origin-indeterminate-2026-09-18
0x0040B9F0,authored_game,GameUnassigned,authored,medium,target-ida-reviewed-game-component-2026-09-17
0x0040BA90,authored_game,GameUnassigned,authored,medium,target-authored-neighbor-and-global-2026-09-17
0x0040BD20,authored_game,GameUnassigned,authored,medium,target-ida-reviewed-early-game-2026-09-17
0x0040BD80,authored_game,GameUnassigned,authored,medium,target-authored-call-and-globals-2026-09-17
0x0040C3C0,authored_game,GameUnassigned,authored,medium,target-authored-neighbor-and-global-2026-09-17
0x0040C480,authored_game,GameUnassigned,authored,medium,target-authored-neighbor-and-global-2026-09-17
0x0040C4D0,authored_game,GameUnassigned,authored,medium,target-authored-neighbor-and-global-2026-09-17
0x0040C540,authored_game,GameUnassigned,authored,medium,target-authored-call-sandwich-2026-09-17
0x0040C5E0,authored_game,Enemy,authored,high,enemy-ecl-host-base-2026-09-14
0x0040C690,authored_game,Enemy,authored,high,enemy-ecl-host-base-2026-09-14
0x0040C6A0,authored_game,Enemy,authored,high,enemy-ecl-host-base-2026-09-14
0x0040C6B0,authored_game,Enemy,authored,high,enemy-ecl-host-base-2026-09-14
0x0040C6C0,authored_game,Enemy,authored,high,enemy-ecl-host-base-2026-09-14
0x0040C6E0,authored_game,Enemy,authored,high,enemy-ecl-core-lifecycle-2026-09-14
0x0040C710,authored_game,Enemy,authored,high,enemy-ecl-host-base-2026-09-14
0x0040C730,authored_game,Enemy,authored,high,enemy-ecl-core-lifecycle-2026-09-14
0x0040C780,authored_game,Enemy,authored,high,enemy-ecl-host-base-2026-09-14
0x0040C7B0,compiler_generated,Enemy,exclude,high,enemy-ecl-host-base-2026-09-14
0x0040C800,authored_game,Enemy,authored,high,enemy-ecl-core-lifecycle-2026-09-14
0x0040C810,authored_game,Enemy,authored,high,enemy-ecl-core-lifecycle-2026-09-14
0x0040C820,authored_game,Enemy,authored,high,enemy-ecl-core-lifecycle-2026-09-14
0x0040C830,authored_game,Enemy,authored,high,enemy-ecl-core-lifecycle-2026-09-14
0x0040C860,authored_game,Enemy,authored,high,enemy-ecl-core-lifecycle-2026-09-14
0x0040C9A0,authored_game,GameUnassigned,authored,medium,target-authored-data-and-edge-2026-09-17
0x0040C9D0,authored_game,GameUnassigned,authored,medium,target-authored-call-and-globals-2026-09-17
0x0040CC50,compiler_generated,Enemy,exclude,high,enemy-deleting-dtor-compiler-2026-09-14
0x0040CC70,authored_game,Enemy,authored,high,enemy-runtime-constructor-2026-09-21
0x0040CD20,authored_game,Enemy,authored,high,enemy-manager-resource-lifecycle-2026-09-14
0x0040CEA0,authored_game,GameUnassigned,authored,medium,target-authored-neighbor-and-global-2026-09-17
0x0040CF40,unknown,,indeterminate,unknown,target-ida-origin-indeterminate-2026-09-18
0x0040CF60,unknown,,indeterminate,unknown,target-ida-origin-indeterminate-2026-09-18
0x0040CF90,unknown,,indeterminate,unknown,target-ida-origin-indeterminate-2026-09-18
0x0040CFB0,authored_game,Enemy,authored,high,enemy-lifecycle-2026-09-14
0x0040D260,authored_game,Enemy,authored,high,enemy-manager-resource-lifecycle-2026-09-14
0x0040D280,authored_game,Enemy,authored,high,enemy-manager-resource-lifecycle-2026-09-14
0x0040D3D0,authored_game,Enemy,authored,high,enemy-manager-resource-lifecycle-2026-09-14
0x0040D400,authored_game,Enemy,authored,high,enemy-manager-resource-lifecycle-2026-09-14
0x0040D530,authored_game,Enemy,authored,high,enemy-manager-resource-lifecycle-2026-09-14
0x0040D660,compiler_generated,Enemy,exclude,high,enemy-deleting-dtor-compiler-2026-09-14
0x0040D680,authored_game,Enemy,authored,high,enemy-manager-resource-lifecycle-2026-09-14
0x0040D6B0,authored_game,Enemy,authored,high,enemy-manager-resource-lifecycle-2026-09-14
0x0040D710,compiler_generated,Enemy,exclude,high,enemy-deleting-dtor-compiler-2026-09-14
0x0040D750,authored_game,Enemy,authored,high,enemy-lifecycle-2026-09-14
0x0040D810,authored_game,Enemy,authored,high,enemy-lifecycle-2026-09-14
0x0040D820,authored_game,Enemy,authored,high,enemy-lifecycle-2026-09-14
0x0040D830,authored_game,Enemy,authored,high,enemy-lifecycle-2026-09-14
0x0040DAE0,authored_game,Enemy,authored,high,enemy-lifecycle-2026-09-14
0x0040DC80,authored_game,Enemy,authored,high,enemy-runtime-update-2026-09-14
0x0040E5F0,authored_game,Enemy,authored,high,enemy-lifecycle-2026-09-14
0x0040E6A0,authored_game,GameUnassigned,authored,medium,target-authored-call-sandwich-2026-09-17
0x0040E760,authored_game,Enemy,authored,high,enemy-ecl-dispatch-2026-09-14
0x0040E770,authored_game,Enemy,authored,high,enemy-ecl-dispatch-2026-09-14
0x00411FC0,authored_game,Enemy,authored,high,enemy-ecl-operands-2026-09-14
0x00412300,authored_game,Enemy,authored,high,enemy-ecl-operands-2026-09-14
0x00412350,authored_game,Enemy,authored,high,enemy-ecl-operands-2026-09-14
0x004126D0,authored_game,Enemy,authored,high,enemy-ecl-operands-2026-09-14
0x00412720,unknown,,indeterminate,unknown,target-ida-origin-indeterminate-2026-09-18
0x004127A0,authored_game,Enemy,authored,high,enemy-runtime-callback-2026-09-15
0x00412A00,unknown,Enemy,indeterminate,unknown,target-ida-origin-indeterminate-2026-09-18
0x00412A10,unknown,Enemy,indeterminate,unknown,target-ida-origin-indeterminate-2026-09-18
0x00412A60,unknown,Enemy,indeterminate,unknown,target-ida-origin-indeterminate-2026-09-18
0x00412A70,unknown,Enemy,indeterminate,unknown,target-ida-origin-indeterminate-2026-09-18
0x00412A80,unknown,Enemy,indeterminate,unknown,target-ida-origin-indeterminate-2026-09-18
0x00412AA0,unknown,,indeterminate,unknown,target-ida-origin-indeterminate-2026-09-18
0x00412AC0,authored_game,GameUnassigned,authored,medium,target-authored-call-sandwich-2026-09-17
0x00412DB0,unknown,,indeterminate,unknown,target-ida-origin-indeterminate-2026-09-18
0x00412E70,authored_game,GameUnassigned,authored,medium,target-ida-reviewed-game-component-2026-09-17
0x00412ED0,authored_game,Enemy,authored,high,target-enemy-set-chapter-owner-2026-09-24
0x00412FF0,authored_game,GameUnassigned,authored,medium,target-authored-call-sandwich-2026-09-17
0x00413170,authored_game,Enemy,authored,high,enemy-angle-helper-2026-09-16
0x00413200,authored_game,AnmManager,authored,high,anm-script-executor-2026-09-15
0x00413270,authored_game,GameUnassigned,authored,medium,target-ida-reviewed-game-component-2026-09-17
0x00413350,authored_game,GameUnassigned,authored,medium,target-ida-reviewed-middle-game-2026-09-17
0x00413450,authored_game,GameUnassigned,authored,medium,target-ida-reviewed-middle-game-2026-09-17
0x004134B0,authored_game,Main,authored,high,fps-counter-owner-2026-09-16
0x004135D0,authored_game,Main,authored,high,fps-counter-owner-2026-09-16
0x004136C0,authored_game,GameUnassigned,authored,medium,target-authored-neighbor-and-global-2026-09-17
0x00413790,authored_game,Gui,authored,high,gui-lives-display-owner-2026-09-16
0x00413810,unknown,,indeterminate,unknown,target-ida-origin-indeterminate-2026-09-18
0x00413980,authored_game,GameUnassigned,authored,medium,target-authored-call-and-globals-2026-09-17
0x00413A20,authored_game,GameUnassigned,authored,medium,target-authored-neighbor-and-global-2026-09-17
0x00413BC0,authored_game,GameUnassigned,authored,medium,target-authored-call-and-globals-2026-09-17
0x00414370,authored_game,GameUnassigned,authored,medium,target-authored-neighbor-and-global-2026-09-17
0x00414570,authored_game,GameUnassigned,authored,medium,target-authored-neighbor-and-global-2026-09-17
0x004145F0,authored_game,GameUnassigned,authored,medium,target-authored-call-and-globals-2026-09-17
0x00414830,authored_game,GameUnassigned,authored,medium,target-ida-reviewed-middle-game-2026-09-17
0x00414900,authored_game,Gui,authored,high,gui-core-2026-09-15
0x00415800,authored_game,GameUnassigned,authored,medium,target-authored-neighbor-and-global-2026-09-17
0x00415B00,authored_game,GameUnassigned,authored,medium,target-authored-neighbor-and-global-2026-09-17
0x00415DB0,authored_game,GameUnassigned,authored,medium,target-ida-reviewed-middle-game-2026-09-17
0x00415E90,authored_game,Gui,authored,high,gui-core-2026-09-15
0x00417010,authored_game,GameUnassigned,authored,medium,target-ida-reviewed-game-component-2026-09-17
0x00417040,authored_game,GameUnassigned,authored,medium,target-authored-neighbor-and-global-2026-09-17
0x004172E0,authored_game,GameUnassigned,authored,medium,target-authored-neighbor-and-global-2026-09-17
0x004175E0,unknown,,indeterminate,unknown,target-ida-origin-indeterminate-2026-09-18
0x00417770,authored_game,GameUnassigned,authored,medium,target-ida-reviewed-middle-game-2026-09-17
0x00417800,authored_game,GameUnassigned,authored,medium,target-ida-reviewed-game-component-2026-09-17
0x00417870,authored_game,GameUnassigned,authored,medium,target-authored-call-and-globals-2026-09-17
0x00417C80,authored_game,GameUnassigned,authored,medium,target-authored-call-and-globals-2026-09-17
0x004180E0,authored_game,GameUnassigned,authored,medium,target-ida-reviewed-game-component-2026-09-17
0x00418150,unknown,,indeterminate,unknown,target-ida-origin-indeterminate-2026-09-18
0x00418190,authored_game,GameUnassigned,authored,medium,target-authored-call-and-globals-2026-09-17
0x00418810,authored_game,GameUnassigned,authored,medium,target-ida-reviewed-middle-game-2026-09-17
0x004188A0,authored_game,GameUnassigned,authored,medium,target-authored-call-and-globals-2026-09-17
0x00418930,authored_game,GameUnassigned,authored,medium,target-authored-neighbor-and-global-2026-09-17
0x00418A00,authored_game,GameUnassigned,authored,medium,target-ida-reviewed-middle-game-2026-09-17
0x00418A90,authored_game,GameUnassigned,authored,medium,target-ida-reviewed-game-component-2026-09-17
0x00418B80,authored_game,GameUnassigned,authored,medium,target-ida-reviewed-middle-game-2026-09-17
0x00418C40,authored_game,GameUnassigned,authored,medium,target-ida-reviewed-middle-game-2026-09-17
0x00418D00,unknown,,indeterminate,unknown,target-ida-origin-indeterminate-2026-09-18
0x00418D40,unknown,,indeterminate,unknown,target-ida-origin-indeterminate-2026-09-18
0x00418E30,authored_game,GameUnassigned,authored,medium,target-ida-reviewed-middle-game-2026-09-17
0x00418EE0,authored_game,GameUnassigned,authored,medium,target-ida-reviewed-middle-game-2026-09-17
0x00419040,authored_game,GameUnassigned,authored,medium,target-ida-reviewed-game-component-2026-09-17
0x00419090,authored_game,GameUnassigned,authored,medium,target-ida-reviewed-middle-game-2026-09-17
0x00419120,authored_game,GameUnassigned,authored,medium,target-authored-neighbor-and-global-2026-09-17
0x00419650,authored_game,GameUnassigned,authored,medium,target-ida-reviewed-game-behavior-2026-09-17
0x004198A0,unknown,,indeterminate,unknown,target-ida-origin-indeterminate-2026-09-18
0x004198C0,authored_game,GameUnassigned,authored,medium,target-ida-reviewed-game-component-2026-09-17
0x00419960,authored_game,GameUnassigned,authored,medium,target-ida-reviewed-game-behavior-2026-09-17
0x00419F40,authored_game,GameUnassigned,authored,medium,target-ida-reviewed-game-component-2026-09-17
0x0041A050,authored_game,GameUnassigned,authored,medium,target-ida-reviewed-game-component-2026-09-17
0x0041A0A0,authored_game,GameUnassigned,authored,medium,target-ida-reviewed-game-component-2026-09-17
0x0041A120,authored_game,GameUnassigned,authored,medium,target-ida-reviewed-game-component-2026-09-17
0x0041A200,authored_game,GameUnassigned,authored,medium,target-ida-reviewed-game-behavior-2026-09-17
0x0041AB10,authored_game,GameUnassigned,authored,medium,target-ida-reviewed-game-component-2026-09-17
0x0041AB70,authored_game,AnmManager,authored,high,anm-interpolation-layout-2026-09-15
0x0041AD60,unknown,,indeterminate,unknown,target-ida-origin-indeterminate-2026-09-18
0x0041AD90,authored_game,ItemManager,authored,high,target-itemmanager-owner-recovery-2026-09-24
0x0041ADF0,authored_game,GameUnassigned,authored,medium,target-ida-reviewed-middle-game-2026-09-17
0x0041AED0,authored_game,ItemManager,authored,high,target-itemmanager-owner-recovery-2026-09-24
0x0041AFD0,authored_game,ItemManager,authored,high,target-itemmanager-owner-recovery-2026-09-24
0x0041B8E0,authored_game,ItemManager,authored,high,target-raw-gap-review-2026-09-24
0x0041BA00,authored_game,ItemManager,authored,high,target-raw-gap-review-2026-09-24
0x0041BA30,authored_game,ItemManager,authored,high,target-raw-gap-review-2026-09-24
0x0041BA50,authored_game,ItemManager,authored,high,target-itemmanager-owner-recovery-2026-09-24
0x0041BB00,authored_game,ItemManager,authored,high,target-itemmanager-owner-recovery-2026-09-24
0x0041BE80,authored_game,ItemManager,authored,high,target-itemmanager-owner-recovery-2026-09-24
0x0041BEB0,authored_game,ItemManager,authored,high,target-itemmanager-owner-recovery-2026-09-24
0x0041C030,unknown,,indeterminate,unknown,target-ida-origin-indeterminate-2026-09-18
0x0041C120,authored_game,GameUnassigned,authored,medium,target-authored-call-and-globals-2026-09-17
0x0041C1C0,authored_game,GameUnassigned,authored,medium,target-ida-reviewed-middle-game-2026-09-17
0x0041C290,authored_game,GameUnassigned,authored,medium,target-ida-reviewed-middle-game-2026-09-17
0x0041C330,unknown,,indeterminate,unknown,target-ida-origin-indeterminate-2026-09-18
0x0041C510,authored_game,GameUnassigned,authored,medium,target-ida-reviewed-middle-game-2026-09-17
0x0041C5B0,unknown,,indeterminate,unknown,target-ida-origin-indeterminate-2026-09-18
0x0041C680,unknown,,indeterminate,unknown,target-ida-origin-indeterminate-2026-09-18
0x0041C7D0,authored_game,Enemy,authored,high,target-enemy-effect-list-owner-2026-09-24
0x0041C800,authored_game,GameUnassigned,authored,medium,target-ida-reviewed-middle-game-2026-09-17
0x0041C850,authored_game,Enemy,authored,high,target-enemy-effect-list-owner-2026-09-24
0x0041CFD0,authored_game,GameUnassigned,authored,medium,target-authored-neighbor-and-global-2026-09-17
0x0041D2C0,unknown,,indeterminate,unknown,target-ida-origin-indeterminate-2026-09-18
0x0041D3D0,authored_game,GameUnassigned,authored,medium,target-authored-neighbor-and-global-2026-09-17
0x0041D7C0,authored_game,GameUnassigned,authored,medium,target-authored-neighbor-and-global-2026-09-17
0x0041D880,authored_game,GameUnassigned,authored,medium,target-authored-data-and-edge-2026-09-17
0x0041DD80,authored_game,GameUnassigned,authored,medium,target-authored-neighbor-and-global-2026-09-17
0x0041E260,authored_game,GameUnassigned,authored,medium,target-authored-neighbor-and-global-2026-09-17
0x0041E4D0,unknown,,indeterminate,unknown,target-ida-origin-indeterminate-2026-09-18
0x0041E700,authored_game,GameUnassigned,authored,medium,target-authored-neighbor-and-global-2026-09-17
0x0041EB00,authored_game,GameUnassigned,authored,medium,target-authored-data-and-edge-2026-09-17
0x0041EFA0,authored_game,GameUnassigned,authored,medium,target-authored-neighbor-and-global-2026-09-17
0x0041F400,authored_game,GameUnassigned,authored,medium,target-authored-neighbor-and-global-2026-09-17
0x0041F7A0,authored_game,GameUnassigned,authored,medium,target-ida-reviewed-middle-game-2026-09-17
0x0041F800,authored_game,GameUnassigned,authored,medium,target-ida-reviewed-game-component-2026-09-17
0x0041F850,unknown,,indeterminate,unknown,target-ida-origin-indeterminate-2026-09-18
0x0041F8D0,authored_game,GameUnassigned,authored,medium,target-authored-neighbor-and-global-2026-09-17
0x0041F930,authored_game,GameUnassigned,authored,medium,target-authored-neighbor-and-global-2026-09-17
0x0041F990,authored_game,Startup,authored,high,startup-worker-thread-raw-2026-09-12
0x0041FAC0,authored_game,GameUnassigned,authored,medium,target-ida-reviewed-middle-game-2026-09-17
0x0041FB50,authored_game,GameUnassigned,authored,medium,target-authored-call-and-globals-2026-09-17
0x0041FD00,authored_game,GameUnassigned,authored,medium,target-ida-reviewed-middle-game-2026-09-17
0x0041FDD0,authored_game,GameUnassigned,authored,medium,target-authored-neighbor-and-global-2026-09-17
0x0041FF80,authored_game,GameUnassigned,authored,medium,target-authored-call-and-globals-2026-09-17
0x00420100,authored_game,GameUnassigned,authored,medium,target-authored-data-and-edge-2026-09-17
0x004201B0,authored_game,GameUnassigned,authored,medium,target-ida-game-input-chain-2026-09-17
0x00420270,authored_game,GameUnassigned,authored,medium,target-authored-call-and-globals-2026-09-17
0x004203C0,authored_game,GameUnassigned,authored,medium,target-ida-reviewed-game-component-2026-09-17
0x004203F0,authored_game,GameUnassigned,authored,medium,target-authored-data-and-edge-2026-09-17
0x00420470,authored_game,GameUnassigned,authored,medium,target-authored-neighbor-and-global-2026-09-17
0x00420670,authored_game,GameUnassigned,authored,medium,target-authored-data-and-edge-2026-09-17
0x00420870,authored_game,GameUnassigned,authored,medium,target-authored-call-and-globals-2026-09-17
0x00420A90,authored_game,GameUnassigned,authored,medium,target-ida-reviewed-late-game-2026-09-17
0x00420B10,authored_game,GameUnassigned,authored,medium,target-ida-reviewed-late-game-2026-09-17
0x00420C00,authored_game,GameUnassigned,authored,medium,target-ida-reviewed-game-component-2026-09-17
0x00420C30,authored_game,GameUnassigned,authored,medium,target-authored-neighbor-and-global-2026-09-17
0x00420CD0,authored_game,GameUnassigned,authored,medium,target-authored-neighbor-and-global-2026-09-17
0x00420DD0,unknown,,indeterminate,unknown,target-ida-origin-indeterminate-2026-09-18
0x00420EA0,authored_game,GameUnassigned,authored,medium,target-ida-reviewed-game-component-2026-09-17
0x00421070,authored_game,GameUnassigned,authored,medium,target-authored-neighbor-and-global-2026-09-17
0x00421300,authored_game,GameUnassigned,authored,medium,target-authored-neighbor-and-global-2026-09-17
0x00421480,authored_game,GameUnassigned,authored,medium,target-authored-call-and-globals-2026-09-17
0x004215A0,authored_game,GameUnassigned,authored,medium,target-authored-call-and-globals-2026-09-17
0x004216F0,authored_game,GameUnassigned,authored,medium,target-ida-reviewed-game-component-2026-09-17
0x004218D0,authored_game,GameUnassigned,authored,medium,target-ida-reviewed-late-game-2026-09-17
0x00421B90,unknown,,indeterminate,unknown,target-ida-origin-indeterminate-2026-09-18
0x00421C50,authored_game,GameUnassigned,authored,medium,target-ida-reviewed-game-component-2026-09-17
0x00421D20,authored_game,GameUnassigned,authored,medium,target-ida-reviewed-game-component-2026-09-17
0x00421E00,authored_game,GameUnassigned,authored,medium,target-ida-reviewed-late-game-2026-09-17
0x00421F00,unknown,,indeterminate,unknown,target-ida-origin-indeterminate-2026-09-18
0x00421F60,authored_game,GameUnassigned,authored,medium,target-ida-reviewed-game-component-2026-09-17
0x00421FA0,authored_game,GameUnassigned,authored,medium,target-ida-reviewed-game-behavior-2026-09-17
0x004220E0,unknown,,indeterminate,unknown,target-ida-origin-indeterminate-2026-09-18
0x00422150,authored_game,GameUnassigned,authored,medium,target-ida-reviewed-late-game-2026-09-17
0x00422220,authored_game,GameUnassigned,authored,medium,target-authored-call-and-globals-2026-09-17
0x00422360,authored_game,GameUnassigned,authored,medium,target-ida-reviewed-late-game-2026-09-17
0x004223F0,authored_game,GameUnassigned,authored,medium,target-ida-reviewed-late-game-2026-09-17
0x004224C0,authored_game,GameUnassigned,authored,medium,target-authored-data-and-edge-2026-09-17
0x00422660,authored_game,GameUnassigned,authored,medium,target-authored-data-and-edge-2026-09-17
0x00422A90,unknown,,indeterminate,unknown,target-ida-origin-indeterminate-2026-09-18
0x00422AB0,authored_game,GameUnassigned,authored,medium,target-authored-call-and-globals-2026-09-17
0x00422C30,authored_game,GameUnassigned,authored,medium,target-authored-call-and-globals-2026-09-17
0x00422C80,authored_game,GameUnassigned,authored,medium,target-ida-reviewed-game-behavior-2026-09-17
0x004231D0,authored_game,GameUnassigned,authored,medium,target-authored-call-and-globals-2026-09-17
0x00423370,authored_game,GameUnassigned,authored,medium,target-authored-call-and-globals-2026-09-17
0x00423510,authored_game,GameUnassigned,authored,medium,target-ida-reviewed-late-game-2026-09-17
0x00423570,authored_game,GameUnassigned,authored,medium,target-ida-reviewed-game-behavior-2026-09-17
0x004236F0,authored_game,GameUnassigned,authored,medium,target-authored-call-and-globals-2026-09-17
0x004243F0,authored_game,GameUnassigned,authored,medium,target-authored-neighbor-and-global-2026-09-17
0x00424480,authored_game,GameUnassigned,authored,medium,target-authored-neighbor-and-global-2026-09-17
0x00424650,authored_game,GameUnassigned,authored,medium,target-ida-reviewed-late-game-2026-09-17
0x004246C0,authored_game,Player,authored,high,player-lifecycle-2026-09-14
0x004247C0,unknown,Player,indeterminate,unknown,target-ida-origin-indeterminate-2026-09-18
0x004247D0,unknown,Player,indeterminate,unknown,target-ida-origin-indeterminate-2026-09-18
0x004247E0,unknown,Player,indeterminate,unknown,target-ida-origin-indeterminate-2026-09-18
0x004247F0,authored_game,Player,authored,high,player-initialization-2026-09-14
0x00424D90,authored_game,Player,authored,high,player-lifecycle-2026-09-14
0x00424EB0,unknown,,indeterminate,unknown,target-ida-origin-indeterminate-2026-09-18
0x00424EC0,unknown,,indeterminate,unknown,target-ida-origin-indeterminate-2026-09-18
0x00424ED0,authored_game,Player,authored,high,player-lifecycle-2026-09-14
0x00425020,authored_game,Player,authored,high,player-lifecycle-2026-09-14
0x00425070,compiler_generated,Player,exclude,high,player-deleting-dtor-compiler-2026-09-14
0x00425090,unknown,Player,indeterminate,unknown,target-ida-origin-indeterminate-2026-09-18
0x004250B0,authored_game,Player,authored,high,player-movement-options-2026-09-14
0x00425730,authored_game,Player,authored,high,player-update-callback-2026-09-14
0x00426360,authored_game,GameUnassigned,authored,medium,target-authored-neighbor-and-global-2026-09-17
0x00426500,unknown,Player,indeterminate,unknown,target-ida-origin-indeterminate-2026-09-18
0x00426510,unknown,Player,indeterminate,unknown,target-ida-origin-indeterminate-2026-09-18
0x00426520,authored_game,GameUnassigned,authored,medium,target-authored-call-sandwich-2026-09-17
0x00426610,authored_game,GameUnassigned,authored,medium,target-ida-reviewed-late-game-2026-09-17
0x00426660,authored_game,GameUnassigned,authored,medium,target-ida-reviewed-late-game-2026-09-17
0x004266B0,authored_game,GameUnassigned,authored,medium,target-authored-data-and-edge-2026-09-17
0x004267F0,authored_game,GameUnassigned,authored,medium,target-ida-reviewed-game-behavior-2026-09-17
0x004269D0,authored_game,GameUnassigned,authored,medium,target-authored-neighbor-and-global-2026-09-17
0x00426CF0,authored_game,GameUnassigned,authored,medium,target-authored-call-and-globals-2026-09-17
0x00426F70,authored_game,Player,authored,high,player-option-rebuild-2026-09-13
0x00427950,unknown,Player,indeterminate,unknown,target-ida-origin-indeterminate-2026-09-18
0x00427960,unknown,Player,indeterminate,unknown,target-ida-origin-indeterminate-2026-09-18
0x00427AD0,unknown,Player,indeterminate,unknown,target-ida-origin-indeterminate-2026-09-18
0x00427AE0,unknown,Player,indeterminate,unknown,target-ida-origin-indeterminate-2026-09-18
0x00427B50,authored_game,GameUnassigned,authored,medium,target-ida-reviewed-late-game-2026-09-17
0x00427C50,unknown,,indeterminate,unknown,target-ida-origin-indeterminate-2026-09-18
0x00427C70,unknown,,indeterminate,unknown,target-ida-origin-indeterminate-2026-09-18
0x00427D80,unknown,,indeterminate,unknown,target-ida-origin-indeterminate-2026-09-18
0x00427E90,authored_game,GameUnassigned,authored,medium,target-authored-call-and-globals-2026-09-17
0x00428160,authored_game,GameUnassigned,authored,medium,target-ida-reviewed-late-game-2026-09-17
0x004281D0,authored_game,GameUnassigned,authored,medium,target-authored-call-sandwich-2026-09-17
0x00428280,authored_game,Player,authored,high,player-shot-update-2026-09-14
0x004285F0,unknown,Player,indeterminate,unknown,target-ida-origin-indeterminate-2026-09-18
0x00428630,authored_game,Player,authored,high,player-shot-collision-2026-09-14
0x00428AD0,unknown,Player,indeterminate,unknown,target-ida-origin-indeterminate-2026-09-18
0x00428B10,authored_game,GameUnassigned,authored,medium,target-ida-reviewed-game-behavior-2026-09-17
0x00428C20,unknown,,indeterminate,unknown,target-ida-origin-indeterminate-2026-09-18
0x00428D70,authored_game,GameUnassigned,authored,medium,target-ida-reviewed-late-game-2026-09-17
0x00428DD0,unknown,,indeterminate,unknown,target-ida-origin-indeterminate-2026-09-18
0x00428E10,authored_game,GameUnassigned,authored,medium,target-ida-reviewed-late-game-2026-09-17
0x00428F60,authored_game,Replay,authored,high,replay-initialize-2026-09-13
0x004294A0,authored_game,Replay,authored,high,replay-lifecycle-2026-09-13
0x00429610,authored_game,Replay,authored,high,replay-lifecycle-2026-09-13
0x004296D0,compiler_generated,Replay,exclude,high,replay-deleting-dtor-compiler-2026-09-13
0x004296F0,authored_game,Replay,authored,high,replay-lifecycle-2026-09-13
0x004297B0,authored_game,Replay,authored,high,replay-lifecycle-2026-09-13
0x004297D0,authored_game,Replay,authored,high,replay-lifecycle-2026-09-13
0x00429A30,unknown,Replay,indeterminate,unknown,target-ida-origin-indeterminate-2026-09-18
0x00429A70,authored_game,GameUnassigned,authored,medium,target-authored-data-and-edge-2026-09-17
0x00429B30,unknown,Replay,indeterminate,unknown,target-ida-origin-indeterminate-2026-09-18
0x00429B60,authored_game,Replay,authored,high,replay-save-writer-2026-09-12
0x0042A200,authored_game,Replay,authored,high,replay-loader-2026-09-12
0x0042A3D0,unknown,Replay,indeterminate,unknown,target-ida-origin-indeterminate-2026-09-18
0x0042A3E0,unknown,Replay,indeterminate,unknown,target-ida-origin-indeterminate-2026-09-18
0x0042A430,unknown,Replay,indeterminate,unknown,target-ida-origin-indeterminate-2026-09-18
0x0042A450,authored_game,Replay,authored,high,replay-stage-transition-2026-09-13
0x0042A6A0,authored_game,GameUnassigned,authored,medium,target-ida-reviewed-game-behavior-2026-09-17
0x0042A8A0,authored_game,GameUnassigned,authored,medium,target-ida-reviewed-late-game-2026-09-17
0x0042A930,authored_game,GameUnassigned,authored,medium,target-ida-reviewed-game-component-2026-09-17
0x0042AA50,authored_game,GameUnassigned,authored,medium,target-ida-reviewed-late-game-2026-09-17
0x0042AB20,authored_game,GameUnassigned,authored,medium,target-ida-reviewed-late-game-2026-09-17
0x0042ACB0,authored_game,GameUnassigned,authored,medium,target-ida-reviewed-game-component-2026-09-17
0x0042ADD0,authored_game,GameUnassigned,authored,medium,target-ida-reviewed-game-component-2026-09-17
0x0042AE60,authored_game,GameUnassigned,authored,medium,target-ida-reviewed-late-game-2026-09-17
0x0042AF20,authored_game,GameUnassigned,authored,medium,target-authored-data-and-edge-2026-09-17
0x0042B030,authored_game,GameUnassigned,authored,medium,target-ida-reviewed-game-behavior-2026-09-17
0x0042B1E0,authored_game,GameUnassigned,authored,medium,target-authored-call-and-globals-2026-09-17
0x0042B430,unknown,,indeterminate,unknown,target-ida-origin-indeterminate-2026-09-18
0x0042B4D0,authored_game,GameUnassigned,authored,medium,target-authored-neighbor-and-global-2026-09-17
0x0042B570,authored_game,GameUnassigned,authored,medium,target-ida-reviewed-late-game-2026-09-17
0x0042B660,authored_game,GameUnassigned,authored,medium,target-ida-reviewed-late-game-2026-09-17
0x0042B6F0,unknown,,indeterminate,unknown,target-ida-origin-indeterminate-2026-09-18
0x0042B780,authored_game,GameUnassigned,authored,medium,target-authored-call-and-globals-2026-09-17
0x0042B9C0,authored_game,GameUnassigned,authored,medium,target-ida-reviewed-late-game-2026-09-17
0x0042C360,authored_game,GameUnassigned,authored,medium,target-authored-data-and-edge-2026-09-17
0x0042C5C0,authored_game,GameUnassigned,authored,medium,target-ida-reviewed-late-game-2026-09-17
0x0042C620,authored_game,GameUnassigned,authored,medium,target-ida-reviewed-late-game-2026-09-17
0x0042C670,authored_game,GameUnassigned,authored,medium,target-authored-neighbor-and-global-2026-09-17
0x0042C6D0,authored_game,GameUnassigned,authored,medium,target-authored-neighbor-and-global-2026-09-17
0x0042C730,unknown,,indeterminate,unknown,target-ida-origin-indeterminate-2026-09-18
0x0042C750,unknown,,indeterminate,unknown,target-ida-origin-indeterminate-2026-09-18
0x0042C770,authored_game,GameUnassigned,authored,medium,target-authored-neighbor-and-global-2026-09-17
0x0042C850,authored_game,GameUnassigned,authored,medium,target-ida-reviewed-late-game-2026-09-17
0x0042C8C0,unknown,,indeterminate,unknown,target-ida-origin-indeterminate-2026-09-18
0x0042C920,unknown,,indeterminate,unknown,target-ida-origin-indeterminate-2026-09-18
0x0042CAA0,authored_game,GameUnassigned,authored,medium,target-authored-call-and-globals-2026-09-17
0x0042CB60,authored_game,GameUnassigned,authored,medium,target-authored-call-and-globals-2026-09-17
0x0042CD50,authored_game,GameUnassigned,authored,medium,target-ida-reviewed-game-component-2026-09-17
0x0042CDB0,unknown,,indeterminate,unknown,target-ida-origin-indeterminate-2026-09-18
0x0042CDF0,authored_game,FrontEnd,authored,high,frontend-options-core-2026-09-15
0x0042D260,authored_game,FrontEnd,authored,high,frontend-practice-draw-2026-09-15
0x0042D2E0,unknown,FrontEnd,indeterminate,unknown,target-ida-origin-indeterminate-2026-09-18
0x0042D2F0,unknown,FrontEnd,indeterminate,unknown,target-ida-origin-indeterminate-2026-09-18
0x0042D300,authored_game,GameUnassigned,authored,medium,target-authored-call-and-globals-2026-09-17
0x0042D420,authored_game,GameUnassigned,authored,medium,target-authored-call-and-globals-2026-09-17
0x0042D920,authored_game,FrontEnd,authored,high,frontend-options-core-2026-09-15
0x0042E5A0,authored_game,FrontEnd,authored,high,frontend-options-core-2026-09-15
0x0042F540,authored_game,FrontEnd,authored,high,frontend-key-config-core-2026-09-15
0x0042F8B0,authored_game,FrontEnd,authored,high,frontend-key-config-core-2026-09-15
0x00430250,authored_game,FrontEnd,authored,high,frontend-key-config-core-2026-09-15
0x00430320,authored_game,FrontEnd,authored,high,frontend-selection-core-2026-09-15
0x004306A0,authored_game,FrontEnd,authored,high,frontend-selection-core-2026-09-15
0x00430A60,authored_game,FrontEnd,authored,high,frontend-selection-core-2026-09-15
0x00430FF0,authored_game,FrontEnd,authored,high,frontend-stage-core-2026-09-15
0x00431410,authored_game,FrontEnd,authored,high,frontend-stage-core-2026-09-15
0x004315C0,authored_game,FrontEnd,authored,high,frontend-replay-core-2026-09-15
0x00431BA0,authored_game,FrontEnd,authored,high,frontend-replay-core-2026-09-15
0x00431EE0,authored_game,FrontEnd,authored,high,frontend-practice-core-2026-09-15
0x00432690,authored_game,FrontEnd,authored,high,frontend-practice-core-2026-09-15
0x004329F0,authored_game,FrontEnd,authored,high,frontend-practice-draw-2026-09-15
0x00432CB0,authored_game,FrontEnd,authored,high,frontend-score-entry-2026-09-15
0x00433230,authored_game,FrontEnd,authored,high,frontend-score-entry-2026-09-15
0x00433570,authored_game,GameUnassigned,authored,medium,target-authored-neighbor-and-global-2026-09-17
0x00433B30,authored_game,GameUnassigned,authored,medium,target-authored-data-and-edge-2026-09-17
0x00433EF0,authored_game,GameUnassigned,authored,medium,target-authored-call-and-globals-2026-09-17
0x004349E0,authored_game,GameUnassigned,authored,medium,target-ida-reviewed-game-component-2026-09-17
0x00434A20,authored_game,GameUnassigned,authored,medium,target-ida-reviewed-game-component-2026-09-17
0x00434A80,authored_game,GameUnassigned,authored,medium,target-ida-reviewed-game-component-2026-09-17
0x00434C10,authored_game,Archive,authored,high,pbg-archive-ctor-raw-2026-09-12
0x00434C20,authored_game,Archive,authored,high,pbg-archive-dtor-2026-09-12
0x00434C30,authored_game,Archive,authored,high,pbg-archive-load-2026-09-12
0x00434CA0,authored_game,Archive,authored,high,pbg-archive-resource-load-2026-09-12
0x00434D10,authored_game,Archive,authored,high,pbg-archive-release-2026-09-12
0x00434D70,compiler_generated,Archive,exclude,high,pbg-entry-deleting-dtor-compiler-2026-09-12
0x00434DD0,authored_game,Archive,authored,high,pbg-archive-read-2026-09-12
0x00434EF0,authored_game,Archive,authored,high,pbg-archive-size-query-2026-09-12
0x00434F30,authored_game,Archive,authored,high,pbg-archive-find-entry-2026-09-12
0x00434F70,authored_game,Archive,authored,high,pbg-archive-parse-header-2026-09-12
0x004350D0,authored_game,Archive,authored,high,pbg-archive-alloc-entries-2026-09-12
0x00435220,authored_game,Archive,authored,high,pbg-archive-copy-filename-2026-09-12
0x00435250,authored_game,Archive,authored,high,pbg-entry-dtor-2026-09-12
0x00435270,authored_game,Archive,authored,high,pbg-seek-int-retained-2026-09-12
0x00435280,authored_game,Archive,authored,high,pbg-seek-string-retained-2026-09-12
0x004352C0,authored_game,Archive,authored,high,pbg-entry-ctor-retained-2026-09-12
0x00435300,authored_game,PbgFile,authored,high,pbgfile-ctor-raw-2026-09-12
0x00435320,compiler_generated,PbgFile,exclude,high,pbgfile-deleting-dtor-compiler-2026-09-12
0x00435340,authored_game,PbgFile,authored,high,pbgfile-dtor-vtable-2026-09-12
0x00435370,authored_game,PbgFile,authored,high,pbgfile-open-vtable-2026-09-12
0x00435460,authored_game,PbgFile,authored,high,pbgfile-close-vtable-2026-09-12
0x00435490,authored_game,PbgFile,authored,high,pbgfile-read-vtable-raw-2026-09-12
0x004354D0,authored_game,PbgFile,authored,high,pbgfile-write-vtable-raw-2026-09-12
0x00435510,authored_game,PbgFile,authored,high,pbgfile-tell-vtable-raw-2026-09-12
0x00435530,authored_game,PbgFile,authored,high,pbgfile-getsize-vtable-raw-2026-09-12
0x00435550,authored_game,PbgFile,authored,high,pbgfile-seek-vtable-raw-2026-09-12
0x00435580,authored_game,PbgFile,authored,high,pbgfile-readwhole-vtable-2026-09-12
0x00435610,authored_game,PbgFile,authored,high,pbgfile-fullpath-private-abi-2026-09-12
0x00435690,unknown,,indeterminate,unknown,target-ida-origin-indeterminate-2026-09-18
0x004356A0,compiler_generated,PbgFile,exclude,high,ipbgfile-deleting-dtor-compiler-2026-09-12
0x004356C0,unknown,,indeterminate,unknown,target-ida-origin-indeterminate-2026-09-18
0x004356D0,unknown,,indeterminate,unknown,target-ida-origin-indeterminate-2026-09-18
0x004356F0,authored_game,FileSystem,authored,high,pack-file-archive-lookup-2026-09-12
0x004357D0,authored_game,FileSystem,authored,high,pack-file-archive-load-raw-2026-09-12
0x00435800,authored_game,FileSystem,authored,high,pack-file-read-fallback-2026-09-12
0x004358E0,authored_game,FileSystem,authored,high,pack-file-size-fallback-2026-09-12
0x004359B0,authored_game,Compression,authored,high,lzss-compress-2026-09-12
0x00435DC0,authored_game,Compression,authored,high,lzss-decompress-2026-09-12
0x00435FA0,authored_game,Compression,authored,high,lzss-init-tree-raw-2026-09-12
0x00435FD0,authored_game,Compression,authored,high,lzss-init-state-raw-2026-09-12
0x00436000,authored_game,Compression,authored,high,lzss-add-string-2026-09-12
0x00436210,authored_game,Compression,authored,high,lzss-delete-string-2026-09-12
0x00436260,authored_game,Compression,authored,high,lzss-contract-node-2026-09-12
0x004362B0,authored_game,Compression,authored,high,lzss-replace-node-2026-09-12
0x00436330,authored_game,Compression,authored,high,lzss-find-next-node-2026-09-12
0x00436370,authored_game,ResFile,authored,high,resfile-write-vtable-raw-2026-09-12
0x00436380,authored_game,ResFile,authored,high,resfile-memory-ctor-raw-2026-09-12
0x004363A0,compiler_generated,ResFile,exclude,high,resfile-memory-deleting-dtor-2026-09-12
0x004363C0,authored_game,ResFile,authored,high,resfile-memory-dtor-vtable-2026-09-12
0x00436400,authored_game,ResFile,authored,high,resfile-memory-open-raw-2026-09-12
0x00436430,authored_game,ResFile,authored,high,resfile-memory-close-vtable-2026-09-12
0x00436460,authored_game,ResFile,authored,high,resfile-memory-read-raw-2026-09-12
0x004364D0,authored_game,ResFile,authored,high,resfile-memory-tell-raw-2026-09-12
0x004364E0,authored_game,ResFile,authored,high,resfile-memory-getsize-raw-2026-09-12
0x004364F0,authored_game,ResFile,authored,high,resfile-memory-seek-raw-2026-09-12
0x00436570,unknown,,indeterminate,unknown,target-ida-origin-indeterminate-2026-09-18
0x00436640,unknown,ResFile,indeterminate,unknown,target-ida-origin-indeterminate-2026-09-18
0x00436660,compiler_generated,ResFile,exclude,high,resfile-resource-deleting-dtor-2026-09-12
0x00436680,unknown,ResFile,indeterminate,unknown,target-ida-origin-indeterminate-2026-09-18
0x004366C0,authored_game,ResFile,authored,high,resfile-resource-open-vtable-2026-09-12
0x00436A30,authored_game,GameUnassigned,authored,medium,target-ida-reviewed-game-component-2026-09-17
0x00436AF0,authored_game,GameUnassigned,authored,medium,target-ida-reviewed-game-component-2026-09-17
0x00436CA0,authored_game,GameUnassigned,authored,medium,target-ida-reviewed-game-component-2026-09-17
0x00436DA0,authored_game,GameUnassigned,authored,medium,target-ida-reviewed-game-component-2026-09-17
0x00437160,authored_game,GameUnassigned,authored,medium,target-ida-reviewed-game-component-2026-09-17
0x00437750,unknown,,indeterminate,unknown,target-ida-origin-indeterminate-2026-09-18
0x00437A00,authored_game,GameUnassigned,authored,medium,target-ida-reviewed-game-component-2026-09-17
0x00437D10,authored_game,GameUnassigned,authored,medium,target-ida-reviewed-audio-render-2026-09-17
0x00437DB0,authored_game,GameUnassigned,authored,medium,target-ida-reviewed-audio-render-2026-09-17
0x00437FE0,authored_game,GameUnassigned,authored,medium,target-ida-reviewed-audio-render-2026-09-17
0x004381F0,library,CxxRuntime,exclude,medium,target-vc71-string-implementation-2026-09-17
0x00438260,library,CxxRuntime,exclude,medium,target-vc71-string-implementation-2026-09-17
0x00438350,library,CxxRuntime,exclude,medium,target-vc71-string-implementation-2026-09-17
0x00438380,library,CxxRuntime,exclude,medium,target-vc71-string-implementation-2026-09-17
0x00438420,library,CxxRuntime,exclude,medium,target-vc71-string-implementation-2026-09-17
0x00438510,library,CxxRuntime,exclude,medium,target-vc71-string-implementation-2026-09-17
0x00438590,library,CxxRuntime,exclude,medium,target-vc71-string-implementation-2026-09-17
0x004386B0,library,CxxRuntime,exclude,medium,target-vc71-string-implementation-2026-09-17
0x00438723,compiler_generated,CxxEH,exclude,high,target-cxx-eh-handler-map-2026-09-17
0x0043874C,library,CxxRuntime,exclude,medium,target-vc71-string-implementation-2026-09-17
0x004387C2,compiler_generated,CxxEH,exclude,high,target-cxx-eh-handler-map-2026-09-17
0x00438880,authored_game,GameUnassigned,authored,medium,target-ida-reviewed-audio-render-2026-09-17
0x00438A30,authored_game,Rendering,authored,high,main-reset-resource-release-2026-09-12
0x00438A60,authored_game,GameUnassigned,authored,medium,target-authored-call-sandwich-2026-09-17
0x00438AD0,authored_game,Main,authored,high,main-winmain-boundary-2026-09-12
0x004390E0,authored_game,Main,authored,high,main-windowproc-abi-2026-09-12
0x004391F0,authored_game,Main,authored,high,main-present-boundary-2026-09-12
0x004392E0,authored_game,Main,authored,high,main-system-init-shape-2026-09-12
0x00439350,authored_game,Main,authored,high,main-system-restore-raw-2026-09-12
0x00439390,authored_game,Main,authored,high,main-render-timing-abi-2026-09-12
0x00439540,authored_game,Main,authored,high,main-timestamp-shape-2026-09-12
0x00439660,authored_game,Main,authored,high,main-timestamp-unlocked-raw-2026-09-12
0x00439700,authored_game,Main,authored,high,main-d3d-interface-raw-2026-09-12
0x00439730,authored_game,Main,authored,high,main-create-window-private-abi-2026-09-12
0x00439890,authored_game,Main,authored,high,main-d3d-init-boundary-2026-09-12
0x00439D20,authored_game,Main,authored,high,main-reset-render-state-2026-09-12
0x00439FF0,authored_game,Main,authored,high,main-running-instance-startup-2026-09-12
0x0043A1B0,authored_game,Main,authored,high,main-activate-window-raw-2026-09-12
0x0043A1C0,authored_game,Main,authored,high,main-exe-checksum-2026-09-12
0x0043A290,authored_game,Main,authored,high,main-shortcut-resolver-2026-09-12
0x0043A3A0,authored_game,Main,authored,high,main-config-dialog-callback-raw-2026-09-12
0x0043A730,authored_game,GameUnassigned,authored,medium,target-ida-reviewed-game-component-2026-09-17
0x0043A910,authored_game,GameUnassigned,authored,medium,target-ida-reviewed-audio-render-2026-09-17
0x0043AA60,authored_game,GameUnassigned,authored,medium,target-ida-reviewed-game-component-2026-09-17
0x0043AAD0,authored_game,GameUnassigned,authored,medium,target-ida-reviewed-game-component-2026-09-17
0x0043ACE0,authored_game,GameUnassigned,authored,medium,target-ida-reviewed-game-component-2026-09-17
0x0043AE20,authored_game,GameUnassigned,authored,medium,target-ida-reviewed-audio-render-2026-09-17
0x0043AEB0,authored_game,GameUnassigned,authored,medium,target-ida-reviewed-audio-render-2026-09-17
0x0043AF30,authored_game,GameUnassigned,authored,medium,target-ida-reviewed-game-component-2026-09-17
0x0043B110,authored_game,GameUnassigned,authored,medium,target-ida-reviewed-game-component-2026-09-17
0x0043B7A0,authored_game,GameUnassigned,authored,medium,target-ida-reviewed-game-component-2026-09-17
0x0043B8D0,authored_game,GameUnassigned,authored,medium,target-ida-game-input-chain-2026-09-17
0x0043BA90,authored_game,GameUnassigned,authored,medium,target-ida-game-input-chain-2026-09-17
0x0043BB30,authored_game,GameUnassigned,authored,medium,target-ida-game-input-chain-2026-09-17
0x0043BC40,authored_game,GameUnassigned,authored,medium,target-ida-reviewed-audio-render-2026-09-17
0x0043BCD0,authored_game,GameUnassigned,authored,medium,target-authored-call-and-globals-2026-09-17
0x0043BDA0,authored_game,GameUnassigned,authored,medium,target-authored-call-and-globals-2026-09-17
0x0043BFA0,authored_game,GameUnassigned,authored,medium,target-authored-call-and-globals-2026-09-17
0x0043C1A0,authored_game,GameUnassigned,authored,medium,target-authored-call-and-globals-2026-09-17
0x0043C2C0,authored_game,GameUnassigned,authored,medium,target-ida-reviewed-audio-render-2026-09-17
0x0043C410,authored_game,GameUnassigned,authored,medium,target-ida-reviewed-audio-render-2026-09-17
0x0043C500,authored_game,GameUnassigned,authored,medium,target-ida-reviewed-audio-render-2026-09-17
0x0043C870,unknown,,indeterminate,unknown,target-ida-origin-indeterminate-2026-09-18
0x0043C8B0,authored_game,GameUnassigned,authored,medium,target-ida-reviewed-audio-render-2026-09-17
0x0043C970,authored_game,GameUnassigned,authored,medium,target-ida-reviewed-game-component-2026-09-17
0x0043CB00,authored_game,GameUnassigned,authored,medium,target-ida-reviewed-game-component-2026-09-17
0x0043CB80,authored_game,GameUnassigned,authored,medium,target-ida-reviewed-audio-render-2026-09-17
0x0043CC40,authored_game,GameUnassigned,authored,medium,target-ida-reviewed-audio-render-2026-09-17
0x0043CCF0,authored_game,GameUnassigned,authored,medium,target-ida-game-worker-pointer-2026-09-17
0x0043CD30,authored_game,GameUnassigned,authored,medium,target-ida-reviewed-game-component-2026-09-17
0x0043D080,authored_game,Sound,authored,high,sound-data-loader-thread-raw-2026-09-12
0x0043D0F0,authored_game,Sound,authored,high,sound-data-loader-launcher-raw-2026-09-12
0x0043D120,authored_game,GameUnassigned,authored,medium,target-ida-reviewed-audio-render-2026-09-17
0x0043D250,authored_game,GameUnassigned,authored,medium,target-ida-reviewed-game-component-2026-09-17
0x0043D2A0,authored_game,GameUnassigned,authored,medium,target-ida-reviewed-audio-render-2026-09-17
0x0043D390,authored_game,GameUnassigned,authored,medium,target-ida-reviewed-game-component-2026-09-17
0x0043D690,authored_game,GameUnassigned,authored,medium,target-ida-reviewed-audio-render-2026-09-17
0x0043D790,authored_game,GameUnassigned,authored,medium,target-ida-reviewed-game-component-2026-09-17
0x0043D7D0,authored_game,GameUnassigned,authored,medium,target-ida-reviewed-game-behavior-2026-09-17
0x0043D950,authored_game,GameUnassigned,authored,medium,target-ida-reviewed-game-behavior-2026-09-17
0x0043DAB0,authored_game,GameUnassigned,authored,medium,target-ida-reviewed-audio-render-2026-09-17
0x0043DB60,authored_game,GameUnassigned,authored,medium,target-authored-neighbor-and-global-2026-09-17
0x0043DC90,authored_game,GameUnassigned,authored,medium,target-ida-reviewed-audio-render-2026-09-17
0x0043DD10,authored_game,GameUnassigned,authored,medium,target-ida-reviewed-audio-render-2026-09-17
0x0043DDF0,authored_game,GameUnassigned,authored,medium,target-authored-neighbor-and-global-2026-09-17
0x0043E3A0,authored_game,GameUnassigned,authored,medium,target-ida-game-worker-pointer-2026-09-17
0x0043E460,authored_game,GameUnassigned,authored,medium,target-ida-reviewed-audio-render-2026-09-17
0x0043E5A0,authored_game,AnmManager,authored,high,anm-script-executor-2026-09-15
0x0043E710,authored_game,AnmManager,authored,high,anm-script-bind-2026-09-15
0x0043E7E0,authored_game,AnmManager,authored,high,anm-script-bind-2026-09-15
0x0043E8B0,authored_game,AnmManager,authored,high,anm-script-restart-2026-09-15
0x0043EAC0,authored_game,AnmManager,authored,high,anm-script-variables-2026-09-15
0x0043EC70,authored_game,AnmManager,authored,high,anm-script-variables-2026-09-15
0x0043ED00,authored_game,AnmManager,authored,high,anm-script-variables-2026-09-15
0x0043EDA0,authored_game,AnmManager,authored,high,anm-script-variables-2026-09-15
0x0043EE30,authored_game,AnmManager,authored,high,anm-script-executor-2026-09-15
0x00441600,authored_game,AnmManager,authored,high,anm-interpolation-evaluators-2026-09-15
0x00441950,authored_game,AnmManager,authored,high,anm-interpolation-evaluators-2026-09-15
0x00441AD0,authored_game,AnmManager,authored,high,anm-interpolation-evaluators-2026-09-15
0x00441E50,authored_game,AnmManager,authored,high,anm-interpolation-evaluators-2026-09-15
0x00441EF0,authored_game,GameUnassigned,authored,medium,target-ida-reviewed-game-component-2026-09-17
0x00441F50,authored_game,AnmManager,authored,high,anm-interpolation-layout-2026-09-15
0x00442050,authored_game,AnmManager,authored,high,anm-interpolation-layout-2026-09-15
0x00442220,authored_game,AnmManager,authored,high,anm-interpolation-layout-2026-09-15
0x00442300,authored_game,AnmManager,authored,high,anm-interpolation-layout-2026-09-15
0x004423C0,authored_game,AnmManager,authored,high,anm-draw-inner-2026-09-14
0x004423E0,authored_game,AnmManager,authored,high,anm-direct3d-state-2026-09-15
0x004425A0,authored_game,AnmManager,authored,high,anm-draw-inner-2026-09-14
0x00442670,authored_game,AnmManager,authored,high,anm-draw-inner-2026-09-14
0x00442F30,authored_game,AnmManager,authored,high,anm-render-buffer-2026-09-14
0x00442F50,authored_game,AnmManager,authored,high,anm-render-buffer-2026-09-14
0x00442FE0,authored_game,AnmManager,authored,high,anm-render-buffer-2026-09-14
0x00443080,authored_game,AnmManager,authored,high,anm-axis-draw-2026-09-14
0x00443290,authored_game,AnmManager,authored,high,anm-axis-draw-2026-09-14
0x00443680,authored_game,AnmManager,authored,high,anm-camera-facing-2026-09-15
0x004436C0,authored_game,AnmManager,authored,high,anm-draw2d-2026-09-15
0x00443910,authored_game,AnmManager,authored,high,anm-draw2d-2026-09-15
0x00443B60,authored_game,AnmManager,authored,high,anm-camera-facing-2026-09-15
0x00443F80,authored_game,AnmManager,authored,high,anm-camera-facing-2026-09-15
0x00443FB0,authored_game,AnmManager,authored,high,anm-draw-mode6-2026-09-15
0x00444240,authored_game,AnmManager,authored,high,anm-project3d-quad-2026-09-15
0x00444580,authored_game,AnmManager,authored,high,anm-draw-projected3d-quad-2026-09-15
0x004445C0,authored_game,AnmManager,authored,high,anm-draw-mode7-2026-09-15
0x00444760,authored_game,AnmManager,authored,high,anm-draw3d-2026-09-15
0x00444B10,authored_game,AnmManager,authored,high,anm-generated-geometry-2026-09-15
0x00444BE0,authored_game,AnmManager,authored,high,anm-generated-geometry-2026-09-15
0x00444CB0,authored_game,AnmManager,authored,high,anm-generated-geometry-2026-09-15
0x00444CE0,authored_game,AnmManager,authored,high,anm-generated-geometry-2026-09-15
0x00444DC0,authored_game,AnmManager,authored,high,anm-generated-geometry-2026-09-15
0x00444E60,authored_game,AnmManager,authored,high,anm-generated-geometry-2026-09-15
0x00444FA0,authored_game,AnmManager,authored,high,anm-generated-geometry-2026-09-15
0x004450E0,authored_game,AnmManager,authored,high,anm-generated-geometry-2026-09-15
0x004451C0,authored_game,AnmManager,authored,high,anm-draw-dispatch-2026-09-15
0x004452E0,unknown,AnmManager,indeterminate,unknown,target-ida-origin-indeterminate-2026-09-18
0x004452F0,authored_game,AnmManager,authored,high,anm-pulsing-radial-trail-2026-09-15
0x00445620,authored_game,AnmManager,authored,high,anm-pulsing-radial-trail-2026-09-15
0x00445880,authored_game,AnmManager,authored,high,anm-pulsing-radial-trail-2026-09-15
0x004458A0,unknown,AnmManager,indeterminate,unknown,target-ida-origin-indeterminate-2026-09-18
0x004458B0,authored_game,AnmManager,authored,high,anm-pulsing-radial-trail-2026-09-15
0x00445900,authored_game,AnmManager,authored,high,anm-manager-setup-2026-09-15
0x00446220,authored_game,AnmManager,authored,high,anm-manager-update-lifecycle-2026-09-15
0x004462F0,authored_game,AnmManager,authored,high,anm-manager-setup-2026-09-15
0x004465B0,authored_game,AnmManager,authored,high,anm-manager-setup-2026-09-15
0x00446C70,authored_game,AnmManager,authored,high,anm-resource-pipeline-2026-09-15
0x00446D70,authored_game,AnmManager,authored,high,anm-resource-pipeline-2026-09-15
0x00446EB0,authored_game,AnmManager,authored,high,anm-resource-pipeline-2026-09-15
0x00446F40,authored_game,AnmManager,authored,high,anm-resource-pipeline-2026-09-15
0x00447050,authored_game,AnmManager,authored,high,anm-resource-pipeline-2026-09-15
0x00447080,authored_game,AnmManager,authored,high,anm-resource-pipeline-2026-09-15
0x004470C0,authored_game,AnmManager,authored,high,anm-resource-pipeline-2026-09-15
0x00447280,authored_game,AnmManager,authored,high,anm-resource-pipeline-2026-09-15
0x004472E0,authored_game,AnmManager,authored,high,anm-resource-pipeline-2026-09-15
0x004473C0,authored_game,AnmManager,authored,high,anm-resource-pipeline-2026-09-15
0x00447470,authored_game,AnmManager,authored,high,anm-resource-pipeline-2026-09-15
0x00447700,authored_game,AnmManager,authored,high,anm-resource-pipeline-2026-09-15
0x004477D0,authored_game,AnmManager,authored,high,anm-resource-pipeline-2026-09-15
0x00447810,authored_game,AnmManager,authored,high,anm-resource-pipeline-2026-09-15
0x00447940,authored_game,AnmManager,authored,high,anm-resource-pipeline-2026-09-15
0x004479D0,authored_game,AnmManager,authored,high,anm-text-surface-corridor-2026-09-15
0x00447A50,authored_game,AnmManager,authored,high,anm-text-surface-corridor-2026-09-15
0x00447AE0,authored_game,AnmManager,authored,high,anm-text-surface-corridor-2026-09-15
0x00447BB0,authored_game,AnmManager,authored,high,anm-text-surface-corridor-2026-09-15
0x00447C80,authored_game,AnmManager,authored,high,anm-text-surface-corridor-2026-09-15
0x00447EC0,authored_game,AnmManager,authored,high,anm-text-surface-corridor-2026-09-15
0x00447F70,authored_game,AnmManager,authored,high,anm-text-surface-corridor-2026-09-15
0x00447FD0,authored_game,AnmManager,authored,high,anm-text-surface-corridor-2026-09-15
0x00448120,authored_game,AnmManager,authored,high,anm-text-surface-corridor-2026-09-15
0x00448270,authored_game,AnmManager,authored,high,anm-text-surface-corridor-2026-09-15
0x00448360,authored_game,AnmManager,authored,high,anm-text-surface-corridor-2026-09-15
0x00448450,authored_game,AnmManager,authored,high,anm-text-surface-corridor-2026-09-15
0x00448860,authored_game,AnmManager,authored,high,anm-manager-update-lifecycle-2026-09-15
0x00448900,authored_game,AnmManager,authored,high,anm-manager-update-lifecycle-2026-09-15
0x00448980,authored_game,AnmManager,authored,high,anm-manager-update-lifecycle-2026-09-15
0x004489D0,authored_game,AnmManager,authored,high,anm-manager-lifecycle-2026-09-15
0x00448A50,authored_game,AnmManager,authored,high,anm-manager-lifecycle-2026-09-15
0x00448AC0,authored_game,AnmManager,authored,high,anm-manager-lifecycle-2026-09-15
0x00448B40,authored_game,AnmManager,authored,high,anm-manager-lifecycle-2026-09-15
0x00448BB0,authored_game,AnmManager,authored,high,anm-manager-update-lifecycle-2026-09-15
0x00448D00,authored_game,AnmManager,authored,high,anm-child-vm-2026-09-15
0x00448D50,authored_game,AnmManager,authored,high,anm-child-vm-2026-09-15
0x00448DB0,authored_game,AnmManager,authored,high,anm-child-vm-2026-09-15
0x00448E30,authored_game,AnmManager,authored,high,anm-child-vm-2026-09-15
0x00448E80,authored_game,AnmManager,authored,high,anm-child-vm-2026-09-15
0x00448EE0,authored_game,AnmManager,authored,high,anm-child-vm-2026-09-15
0x00448F60,authored_game,AnmManager,authored,high,anm-child-vm-2026-09-15
0x00448FB0,authored_game,AnmManager,authored,high,anm-child-vm-2026-09-15
0x00449010,authored_game,AnmManager,authored,high,anm-child-vm-2026-09-15
0x00449090,authored_game,AnmManager,authored,high,anm-child-vm-2026-09-15
0x004490E0,authored_game,AnmManager,authored,high,anm-child-vm-2026-09-15
0x00449140,authored_game,AnmManager,authored,high,anm-child-vm-2026-09-15
0x004491C0,authored_game,AnmManager,authored,high,anm-manager-lifecycle-2026-09-15
0x00449210,authored_game,AnmManager,authored,high,anm-vm-id-api-2026-09-15
0x00449250,authored_game,AnmManager,authored,high,anm-vm-id-api-2026-09-15
0x004492A0,authored_game,AnmManager,authored,high,anm-vm-id-api-2026-09-15
0x004492F0,authored_game,AnmManager,authored,high,anm-vm-id-api-2026-09-15
0x00449350,authored_game,AnmManager,authored,high,anm-vm-id-api-2026-09-15
0x004493C0,authored_game,AnmManager,authored,high,anm-vm-id-api-2026-09-15
0x004493E0,authored_game,AnmManager,authored,high,anm-vm-id-api-2026-09-15
0x00449450,authored_game,AnmManager,authored,high,anm-child-vm-2026-09-15
0x00449470,authored_game,GameUnassigned,authored,medium,target-authored-neighbor-and-global-2026-09-17
0x00449590,authored_game,GameUnassigned,authored,medium,target-authored-neighbor-and-global-2026-09-17
0x004495E0,authored_game,GameUnassigned,authored,medium,target-authored-neighbor-and-global-2026-09-17
0x00449630,authored_game,GameUnassigned,authored,medium,target-ida-reviewed-game-component-2026-09-17
0x00449670,authored_game,GameUnassigned,authored,medium,target-authored-neighbor-and-global-2026-09-17
0x004496A0,authored_game,GameUnassigned,authored,medium,target-authored-neighbor-and-global-2026-09-17
0x004496D0,authored_game,GameUnassigned,authored,medium,target-authored-neighbor-and-global-2026-09-17
0x004497D0,authored_game,GameUnassigned,authored,medium,target-authored-neighbor-and-global-2026-09-17
0x00449870,authored_game,AnmManager,authored,high,anm-child-vm-2026-09-15
0x00449950,authored_game,AnmManager,authored,high,anm-manager-lifecycle-2026-09-15
0x00449A90,unknown,,indeterminate,unknown,target-ida-origin-indeterminate-2026-09-18
0x00449AA0,authored_game,GameUnassigned,authored,medium,target-ida-reviewed-game-component-2026-09-17
0x00449AE0,authored_game,GameUnassigned,authored,medium,target-authored-neighbor-and-global-2026-09-17
0x00449B70,authored_game,GameUnassigned,authored,medium,target-authored-neighbor-and-global-2026-09-17
0x00449C00,authored_game,GameUnassigned,authored,medium,target-authored-neighbor-and-global-2026-09-17
0x00449D40,authored_game,GameUnassigned,authored,medium,target-authored-neighbor-and-global-2026-09-17
0x00449E50,authored_game,GameUnassigned,authored,medium,target-ida-reviewed-game-component-2026-09-17
0x00449ED0,authored_game,GameUnassigned,authored,medium,target-ida-reviewed-game-component-2026-09-17
0x00449F60,authored_game,GameUnassigned,authored,medium,target-ida-reviewed-game-component-2026-09-17
0x0044A000,authored_game,GameUnassigned,authored,medium,target-ida-reviewed-game-component-2026-09-17
0x0044A030,authored_game,GameUnassigned,authored,medium,target-ida-reviewed-game-component-2026-09-17
0x0044A0C0,authored_game,GameUnassigned,authored,medium,target-authored-data-and-edge-2026-09-17
0x0044A190,authored_game,GameUnassigned,authored,medium,target-ida-reviewed-game-component-2026-09-17
0x0044A4E0,authored_game,GameUnassigned,authored,medium,target-ida-reviewed-game-behavior-2026-09-17
0x0044A5F0,authored_game,GameUnassigned,authored,medium,target-ida-reviewed-game-behavior-2026-09-17
0x0044B010,authored_game,GameUnassigned,authored,medium,target-ida-reviewed-game-component-2026-09-17
0x0044B080,authored_game,GameUnassigned,authored,medium,target-ida-reviewed-game-component-2026-09-17
0x0044B0D0,authored_game,FileSystem,authored,high,filesystem-decrypt-2026-09-12
0x0044B220,authored_game,FileSystem,authored,high,filesystem-encrypt-2026-09-12
0x0044B360,authored_game,FileSystem,authored,high,filesystem-open-file-2026-09-12
0x0044B4D0,authored_game,FileSystem,authored,high,filesystem-file-exists-2026-09-12
0x0044B540,authored_game,GameUnassigned,authored,medium,target-authored-neighbor-and-global-2026-09-17
0x0044B620,authored_game,GameUnassigned,authored,medium,target-authored-neighbor-and-global-2026-09-17
0x0044B6B0,authored_game,FileSystem,authored,high,replay-read-open-2026-09-12
0x0044B740,authored_game,GameUnassigned,authored,medium,target-ida-reviewed-game-component-2026-09-17
0x0044B790,authored_game,FileSystem,authored,high,replay-read-buffer-2026-09-12
0x0044B7E0,authored_game,FileSystem,authored,high,filesystem-close-open-file-2026-09-12
0x0044B810,authored_game,GameUnassigned,authored,medium,target-ida-reviewed-game-component-2026-09-17
0x0044B8E0,authored_game,GameUnassigned,authored,medium,target-ida-reviewed-game-component-2026-09-17
0x0044B9B0,authored_game,RandomMath,authored,high,rng-core-2026-09-15
0x0044B9E0,authored_game,RandomMath,authored,high,rng-core-2026-09-15
0x0044BA30,unknown,RandomMath,indeterminate,unknown,target-ida-origin-indeterminate-2026-09-18
0x0044BA80,unknown,,indeterminate,unknown,target-ida-origin-indeterminate-2026-09-18
0x0044BB20,authored_game,RandomMath,authored,high,rng-core-2026-09-15
0x0044BB90,authored_game,RandomMath,authored,high,rng-core-2026-09-15
0x0044BC10,authored_game,AnmManager,authored,high,anm-script-executor-2026-09-15
0x0044BC70,authored_game,Enemy,authored,high,enemy-angle-helper-2026-09-16
0x0044BD10,unknown,,indeterminate,unknown,target-ida-origin-indeterminate-2026-09-18
0x0044BE20,authored_game,GameUnassigned,authored,medium,target-ida-reviewed-game-component-2026-09-17
0x0044BE70,authored_game,GameUnassigned,authored,medium,target-ida-reviewed-game-component-2026-09-17
0x0044BEA0,authored_game,GameUnassigned,authored,medium,target-ida-reviewed-game-component-2026-09-17
0x0044BF40,authored_game,AnmManager,authored,high,anm-script-executor-2026-09-15
0x0044C100,compiler_generated,GameCxx,exclude,high,target-vc71-scalar-deleting-destructor-2026-09-17
0x0044C130,unknown,,indeterminate,unknown,target-ida-origin-indeterminate-2026-09-18
0x0044C150,authored_game,GameUnassigned,authored,medium,target-ida-reviewed-game-component-2026-09-17
0x0044C1C0,authored_game,GameUnassigned,authored,medium,target-ida-reviewed-game-component-2026-09-17
0x0044C2A0,authored_game,GameUnassigned,authored,medium,target-ida-reviewed-game-component-2026-09-17
0x0044C350,authored_game,AnmManager,authored,high,anm-interpolation-evaluators-2026-09-15
0x0044C5D0,authored_game,GameUnassigned,authored,medium,target-ida-reviewed-game-component-2026-09-17
0x0044C7E0,authored_game,GameUnassigned,authored,medium,target-ida-reviewed-game-component-2026-09-17
0x0044C8F0,authored_game,GameUnassigned,authored,medium,target-ida-reviewed-game-component-2026-09-17
0x0044CBF0,authored_game,GameUnassigned,authored,medium,target-ida-reviewed-game-component-2026-09-17
0x0044CE80,authored_game,GameUnassigned,authored,medium,target-ida-reviewed-game-component-2026-09-17
0x0044CF00,compiler_generated,GameCxx,exclude,high,target-vc71-scalar-deleting-destructor-2026-09-17
0x0044CF20,authored_game,GameUnassigned,authored,medium,target-ida-reviewed-game-component-2026-09-17
0x0044D080,unknown,,indeterminate,unknown,target-ida-origin-indeterminate-2026-09-18
0x0044D110,authored_game,GameUnassigned,authored,medium,target-ida-reviewed-game-component-2026-09-17
0x0044D300,authored_game,GameUnassigned,authored,medium,target-ida-reviewed-game-component-2026-09-17
0x0044D370,authored_game,GameUnassigned,authored,medium,target-ida-reviewed-game-component-2026-09-17
0x0044D440,authored_game,GameUnassigned,authored,medium,target-ida-reviewed-game-component-2026-09-17
0x0044D4E0,authored_game,GameUnassigned,authored,medium,target-ida-reviewed-game-component-2026-09-17
0x0044D550,authored_game,GameUnassigned,authored,medium,target-ida-reviewed-game-component-2026-09-17
0x0044D5B0,authored_game,GameUnassigned,authored,medium,target-ida-reviewed-game-component-2026-09-17
0x0044D5D0,authored_game,GameUnassigned,authored,medium,target-ida-reviewed-game-component-2026-09-17
0x0044D600,authored_game,GameUnassigned,authored,medium,target-ida-reviewed-game-component-2026-09-17
0x0044D6A0,authored_game,GameUnassigned,authored,medium,target-ida-reviewed-game-component-2026-09-17
0x0044D710,compiler_generated,GameCxx,exclude,high,target-vc71-scalar-deleting-destructor-2026-09-17
0x0044D730,unknown,,indeterminate,unknown,target-ida-origin-indeterminate-2026-09-18
0x0044D850,authored_game,GameUnassigned,authored,medium,target-ida-reviewed-game-component-2026-09-17
0x0044DAD0,authored_game,GameUnassigned,authored,medium,target-ida-reviewed-game-component-2026-09-17
0x0044DBF0,authored_game,GameUnassigned,authored,medium,target-ida-reviewed-game-component-2026-09-17
0x0044DCA0,authored_game,GameUnassigned,authored,medium,target-ida-reviewed-game-component-2026-09-17
0x0044DD40,authored_game,GameUnassigned,authored,medium,target-ida-reviewed-game-component-2026-09-17
0x0044DE10,authored_game,GameUnassigned,authored,medium,target-ida-reviewed-game-component-2026-09-17
0x0044DF70,authored_game,EclVm,authored,high,ecl-vm-thread-control-2026-09-16
0x0044E1A0,authored_game,EclVm,authored,high,ecl-vm-core-2026-09-15
0x0044FD10,authored_game,EclVm,authored,high,ecl-vm-host-run-2026-09-16
0x0044FDB0,authored_game,EclVm,authored,high,ecl-vm-read-resolve-2026-09-16
0x0044FE40,authored_game,EclVm,authored,high,ecl-vm-read-resolve-2026-09-16
0x0044FF00,authored_game,EclVm,authored,high,ecl-vm-read-resolve-2026-09-16
0x0044FF80,authored_game,EclVm,authored,high,ecl-vm-read-resolve-2026-09-16
0x00450030,authored_game,EclVm,authored,high,ecl-vm-read-resolve-2026-09-16
0x00450070,authored_game,EclVm,authored,high,ecl-vm-read-resolve-2026-09-16
0x004500D0,authored_game,EclVm,authored,high,ecl-vm-thread-control-2026-09-16
0x00450160,authored_game,EclVm,authored,high,ecl-vm-thread-control-2026-09-16
0x00450190,authored_game,EclVm,authored,high,ecl-vm-thread-control-2026-09-16
0x004501B0,authored_game,EclVm,authored,high,ecl-vm-polar-helper-2026-09-18
0x00450220,authored_game,EclVm,authored,high,ecl-vm-script-loader-2026-09-16
0x00450470,authored_game,EclVm,authored,high,ecl-vm-thread-control-2026-09-16
0x004505B0,authored_game,EclVm,authored,high,ecl-vm-stack-core-2026-09-16
0x00450610,authored_game,EclVm,authored,high,ecl-vm-stack-pop-2026-09-16
0x00450690,authored_game,EclVm,authored,high,ecl-vm-stack-core-2026-09-16
0x004506D0,authored_game,EclVm,authored,high,ecl-vm-stack-core-2026-09-16
0x00450700,authored_game,GameUnassigned,authored,medium,target-ida-reviewed-game-component-2026-09-17
0x0045071E,import_thunk,PEImport,exclude,high,pe32-iat-jump-thunk-2026-09-17
0x00452170,import_thunk,PEImport,exclude,high,pe32-iat-jump-thunk-2026-09-17
0x00452176,import_thunk,PEImport,exclude,high,pe32-iat-jump-thunk-2026-09-17
0x0045217C,import_thunk,PEImport,exclude,high,pe32-iat-jump-thunk-2026-09-17
0x00452182,import_thunk,PEImport,exclude,high,pe32-iat-jump-thunk-2026-09-17
0x00452188,import_thunk,PEImport,exclude,high,pe32-iat-jump-thunk-2026-09-17
0x0045218E,import_thunk,PEImport,exclude,high,pe32-iat-jump-thunk-2026-09-17
0x00452194,import_thunk,PEImport,exclude,high,pe32-iat-jump-thunk-2026-09-17
0x0045219A,import_thunk,PEImport,exclude,high,pe32-iat-jump-thunk-2026-09-17
0x004521A0,import_thunk,PEImport,exclude,high,pe32-iat-jump-thunk-2026-09-17
0x004521A6,import_thunk,PEImport,exclude,high,pe32-iat-jump-thunk-2026-09-17
0x004521AC,import_thunk,PEImport,exclude,high,pe32-iat-jump-thunk-2026-09-17
0x004521B2,import_thunk,PEImport,exclude,high,pe32-iat-jump-thunk-2026-09-17
0x004521B8,import_thunk,PEImport,exclude,high,pe32-iat-jump-thunk-2026-09-17
0x004521BE,import_thunk,PEImport,exclude,high,pe32-iat-jump-thunk-2026-09-17
0x004521C4,import_thunk,PEImport,exclude,high,pe32-iat-jump-thunk-2026-09-17
0x004521CA,import_thunk,PEImport,exclude,high,pe32-iat-jump-thunk-2026-09-17
0x004521D0,import_thunk,PEImport,exclude,high,pe32-iat-jump-thunk-2026-09-17
0x004521D6,import_thunk,PEImport,exclude,high,pe32-iat-jump-thunk-2026-09-17
0x0045232C,import_thunk,PEImport,exclude,high,pe32-iat-jump-thunk-2026-09-17
0x00452422,library,CRT,exclude,high,vc71-static-runtime-body-2026-09-17
0x00452475,library,CRT,exclude,high,vc71-static-runtime-contained-fragment-2026-09-17
0x00452493,library,CRT,exclude,medium,target-vc71-runtime-wrapper-2026-09-17
0x004524A1,library,CRT,exclude,medium,target-vc71-runtime-wrapper-2026-09-17
0x004524A6,library,CRT,exclude,high,vc71-static-runtime-body-2026-09-17
0x004524FD,library,CRT,exclude,medium,vc71-static-runtime-family-2026-09-17
0x0045252D,library,CRT,exclude,high,vc71-static-runtime-extended-body-2026-09-17
0x00452577,library,CRT,exclude,high,vc71-static-runtime-contained-fragment-2026-09-17
0x004525A1,library,CRT,exclude,high,vc71-static-runtime-extended-body-2026-09-17
0x004525FF,library,CRT,exclude,high,vc71-static-runtime-extended-body-2026-09-17
0x00452647,library,CRT,exclude,high,vc71-static-runtime-contained-fragment-2026-09-17
0x0045265F,library,CRT,exclude,high,vc71-static-runtime-extended-body-2026-09-17
0x004526D1,library,CRT,exclude,high,vc71-static-runtime-contained-fragment-2026-09-17
0x004526DA,library,CRT,exclude,high,vc71-static-runtime-body-2026-09-17
0x00452706,library,CRT,exclude,high,crt-malloc-wrapper-2026-09-14
0x00452730,library,CRT,exclude,high,vc71-static-runtime-body-2026-09-17
0x004527EE,library,CRT,exclude,high,vc71-static-runtime-body-2026-09-17
0x00452876,library,CRT,exclude,medium,target-vc71-runtime-wrapper-2026-09-17
0x00452930,library,CRT,exclude,high,crt-strrchr-2026-09-14
0x00452960,library,CRT,exclude,high,vc71-static-runtime-body-2026-09-17
0x00452A84,library,CRT,exclude,high,vc71-static-runtime-body-2026-09-17
0x00452ABC,library,CRT,exclude,medium,vc71-static-runtime-family-2026-09-17
0x00452AE8,library,CRT,exclude,high,vc71-static-runtime-body-2026-09-17
0x00452B40,library,CRT,exclude,medium,vc71-static-runtime-family-2026-09-17
0x00452B71,library,CRT,exclude,high,vc71-static-runtime-body-2026-09-17
0x00452BAA,library,CRT,exclude,high,vc71-static-runtime-body-2026-09-17
0x00452D2A,library,CRT,exclude,high,vc71-static-runtime-body-2026-09-17
0x00452DAA,library,CRT,exclude,high,vc71-static-runtime-body-2026-09-17
0x00452DD2,library,CRT,exclude,high,vc71-static-runtime-extended-body-2026-09-17
0x00452E04,library,CRT,exclude,high,vc71-static-runtime-contained-fragment-2026-09-17
0x00452E0A,library,CRT,exclude,medium,vc71-static-runtime-short-body-2026-09-17
0x00452E1C,library,CRT,exclude,high,vc71-static-runtime-extended-body-2026-09-17
0x00452E5A,library,CRT,exclude,high,vc71-static-runtime-extended-body-2026-09-17
0x00452EEC,library,CRT,exclude,high,vc71-static-runtime-body-2026-09-17
0x00452F80,library,CRT,exclude,high,vc71-static-runtime-body-2026-09-17
0x00452FB9,library,CRT,exclude,high,vc71-static-runtime-body-2026-09-17
0x00452FF0,library,CRT,exclude,medium,target-vc71-runtime-special-2026-09-17
0x00453111,library,CRT,exclude,high,vc71-static-runtime-body-2026-09-17
0x00453280,library,CRT,exclude,medium,vc71-static-runtime-family-2026-09-17
0x004535BD,library,CRT,exclude,high,vc71-static-runtime-extended-body-2026-09-17
0x004535EE,library,CRT,exclude,high,vc71-static-runtime-extended-body-2026-09-17
0x00453683,library,CRT,exclude,high,vc71-static-runtime-body-2026-09-17
0x0045371B,library,CRT,exclude,high,vc71-static-runtime-body-2026-09-17
0x0045373D,library,CRT,exclude,medium,vc71-static-runtime-named-body-2026-09-17
0x00453762,library,CRT,exclude,medium,vc71-static-runtime-named-body-2026-09-17
0x004537DC,library,CRT,exclude,high,crt-winmain-startup-2026-09-12
0x004539B1,library,CRT,exclude,medium,vc71-static-runtime-short-body-2026-09-17
0x004539CB,library,CRT,exclude,high,vc71-static-runtime-body-2026-09-17
0x00453AA1,library,CRT,exclude,high,vc71-static-runtime-body-2026-09-17
0x00453AEA,library,CRT,exclude,high,vc71-static-runtime-body-2026-09-17
0x00453B3F,library,CRT,exclude,medium,vc71-static-runtime-short-body-2026-09-17
0x00453B6C,library,CRT,exclude,high,vc71-static-runtime-extended-body-2026-09-17
0x00453C03,library,CRT,exclude,high,vc71-static-runtime-contained-fragment-2026-09-17
0x00453C0C,library,CRT,exclude,high,vc71-static-runtime-body-2026-09-17
0x00453C52,library,CRT,exclude,high,vc71-static-runtime-body-2026-09-17
0x00453C9A,library,CRT,exclude,high,vc71-static-runtime-body-2026-09-17
0x00453CC5,library,CRT,exclude,high,vc71-static-runtime-body-2026-09-17
0x00453FDD,library,CRT,exclude,high,vc71-static-runtime-body-2026-09-17
0x00454094,library,CRT,exclude,high,vc71-static-runtime-body-2026-09-17
0x0045419A,library,CRT,exclude,high,vc71-static-runtime-body-2026-09-17
0x0045454A,library,CRT,exclude,high,vc71-static-runtime-body-2026-09-17
0x004548BE,library,CRT,exclude,high,vc71-static-runtime-body-2026-09-17
0x00454BBC,library,CRT,exclude,high,vc71-static-runtime-body-2026-09-17
0x00454BF7,library,CRT,exclude,medium,vc71-static-runtime-short-body-2026-09-17
0x00454CF6,library,CRT,exclude,medium,vc71-static-runtime-short-body-2026-09-17
0x00454D11,library,CRT,exclude,high,vc71-static-runtime-body-2026-09-17
0x00454E2A,library,CRT,exclude,high,vc71-static-runtime-body-2026-09-17
0x00454E5D,library,CRT,exclude,high,vc71-static-runtime-body-2026-09-17
0x00454E81,library,CRT,exclude,high,vc71-static-runtime-body-2026-09-17
0x00454ED7,library,CRT,exclude,high,vc71-static-runtime-extended-body-2026-09-17
0x00455693,library,CRT,exclude,high,vc71-static-runtime-body-2026-09-17
0x004556E0,library,CRT,exclude,high,vc71-static-runtime-body-2026-09-17
0x00455737,library,CRT,exclude,medium,vc71-static-runtime-short-body-2026-09-17
0x00455752,library,CRT,exclude,high,vc71-static-runtime-body-2026-09-17
0x004557FC,library,CRT,exclude,high,vc71-static-runtime-body-2026-09-17
0x004558CC,library,CRT,exclude,high,vc71-static-runtime-body-2026-09-17
0x00455990,library,CRT,exclude,high,vc71-static-runtime-body-2026-09-17
0x004559B4,library,CRT,exclude,high,vc71-static-runtime-body-2026-09-17
0x00455A90,library,CRT,exclude,high,vc71-static-runtime-body-2026-09-17
0x00455ADE,library,CRT,exclude,high,vc71-static-runtime-extended-body-2026-09-17
0x00455B10,library,CRT,exclude,high,vc71-static-runtime-contained-fragment-2026-09-17
0x0045631E,library,CRT,exclude,medium,target-vc71-runtime-callback-helper-2026-09-17
0x00456327,library,CRT,exclude,medium,vc71-static-runtime-short-body-2026-09-17
0x00456344,library,CRT,exclude,medium,vc71-static-runtime-short-body-2026-09-17
0x00456357,library,CRT,exclude,high,vc71-static-runtime-body-2026-09-17
0x004563C8,library,CRT,exclude,high,vc71-static-runtime-extended-body-2026-09-17
0x004564FA,library,CRT,exclude,high,vc71-static-runtime-contained-fragment-2026-09-17
0x00456506,library,CRT,exclude,high,vc71-static-runtime-contained-fragment-2026-09-17
0x0045650F,library,CRT,exclude,high,vc71-static-runtime-body-2026-09-17
0x0045654A,library,CRT,exclude,high,vc71-static-runtime-body-2026-09-17
0x00456640,library,CRT,exclude,high,vc71-static-runtime-body-2026-09-17
0x00456674,library,CRT,exclude,high,vc71-static-runtime-body-2026-09-17
0x00456720,library,CRT,exclude,high,vc71-static-runtime-body-2026-09-17
0x0045685E,library,CRT,exclude,high,vc71-static-runtime-body-2026-09-17
0x00456898,library,CRT,exclude,high,vc71-static-runtime-body-2026-09-17
0x004568D7,library,CRT,exclude,high,vc71-static-runtime-body-2026-09-17
0x00456A8B,library,CRT,exclude,medium,target-vc71-runtime-callback-helper-2026-09-17
0x00456A8C,library,CRT,exclude,medium,target-vc71-runtime-special-2026-09-17
0x00456AD4,library,CRT,exclude,medium,vc71-static-runtime-short-body-2026-09-17
0x00456AF2,library,CRT,exclude,medium,target-vc71-runtime-wrapper-2026-09-17
0x00456AFB,library,CRT,exclude,medium,target-vc71-runtime-wrapper-2026-09-17
0x00456B04,library,CRT,exclude,high,vc71-static-runtime-body-2026-09-17
0x00456B80,library,CRT,exclude,high,vc71-static-runtime-body-2026-09-17
0x00456BE8,library,CRT,exclude,high,vc71-static-runtime-body-2026-09-17
0x00456E03,library,CRT,exclude,high,vc71-static-runtime-contained-fragment-2026-09-17
0x00456E90,library,CRT,exclude,high,vc71-static-runtime-body-2026-09-17
0x00457048,library,CRT,exclude,high,vc71-static-runtime-body-2026-09-17
0x004571CF,library,CRT,exclude,high,vc71-static-runtime-extended-body-2026-09-17
0x00457212,library,CRT,exclude,high,vc71-static-runtime-contained-fragment-2026-09-17
0x00457250,library,CRT,exclude,high,vc71-static-runtime-extended-body-2026-09-17
0x00457285,library,CRT,exclude,high,vc71-static-runtime-contained-fragment-2026-09-17
0x0045728E,library,CRT,exclude,high,vc71-static-runtime-body-2026-09-17
0x00457395,library,CRT,exclude,high,vc71-static-runtime-body-2026-09-17
0x004574FD,library,CRT,exclude,high,vc71-static-runtime-contained-fragment-2026-09-17
0x00457547,library,CRT,exclude,high,vc71-static-runtime-extended-body-2026-09-17
0x00457577,library,CRT,exclude,medium,target-vc71-runtime-wrapper-2026-09-17
0x00457580,library,CRT,exclude,medium,target-vc71-runtime-wrapper-2026-09-17
0x00457589,library,CRT,exclude,medium,vc71-static-runtime-short-body-2026-09-17
0x004575BF,library,CRT,exclude,high,vc71-static-runtime-body-2026-09-17
0x00457629,library,CRT,exclude,high,vc71-static-runtime-body-2026-09-17
0x004576D8,library,CRT,exclude,high,vc71-static-runtime-contained-fragment-2026-09-17
0x004576EC,library,CRT,exclude,medium,vc71-static-runtime-short-body-2026-09-17
0x004576FD,library,CRT,exclude,medium,vc71-static-runtime-short-body-2026-09-17
0x0045770E,library,CRT,exclude,medium,target-vc71-runtime-wrapper-2026-09-17
0x0045772C,library,CRT,exclude,high,vc71-static-runtime-extended-body-2026-09-17
0x00457799,library,CRT,exclude,high,vc71-static-runtime-contained-fragment-2026-09-17
0x004577CE,library,CRT,exclude,high,vc71-static-runtime-body-2026-09-17
0x0045794D,library,CRT,exclude,high,vc71-static-runtime-body-2026-09-17
0x00457A13,library,CRT,exclude,high,vc71-static-runtime-contained-fragment-2026-09-17
0x00457A3C,library,CRT,exclude,medium,vc71-static-runtime-short-body-2026-09-17
0x00457A7C,library,CRT,exclude,high,vc71-static-runtime-body-2026-09-17
0x004588A7,library,CRT,exclude,high,vc71-static-runtime-body-2026-09-17
0x00458B1E,library,CRT,exclude,high,vc71-static-runtime-body-2026-09-17
0x00458B53,library,CRT,exclude,high,vc71-static-runtime-body-2026-09-17
0x00458C39,library,CRT,exclude,high,vc71-static-runtime-body-2026-09-17
0x00458D0C,library,CRT,exclude,high,vc71-static-runtime-body-2026-09-17
0x00458D91,library,CRT,exclude,high,vc71-static-runtime-body-2026-09-17
0x00458E74,library,CRT,exclude,high,vc71-static-runtime-extended-body-2026-09-17
0x00458EA5,library,CRT,exclude,medium,target-vc71-runtime-wrapper-2026-09-17
0x00458EC0,library,CRT,exclude,high,vc71-static-runtime-body-2026-09-17
0x00458EFD,library,CRT,exclude,high,vc71-static-runtime-body-2026-09-17
0x0045909F,library,CRT,exclude,high,vc71-static-runtime-body-2026-09-17
0x004590D8,library,CRT,exclude,high,vc71-static-runtime-body-2026-09-17
0x00459135,library,CRT,exclude,high,vc71-static-runtime-body-2026-09-17
0x004591FC,library,CRT,exclude,high,vc71-static-runtime-body-2026-09-17
0x00459368,library,CRT,exclude,high,vc71-static-runtime-body-2026-09-17
0x0045940A,library,CRT,exclude,high,vc71-static-runtime-body-2026-09-17
0x0045952C,library,CRT,exclude,high,vc71-static-runtime-body-2026-09-17
0x00459776,library,CRT,exclude,medium,vc71-static-runtime-family-2026-09-17
0x004597FE,library,CRT,exclude,medium,vc71-static-runtime-short-body-2026-09-17
0x0045980E,library,CRT,exclude,high,vc71-static-runtime-body-2026-09-17
0x0045989C,library,CRT,exclude,high,vc71-static-runtime-body-2026-09-17
0x004598DE,library,CRT,exclude,high,vc71-static-runtime-body-2026-09-17
0x00459946,library,CRT,exclude,high,vc71-static-runtime-body-2026-09-17
0x00459969,library,CRT,exclude,medium,target-vc71-runtime-special-2026-09-17
0x00459972,library,CRT,exclude,medium,vc71-static-runtime-short-body-2026-09-17
0x0045998A,library,CRT,exclude,high,vc71-static-runtime-body-2026-09-17
0x00459BB3,library,CRT,exclude,high,vc71-static-runtime-body-2026-09-17
0x00459C27,library,CRT,exclude,medium,vc71-static-runtime-family-2026-09-17
0x00459CAE,library,CRT,exclude,medium,vc71-static-runtime-contained-fragment-2026-09-17
0x00459CD2,library,CRT,exclude,high,vc71-static-runtime-body-2026-09-17
0x00459E8E,library,CRT,exclude,medium,vc71-static-runtime-family-2026-09-17
0x00459F15,library,CRT,exclude,medium,vc71-static-runtime-contained-fragment-2026-09-17
0x00459F39,library,CRT,exclude,high,vc71-static-runtime-body-2026-09-17
0x00459F7D,library,CRT,exclude,high,vc71-static-runtime-body-2026-09-17
0x0045A10E,library,CRT,exclude,high,vc71-static-runtime-body-2026-09-17
0x0045A16E,library,CRT,exclude,medium,vc71-static-runtime-named-body-2026-09-17
0x0045A1B0,library,CRT,exclude,high,vc71-static-runtime-body-2026-09-17
0x0045A245,library,CRT,exclude,medium,vc71-static-runtime-short-body-2026-09-17
0x0045A25D,library,CRT,exclude,high,vc71-static-runtime-body-2026-09-17
0x0045A417,library,CRT,exclude,high,vc71-static-runtime-body-2026-09-17
0x0045A496,library,CRT,exclude,high,vc71-static-runtime-body-2026-09-17
0x0045A52B,library,CRT,exclude,high,vc71-static-runtime-body-2026-09-17
0x0045A75E,library,CRT,exclude,high,vc71-static-runtime-body-2026-09-17
0x0045A7B4,library,CRT,exclude,high,vc71-static-runtime-body-2026-09-17
0x0045A82D,library,CRT,exclude,high,vc71-static-runtime-body-2026-09-17
0x0045AA93,library,CRT,exclude,high,vc71-static-runtime-body-2026-09-17
0x0045AF1D,library,CRT,exclude,high,vc71-static-runtime-body-2026-09-17
0x0045AFE0,library,CRT,exclude,high,vc71-static-runtime-body-2026-09-17
0x0045B033,library,CRT,exclude,high,vc71-static-runtime-body-2026-09-17
0x0045B39A,library,CRT,exclude,high,vc71-static-runtime-body-2026-09-17
0x0045B5BC,library,CRT,exclude,high,vc71-static-runtime-body-2026-09-17
0x0045B61B,library,CRT,exclude,high,vc71-static-runtime-body-2026-09-17
0x0045B81B,library,CRT,exclude,high,vc71-static-runtime-body-2026-09-17
0x0045B8F4,library,CRT,exclude,high,vc71-static-runtime-body-2026-09-17
0x0045BB33,library,CRT,exclude,high,vc71-static-runtime-body-2026-09-17
0x0045BD80,library,CRT,exclude,medium,target-vc71-runtime-special-2026-09-17
0x0045BD90,library,CRT,exclude,high,vc71-static-runtime-body-2026-09-17
0x0045BE80,library,CRT,exclude,high,vc71-static-runtime-body-2026-09-17
0x0045BED0,library,CRT,exclude,high,vc71-static-runtime-body-2026-09-17
0x0045BF30,library,CRT,exclude,high,vc71-static-runtime-body-2026-09-17
0x0045BFC0,library,CRT,exclude,medium,vc71-static-runtime-family-2026-09-17
0x0045C2FD,library,CRT,exclude,high,vc71-static-runtime-body-2026-09-17
0x0045C377,library,CRT,exclude,high,vc71-static-runtime-body-2026-09-17
0x0045C3F1,library,CRT,exclude,medium,vc71-static-runtime-short-body-2026-09-17
0x0045C40F,library,CRT,exclude,high,vc71-static-runtime-body-2026-09-17
0x0045C4F2,library,CRT,exclude,high,vc71-static-runtime-body-2026-09-17
0x0045C527,library,CRT,exclude,medium,vc71-static-runtime-short-body-2026-09-17
0x0045C544,library,CRT,exclude,high,vc71-static-runtime-body-2026-09-17
0x0045C5DC,library,CRT,exclude,high,vc71-static-runtime-body-2026-09-17
0x0045C651,library,CRT,exclude,high,vc71-static-runtime-body-2026-09-17
0x0045C86F,library,CRT,exclude,high,vc71-static-runtime-body-2026-09-17
0x0045CCD0,library,CRT,exclude,high,vc71-static-runtime-body-2026-09-17
0x0045CD56,library,CRT,exclude,high,vc71-static-runtime-body-2026-09-17
0x0045CD85,library,CRT,exclude,medium,vc71-static-runtime-named-body-2026-09-17
0x0045CDAE,library,CRT,exclude,high,vc71-static-runtime-body-2026-09-17
0x0045CF49,library,CRT,exclude,high,vc71-static-runtime-extended-body-2026-09-17
0x0045CFAF,library,CRT,exclude,high,vc71-static-runtime-contained-fragment-2026-09-17
0x0045CFB8,library,CRT,exclude,high,vc71-static-runtime-body-2026-09-17
0x0045D15C,library,CRT,exclude,high,vc71-static-runtime-extended-body-2026-09-17
0x0045D2A3,library,CRT,exclude,high,vc71-static-runtime-contained-fragment-2026-09-17
0x0045D2AC,library,CRT,exclude,medium,vc71-static-runtime-short-body-2026-09-17
0x0045D2CA,library,CRT,exclude,high,vc71-static-runtime-body-2026-09-17
0x0045D2FC,library,CRT,exclude,high,vc71-static-runtime-body-2026-09-17
0x0045D349,library,CRT,exclude,high,vc71-static-runtime-body-2026-09-17
0x0045D3BB,library,CRT,exclude,medium,vc71-static-runtime-short-body-2026-09-17
0x0045D3D6,library,CRT,exclude,medium,vc71-static-runtime-short-body-2026-09-17
0x0045D3E2,library,CRT,exclude,medium,vc71-static-runtime-short-body-2026-09-17
0x0045D3FB,library,CRT,exclude,high,vc71-static-runtime-body-2026-09-17
0x0045D476,library,CRT,exclude,high,vc71-static-runtime-body-2026-09-17
0x0045D5CE,library,CRT,exclude,medium,vc71-static-runtime-named-body-2026-09-17
0x0045D5E4,library,CRT,exclude,medium,vc71-static-runtime-named-body-2026-09-17
0x0045D5FA,library,CRT,exclude,high,vc71-static-runtime-body-2026-09-17
0x0045D676,library,CRT,exclude,medium,vc71-static-runtime-family-2026-09-17
0x0045D6BB,library,CRT,exclude,high,vc71-static-runtime-body-2026-09-17
0x0045D701,library,CRT,exclude,medium,vc71-static-runtime-family-2026-09-17
0x0045D746,library,CRT,exclude,high,vc71-static-runtime-extended-body-2026-09-17
0x0045DB86,library,CRT,exclude,high,vc71-static-runtime-body-2026-09-17
0x0045DBDB,library,CRT,exclude,high,vc71-static-runtime-body-2026-09-17
0x0045DC7C,library,CRT,exclude,high,vc71-static-runtime-body-2026-09-17
0x0045DCBA,library,CRT,exclude,medium,vc71-static-runtime-short-body-2026-09-17
0x0045DCD7,library,CRT,exclude,high,vc71-static-runtime-body-2026-09-17
0x0045DD85,library,CRT,exclude,high,vc71-static-runtime-body-2026-09-17
0x0045DDF5,library,CRT,exclude,high,vc71-static-runtime-body-2026-09-17
0x0045DE91,library,CRT,exclude,high,vc71-static-runtime-body-2026-09-17
0x0045DEF8,library,CRT,exclude,high,vc71-static-runtime-body-2026-09-17
0x0045DF97,library,CRT,exclude,high,vc71-static-runtime-body-2026-09-17
0x0045DFE8,library,CRT,exclude,medium,vc71-static-runtime-short-body-2026-09-17
0x0045DFFA,library,CRT,exclude,high,vc71-static-runtime-body-2026-09-17
0x0045E03A,library,CRT,exclude,medium,vc71-static-runtime-named-body-2026-09-17
0x0045E063,library,CRT,exclude,high,vc71-static-runtime-body-2026-09-17
0x0045E123,library,CRT,exclude,high,vc71-static-runtime-body-2026-09-17
0x0045E204,library,CRT,exclude,high,vc71-static-runtime-body-2026-09-17
0x0045E2B5,library,CRT,exclude,high,vc71-static-runtime-body-2026-09-17
0x0045E375,library,CRT,exclude,medium,vc71-static-runtime-family-2026-09-17
0x0045E3A0,library,CRT,exclude,medium,target-vc71-runtime-callback-helper-2026-09-17
0x0045E3A3,library,CRT,exclude,high,vc71-static-runtime-body-2026-09-17
0x0045E648,library,CRT,exclude,high,vc71-static-runtime-body-2026-09-17
0x0045E86C,library,CRT,exclude,high,vc71-static-runtime-body-2026-09-17
0x0045E8B4,library,CRT,exclude,high,vc71-static-runtime-body-2026-09-17
0x0045E8E1,library,CRT,exclude,high,vc71-static-runtime-body-2026-09-17
0x0045E97F,library,CRT,exclude,high,vc71-static-runtime-body-2026-09-17
0x0045E9D2,library,CRT,exclude,high,vc71-static-runtime-body-2026-09-17
0x0045EA31,library,CRT,exclude,high,vc71-static-runtime-body-2026-09-17
0x0045EAED,library,CRT,exclude,high,vc71-static-runtime-body-2026-09-17
0x0045EBBA,library,CRT,exclude,medium,vc71-static-runtime-short-body-2026-09-17
0x0045EBCB,library,CRT,exclude,high,vc71-static-runtime-body-2026-09-17
0x0045EC34,library,CRT,exclude,high,vc71-static-runtime-body-2026-09-17
0x0045EC59,library,CRT,exclude,high,vc71-static-runtime-body-2026-09-17
0x0045ECB4,library,CRT,exclude,high,vc71-static-runtime-body-2026-09-17
0x0045ED70,library,CRT,exclude,medium,target-vc71-runtime-special-2026-09-17
0x0045ED7B,library,CRT,exclude,medium,vc71-static-runtime-short-body-2026-09-17
0x0045ED87,library,CRT,exclude,high,vc71-static-runtime-body-2026-09-17
0x0045EDAB,library,CRT,exclude,high,vc71-static-runtime-body-2026-09-17
0x0045EE1D,library,CRT,exclude,high,vc71-static-runtime-body-2026-09-17
0x0045F1F3,library,CRT,exclude,high,vc71-static-runtime-body-2026-09-17
0x0045F259,library,CRT,exclude,high,vc71-static-runtime-body-2026-09-17
0x0045F3D0,library,CRT,exclude,high,vc71-static-runtime-body-2026-09-17
0x0045F4C9,library,CRT,exclude,high,vc71-static-runtime-body-2026-09-17
0x0045F590,library,CRT,exclude,medium,vc71-static-runtime-short-body-2026-09-17
0x0045F655,library,CRT,exclude,high,vc71-static-runtime-body-2026-09-17
0x0045F6D4,library,CRT,exclude,high,vc71-static-runtime-body-2026-09-17
0x0045F715,library,CRT,exclude,high,vc71-static-runtime-extended-body-2026-09-17
0x0045F7AC,library,CRT,exclude,high,vc71-static-runtime-contained-fragment-2026-09-17
0x0045F7B5,library,CRT,exclude,high,vc71-static-runtime-body-2026-09-17
0x0045FA1A,library,CRT,exclude,high,vc71-static-runtime-body-2026-09-17
0x0045FBF6,library,CRT,exclude,high,vc71-static-runtime-body-2026-09-17
0x0045FDAF,library,CRT,exclude,medium,target-vc71-runtime-wrapper-2026-09-17
0x0045FE47,library,CRT,exclude,high,vc71-static-runtime-body-2026-09-17
0x00460028,library,CRT,exclude,high,vc71-static-runtime-body-2026-09-17
0x00460163,library,CRT,exclude,high,vc71-static-runtime-contained-fragment-2026-09-17
0x004601A1,library,CRT,exclude,high,vc71-static-runtime-body-2026-09-17
0x004601E8,library,CRT,exclude,high,vc71-static-runtime-body-2026-09-17
0x004603D0,library,CRT,exclude,high,vc71-static-runtime-body-2026-09-17
0x0046041E,library,CRT,exclude,high,vc71-static-runtime-body-2026-09-17
0x0046054E,library,CRT,exclude,high,crt-stricmp-wrapper-2026-09-14
0x004605B7,library,CRT,exclude,high,vc71-static-runtime-body-2026-09-17
0x00460636,library,CRT,exclude,high,vc71-static-runtime-body-2026-09-17
0x00460674,library,CRT,exclude,high,vc71-static-runtime-body-2026-09-17
0x0046069E,library,CRT,exclude,high,vc71-static-runtime-body-2026-09-17
0x004606DF,library,CRT,exclude,high,vc71-static-runtime-body-2026-09-17
0x0046074C,library,CRT,exclude,high,vc71-static-runtime-body-2026-09-17
0x0046077D,library,CRT,exclude,medium,vc71-static-runtime-short-body-2026-09-17
0x00460798,library,CRT,exclude,high,vc71-static-runtime-body-2026-09-17
0x004607B9,library,CRT,exclude,high,vc71-static-runtime-body-2026-09-17
0x00460817,library,CRT,exclude,high,vc71-static-runtime-body-2026-09-17
0x00460845,library,CRT,exclude,high,vc71-static-runtime-body-2026-09-17
0x00460872,library,CRT,exclude,high,vc71-static-runtime-body-2026-09-17
0x0046095A,library,CRT,exclude,high,vc71-static-runtime-body-2026-09-17
0x00460B90,library,CRT,exclude,high,vc71-static-runtime-body-2026-09-17
0x00460C26,library,CRT,exclude,high,vc71-static-runtime-body-2026-09-17
0x00460CEE,library,CRT,exclude,medium,vc71-static-runtime-named-body-2026-09-17
0x00460D10,library,CRT,exclude,high,vc71-static-runtime-body-2026-09-17
0x00460D87,library,CRT,exclude,high,vc71-static-runtime-body-2026-09-17
0x00460E41,library,CRT,exclude,high,vc71-static-runtime-body-2026-09-17
0x00460EE4,library,CRT,exclude,high,vc71-static-runtime-body-2026-09-17
0x00460F76,library,CRT,exclude,high,vc71-static-runtime-body-2026-09-17
0x0046105E,library,CRT,exclude,high,vc71-static-runtime-body-2026-09-17
0x00461090,library,CRT,exclude,medium,vc71-static-runtime-short-body-2026-09-17
0x004610A6,library,CRT,exclude,high,vc71-static-runtime-body-2026-09-17
0x004610F4,library,CRT,exclude,high,vc71-static-runtime-body-2026-09-17
0x00461184,library,CRT,exclude,high,vc71-static-runtime-body-2026-09-17
0x00461361,library,CRT,exclude,medium,vc71-static-runtime-family-2026-09-17
0x004613E8,library,CRT,exclude,medium,vc71-static-runtime-contained-fragment-2026-09-17
0x0046140C,library,CRT,exclude,high,vc71-static-runtime-body-2026-09-17
0x00461565,library,CRT,exclude,high,vc71-static-runtime-body-2026-09-17
0x00461695,library,CRT,exclude,high,vc71-static-runtime-body-2026-09-17
0x004617E0,library,CRT,exclude,high,vc71-static-runtime-body-2026-09-17
0x00461841,library,CRT,exclude,high,vc71-static-runtime-body-2026-09-17
0x00461ADD,library,CRT,exclude,medium,vc71-static-runtime-named-body-2026-09-17
0x00461AF9,library,CRT,exclude,high,vc71-static-runtime-body-2026-09-17
0x00461E83,library,CRT,exclude,high,vc71-static-runtime-body-2026-09-17
0x00461ED0,library,CRT,exclude,medium,vc71-static-runtime-family-2026-09-17
0x00461F31,library,CRT,exclude,high,vc71-static-runtime-body-2026-09-17
0x00462107,library,CRT,exclude,high,vc71-static-runtime-body-2026-09-17
0x0046218A,library,CRT,exclude,high,vc71-static-runtime-body-2026-09-17
0x00462201,library,CRT,exclude,high,vc71-static-runtime-contained-fragment-2026-09-17
0x00462225,library,CRT,exclude,high,vc71-static-runtime-body-2026-09-17
0x00462250,library,CRT,exclude,high,vc71-static-runtime-body-2026-09-17
0x0046227B,library,CRT,exclude,high,vc71-static-runtime-body-2026-09-17
0x00462301,library,CxxRuntime,exclude,medium,target-vc71-standard-exception-family-2026-09-17
0x00462327,library,CxxRuntime,exclude,medium,target-vc71-standard-exception-family-2026-09-17
0x00462371,library,CxxRuntime,exclude,medium,target-vc71-standard-exception-family-2026-09-17
0x0046238E,library,CxxRuntime,exclude,medium,target-vc71-standard-exception-family-2026-09-17
0x004623C2,library,CxxRuntime,exclude,medium,target-vc71-standard-exception-family-2026-09-17
0x004623DE,library,CxxRuntime,exclude,medium,target-vc71-standard-exception-family-2026-09-17
0x00462401,library,CxxRuntime,exclude,medium,target-vc71-standard-exception-family-2026-09-17
0x0046241D,library,CxxRuntime,exclude,medium,target-vc71-standard-exception-family-2026-09-17
0x00462428,library,CxxRuntime,exclude,medium,target-vc71-standard-exception-family-2026-09-17
0x004624C3,library,CxxRuntime,exclude,medium,target-vc71-standard-exception-family-2026-09-17
0x004624E5,library,CxxRuntime,exclude,medium,target-vc71-standard-exception-family-2026-09-17
0x0046263A,import_thunk,PEImport,exclude,high,pe32-iat-jump-thunk-2026-09-17
0x004626D6,library,CRT,exclude,high,vc71-static-runtime-extended-body-2026-09-17
0x00462706,library,CxxEH,exclude,medium,target-vc71-eh-member-adapter-2026-09-17
0x0046270D,library,CxxEH,exclude,medium,target-vc71-eh-member-adapter-2026-09-17
0x00462714,library,CxxEH,exclude,medium,target-vc71-eh-member-adapter-2026-09-17
0x0046271B,library,CRT,exclude,high,vc71-static-runtime-body-2026-09-17
0x0046276D,library,CRT,exclude,high,vc71-static-runtime-body-2026-09-17
0x004627F8,library,CRT,exclude,high,vc71-static-runtime-body-2026-09-17
0x004628BF,library,CRT,exclude,high,vc71-static-runtime-body-2026-09-17
0x00462971,library,CRT,exclude,high,vc71-static-runtime-body-2026-09-17
0x004629EB,library,CRT,exclude,high,vc71-static-runtime-body-2026-09-17
0x00462A13,library,CRT,exclude,high,vc71-static-runtime-body-2026-09-17
0x00462A34,library,CRT,exclude,high,vc71-static-runtime-body-2026-09-17
0x00462A80,library,CRT,exclude,high,vc71-static-runtime-body-2026-09-17
0x00462ADC,library,CRT,exclude,medium,vc71-static-runtime-short-body-2026-09-17
0x00462AFB,library,CRT,exclude,high,vc71-static-runtime-body-2026-09-17
0x00462B35,library,CRT,exclude,high,vc71-static-runtime-extended-body-2026-09-17
0x00462B72,library,CRT,exclude,high,vc71-static-runtime-contained-fragment-2026-09-17
0x00462B7B,library,CxxRuntime,exclude,medium,target-vc71-standard-exception-family-2026-09-17
0x00462C01,library,CRT,exclude,medium,vc71-static-runtime-short-body-2026-09-17
0x00462C5A,library,CRT,exclude,high,vc71-static-runtime-body-2026-09-17
0x00462CAC,library,CRT,exclude,medium,vc71-static-runtime-short-body-2026-09-17
0x00462D00,library,CxxRuntime,exclude,medium,target-vc71-standard-exception-family-2026-09-17
0x00462D3C,library,CxxRuntime,exclude,medium,target-vc71-standard-exception-family-2026-09-17
0x00462D77,library,CxxRuntime,exclude,medium,target-vc71-standard-exception-family-2026-09-17
0x00462D82,library,CxxRuntime,exclude,medium,target-vc71-standard-exception-family-2026-09-17
0x00462D9E,library,CRT,exclude,medium,vc71-static-runtime-short-body-2026-09-17
0x00462DBD,library,CxxRuntime,exclude,medium,target-vc71-standard-exception-family-2026-09-17
0x00462DD9,library,CxxRuntime,exclude,medium,target-vc71-standard-exception-family-2026-09-17
0x00462DF5,library,CxxRuntime,exclude,medium,target-vc71-standard-exception-family-2026-09-17
0x00462E11,library,CRT,exclude,high,vc71-static-runtime-body-2026-09-17
0x00462E7E,library,CRT,exclude,high,vc71-static-runtime-extended-body-2026-09-17
0x00462F31,library,CRT,exclude,high,vc71-static-runtime-contained-fragment-2026-09-17
0x00462F7C,library,CRT,exclude,high,vc71-static-runtime-extended-body-2026-09-17
0x00462FC1,library,CRT,exclude,medium,vc71-static-runtime-short-body-2026-09-17
0x004631D5,library,CRT,exclude,high,vc71-static-runtime-extended-body-2026-09-17
0x0046332A,library,CRT,exclude,high,vc71-static-runtime-contained-fragment-2026-09-17
0x00463399,library,CRT,exclude,high,vc71-static-runtime-extended-body-2026-09-17
0x00463515,library,CRT,exclude,high,vc71-static-runtime-body-2026-09-17
0x0046363A,library,CRT,exclude,high,vc71-static-runtime-body-2026-09-17
0x004636A1,library,CRT,exclude,high,vc71-static-runtime-body-2026-09-17
0x0046375F,library,CRT,exclude,high,vc71-static-runtime-body-2026-09-17
0x00463963,library,CRT,exclude,high,vc71-static-runtime-body-2026-09-17
0x00463A10,library,CRT,exclude,high,vc71-static-runtime-body-2026-09-17
0x00463A5C,library,CRT,exclude,high,vc71-static-runtime-body-2026-09-17
0x00463ACA,library,CRT,exclude,medium,vc71-static-runtime-named-body-2026-09-17
0x00463AE6,library,CRT,exclude,medium,vc71-static-runtime-named-body-2026-09-17
0x00463B02,library,CRT,exclude,medium,vc71-static-runtime-short-body-2026-09-17
0x00463B2C,library,CRT,exclude,high,vc71-static-runtime-body-2026-09-17
0x00463BBA,library,CRT,exclude,medium,target-vc71-runtime-wrapper-2026-09-17
0x00463BF0,library,CRT,exclude,high,vc71-static-runtime-extended-body-2026-09-17
0x00463C0D,library,CRT,exclude,high,vc71-static-runtime-contained-fragment-2026-09-17
0x00463CC0,library,CRT,exclude,high,vc71-static-runtime-body-2026-09-17
0x00463CFE,library,CRT,exclude,high,vc71-static-runtime-body-2026-09-17
0x00463D3B,library,CRT,exclude,high,vc71-static-runtime-extended-body-2026-09-17
0x00463D83,library,CRT,exclude,high,vc71-static-runtime-contained-fragment-2026-09-17
0x00463D8A,library,CRT,exclude,high,vc71-static-runtime-contained-fragment-2026-09-17
0x00463ED1,library,CRT,exclude,high,vc71-static-runtime-body-2026-09-17
0x00463F04,library,CRT,exclude,high,vc71-static-runtime-body-2026-09-17
0x00463F40,library,CRT,exclude,high,vc71-static-runtime-body-2026-09-17
0x00463FA7,library,CRT,exclude,high,vc71-static-runtime-body-2026-09-17
0x00464916,library,CRT,exclude,high,vc71-static-runtime-body-2026-09-17
0x00464B1C,library,CRT,exclude,high,vc71-static-runtime-body-2026-09-17
0x00464EA0,library,CRT,exclude,medium,vc71-static-runtime-short-body-2026-09-17
0x00464EB7,library,CRT,exclude,high,vc71-static-runtime-body-2026-09-17
0x00464F15,library,CRT,exclude,medium,vc71-static-runtime-short-body-2026-09-17
0x00464F2C,library,CRT,exclude,medium,vc71-static-runtime-short-body-2026-09-17
0x00464F88,library,CRT,exclude,medium,vc71-static-runtime-short-body-2026-09-17
0x00464FAB,library,CRT,exclude,high,vc71-static-runtime-body-2026-09-17
0x0046508C,library,CRT,exclude,high,vc71-static-runtime-body-2026-09-17
0x00465190,compiler_generated,CxxEH,exclude,high,target-cxx-eh-unwind-map-2026-09-17
0x004651A2,compiler_generated,CxxEH,exclude,high,target-cxx-eh-unwind-map-2026-09-17
0x004651B4,compiler_generated,CxxEH,exclude,high,target-cxx-eh-unwind-map-2026-09-17
0x004651C6,compiler_generated,CxxEH,exclude,high,target-cxx-eh-unwind-map-2026-09-17
0x004651E0,compiler_generated,CxxEH,exclude,high,target-cxx-eh-unwind-map-2026-09-17
0x004651FC,compiler_generated,CxxEH,exclude,high,target-cxx-eh-unwind-map-2026-09-17
0x0046520A,compiler_generated,CxxEH,exclude,high,target-cxx-eh-unwind-map-2026-09-17
0x00465230,compiler_generated,CxxEH,exclude,high,target-cxx-eh-unwind-map-2026-09-17
0x00465250,compiler_generated,CxxEH,exclude,high,target-cxx-eh-unwind-map-2026-09-17
0x00465280,compiler_generated,CxxEH,exclude,high,target-cxx-eh-unwind-map-2026-09-17
0x004652A0,compiler_generated,CxxEH,exclude,high,target-cxx-eh-unwind-map-2026-09-17
0x004652BB,compiler_generated,CxxEH,exclude,high,target-cxx-eh-unwind-map-2026-09-17
0x004652E0,compiler_generated,CxxEH,exclude,high,target-cxx-eh-unwind-map-2026-09-17
0x004652EB,compiler_generated,CxxEH,exclude,high,target-cxx-eh-unwind-map-2026-09-17
0x00465310,compiler_generated,CxxEH,exclude,high,target-cxx-eh-unwind-map-2026-09-17
0x00465330,compiler_generated,CxxEH,exclude,high,target-cxx-eh-unwind-map-2026-09-17
0x00465350,compiler_generated,CxxEH,exclude,high,target-cxx-eh-unwind-map-2026-09-17
0x00465358,compiler_generated,CxxEH,exclude,high,target-cxx-eh-unwind-map-2026-09-17
0x00465380,compiler_generated,CxxEH,exclude,high,target-cxx-eh-unwind-map-2026-09-17
0x004653A0,compiler_generated,CxxEH,exclude,high,target-cxx-eh-unwind-map-2026-09-17
0x004653C0,compiler_generated,CxxEH,exclude,high,target-cxx-eh-unwind-map-2026-09-17
0x004653E0,compiler_generated,CxxEH,exclude,high,target-cxx-eh-unwind-map-2026-09-17
0x00465400,compiler_generated,CxxEH,exclude,high,target-cxx-eh-unwind-map-2026-09-17
0x00465430,compiler_generated,CxxEH,exclude,high,target-cxx-eh-unwind-map-2026-09-17
0x00465449,compiler_generated,CxxEH,exclude,high,target-cxx-eh-unwind-map-2026-09-17
0x00465464,compiler_generated,CxxEH,exclude,high,target-cxx-eh-unwind-map-2026-09-17
0x0046547F,compiler_generated,CxxEH,exclude,high,target-cxx-eh-unwind-map-2026-09-17
0x0046549A,compiler_generated,CxxEH,exclude,high,target-cxx-eh-unwind-map-2026-09-17
0x004654C0,compiler_generated,CxxEH,exclude,high,target-cxx-eh-unwind-map-2026-09-17
0x004654E0,compiler_generated,CxxEH,exclude,high,target-cxx-eh-unwind-map-2026-09-17
0x004654F9,compiler_generated,CxxEH,exclude,high,target-cxx-eh-unwind-map-2026-09-17
0x00465520,compiler_generated,CxxEH,exclude,high,target-cxx-eh-unwind-map-2026-09-17
0x00465550,compiler_generated,CxxEH,exclude,high,target-cxx-eh-unwind-map-2026-09-17
0x00465580,compiler_generated,CxxEH,exclude,high,target-cxx-eh-unwind-map-2026-09-17
0x004655A0,compiler_generated,CxxEH,exclude,high,target-cxx-eh-unwind-map-2026-09-17
0x004655C0,compiler_generated,CxxEH,exclude,high,target-cxx-eh-unwind-map-2026-09-17
0x004655D9,compiler_generated,CxxEH,exclude,high,target-cxx-eh-unwind-map-2026-09-17
0x004655F4,compiler_generated,CxxEH,exclude,high,target-cxx-eh-unwind-map-2026-09-17
0x00465620,compiler_generated,CxxEH,exclude,high,target-cxx-eh-unwind-map-2026-09-17
0x00465640,compiler_generated,CxxEH,exclude,high,target-cxx-eh-unwind-map-2026-09-17
0x00465660,compiler_generated,CxxEH,exclude,high,target-cxx-eh-unwind-map-2026-09-17
0x00465680,compiler_generated,CxxEH,exclude,high,target-cxx-eh-unwind-map-2026-09-17
0x0046568B,compiler_generated,CxxEH,exclude,high,target-cxx-eh-unwind-map-2026-09-17
0x004656A0,compiler_generated,CxxEH,exclude,high,target-cxx-eh-unwind-map-2026-09-17
0x004656B9,compiler_generated,CxxEH,exclude,high,target-cxx-eh-unwind-map-2026-09-17
0x004656D4,compiler_generated,CxxEH,exclude,high,target-cxx-eh-unwind-map-2026-09-17
0x004656EF,compiler_generated,CxxEH,exclude,high,target-cxx-eh-unwind-map-2026-09-17
0x0046570A,compiler_generated,CxxEH,exclude,high,target-cxx-eh-unwind-map-2026-09-17
0x00465725,compiler_generated,CxxEH,exclude,high,target-cxx-eh-unwind-map-2026-09-17
0x00465740,compiler_generated,CxxEH,exclude,high,target-cxx-eh-unwind-map-2026-09-17
0x00465760,compiler_generated,CxxEH,exclude,high,target-cxx-eh-unwind-map-2026-09-17
0x0046577C,compiler_generated,CxxEH,exclude,high,target-cxx-eh-unwind-map-2026-09-17
0x0046578A,compiler_generated,CxxEH,exclude,high,target-cxx-eh-unwind-map-2026-09-17
0x004657B0,compiler_generated,CxxEH,exclude,high,target-cxx-eh-unwind-map-2026-09-17
0x004657D0,compiler_generated,CxxEH,exclude,high,target-cxx-eh-unwind-map-2026-09-17
0x004657DB,compiler_generated,CxxEH,exclude,high,target-cxx-eh-unwind-map-2026-09-17
0x00465800,compiler_generated,CxxEH,exclude,high,target-cxx-eh-unwind-map-2026-09-17
0x00465820,compiler_generated,CxxEH,exclude,high,target-cxx-eh-unwind-map-2026-09-17
0x00465840,compiler_generated,CxxEH,exclude,high,target-cxx-eh-unwind-map-2026-09-17
0x00465860,compiler_generated,CxxEH,exclude,high,target-cxx-eh-unwind-map-2026-09-17
0x00465880,compiler_generated,CxxEH,exclude,high,target-cxx-eh-unwind-map-2026-09-17
0x004658A0,compiler_generated,CxxEH,exclude,high,target-cxx-eh-unwind-map-2026-09-17
