address,size,span_end,current_name,proposed_name,module,status,match_percent,calling_convention,signature,is_thunk,source_file,evidence,owner,notes
0x00401000,251,0x004010FA,FUN_00401000,AsciiManagerView::AsciiManagerView,AsciiManager,unclassified,0.00,internal ESI AsciiManagerView* / RET,,false,src/AnmManager.cpp,"The constructor installs the one-slot ASCII-manager vtable, constructs two embedded 0x3AC-byte ANM VMs, clears the complete 0x89AC-byte object, publishes g_AsciiManagerView, and initializes color/scale/space-width state.",authored,"Reviewed extent 0x00401000-0x004010FA = 251 bytes; 0x004010FB begins padding. The text queues and their append/draw consumers establish this as the ASCII manager rather than the distinct ANM renderer at 0x00491C10. Canonical linked replay covers both DIR32 fields exactly."
0x00401110,330,0x00401259,FUN_00401110,AsciiManagerView::Initialize,AsciiManager,unclassified,0.00,internal EAX AsciiManagerView* / RET,int (),false,src/AnmManager.cpp,"Initialization loads ascii.anm/text.anm/capture.anm, registers one calculation and two text-draw callbacks, then initializes the embedded VMs against ascii scripts 0 and 0x62.",authored,"Reviewed extent 0x00401110-0x00401259 = 330 bytes; 0x0040125A begins padding. Prior normal/LTCG extents remain non-exact; source-owner renaming does not change target evidence."
0x00401260,467,0x00401432,FUN_00401260,AsciiManagerView::~AsciiManagerView,AsciiManager,unclassified,0.00,internal stack AsciiManagerView* / RET 4,,false,src/AnmManager.cpp,"Destruction removes three registered chain elements, releases the three ANM resources, clears the ASCII-manager global, and destroys the embedded VMs in reverse order.",authored,"Reviewed extent 0x00401260-0x00401432 = 467 bytes; 0x00401433 begins padding. Generated-vertex offsets +0x718/+0x36C confirm the embedded VMs. Current source remains non-exact."
0x00401440,69,0x00401484,FUN_00401440,AsciiManagerCreate,AsciiManager,unclassified,0.00,void / RET,AsciiManagerView *(),false,src/AnmManager.cpp,"The factory allocates 0x89AC bytes, constructs and initializes the ASCII manager, destroys/frees it on failure, and returns it on success.",authored,"Reviewed extent 0x00401440-0x00401484 = 69 bytes; 0x00401485 begins padding. Using this caller as LTCG entry recovers the constructor's private ESI receiver."
0x004014D0,26,0x004014E9,raw_004014D0,AsciiManagerView::ResetStrings,AsciiManager,unclassified,0.00,internal EAX AsciiManagerView* / RET,int (),false,src/AnmManager.cpp,"The retained member form clears both text-queue counts, increments the frame counter, and returns one.",authored,"New CC-delimited candidate missed by Ghidra. Extent 0x004014D0-0x004014E9 = 26 bytes; 0x004014EA begins padding. No direct/data xref is present, so the private EAX ABI remains a codegen observation."
0x004014F0,26,0x00401509,raw_004014F0,AsciiManagerView::OnUpdate,AsciiManager,unclassified,0.00,__fastcall ECX AsciiManagerView* / RET,int (AsciiManagerView *),false,src/AnmManager.cpp,"The calculation-chain callback clears the regular/GUI queue counts at +0x896C/+0x8970, increments frame counter +0x8990, and returns one.",authored,"Reviewed extent 0x004014F0-0x00401509 = 26 bytes; 0x0040150A begins padding. The callback address is installed by Initialize; canonical normal-COFF replay is exact."
0x00401510,7,0x00401516,raw_00401510,AsciiManagerView::OnDrawLowPriority,AsciiManager,unclassified,0.00,__fastcall ECX AsciiManagerView* / RET,int (AsciiManagerView *),false,src/AnmManager.cpp,"The draw-chain callback pushes its ECX ASCII-manager receiver and forwards to the regular-string renderer at 0x00401760.",authored,"Reviewed extent 0x00401510-0x00401516 = 7 bytes; 0x00401517 begins padding. Canonical normal-COFF replay covers its sole REL32 field exactly."
0x00401520,10,0x00401529,FUN_00401520,AsciiManagerView::OnDrawHighPriority,AsciiManager,unclassified,0.00,__fastcall ECX AsciiManagerView* / RET,int (AsciiManagerView *),false,src/AnmManager.cpp,"The second draw callback preserves its receiver in EBX and forwards to the private-EBX GUI-string renderer at 0x00401A50.",authored,"Reviewed extent 0x00401520-0x00401529 = 10 bytes; 0x0040152A begins padding. The same-TU GUI renderer now gives LTCG a natural private-ABI context; exactness remains subject to replay."
0x00401530,132,0x004015B3,FUN_00401530,AsciiManagerView::AddString,AsciiManager,unclassified,0.00,internal ECX AsciiManagerView* + EAX const char* + EBX AnmFloat3View* / RET,void (AnmFloat3View *; const char *),false,src/AnmManager.cpp,"Appends one regular text record when numStrings is below 256, copying the text/position and snapshotting color, scale, viewport, font-bank and shadow state.",authored,"Reviewed extent 0x00401530-0x004015B3 = 132 bytes; 0x004015B4 begins CC padding. The two formatter callers establish the private EAX/EBX lowering and complete 0x68-byte record fields."
0x004015C0,109,0x0040162C,raw_004015C0,AsciiManagerView::AddGuiString,AsciiManager,unclassified,0.00,internal ESI AsciiManagerView* + ECX const char* + EBX AnmFloat3View* / RET,void (AnmFloat3View *; const char *),false,src/AnmManager.cpp,"Appends one GUI text record when numGuiStrings is below 64, copying text/position and snapshotting color, scale and viewport state.",authored,"New CC-delimited candidate missed by Ghidra. Reviewed extent 0x004015C0-0x0040162C = 109 bytes; 0x0040162D begins padding. Its only observed caller is AddGuiFormatText through a private LTCG ABI."
0x00401630,85,0x00401684,FUN_00401630,AsciiManagerView::AddFormatText,AsciiManager,exact,100.00,internal stack AsciiManagerView*/format/varargs + EBX AnmFloat3View* / RET,void (AnmFloat3View *; const char *; ...),false,src/AnmManager.cpp,Formats through vsprintf into a 512-byte guarded stack buffer and appends the result to the regular queue.,authored,Reviewed extent 0x00401630-0x00401684 = 85 bytes; 0x00401685 begins padding. Seven direct callers expose the stack arguments and private EBX position. Canonical /GS linked-PE unit cold-built twice with pinned VC7.1 SP1 build6030; the complete 85-byte PDB-owned extent and all 4 declared linked fields replay zero-difference.
0x00401690,100,0x004016F3,FUN_00401690,AsciiManagerView::AddSmallFormatText,AsciiManager,exact,100.00,internal ESI AsciiManagerView* + stack format/varargs + EBX AnmFloat3View* / RET,void (AnmFloat3View *; const char *; ...),false,src/AnmManager.cpp,"Formats and appends a regular record, then marks that new record to use the second 0x62-entry glyph bank.",authored,Reviewed extent 0x00401690-0x004016F3 = 100 bytes; 0x004016F4 begins padding. Three direct callers preload ESI/EBX with manager/position. Canonical /GS linked-PE unit cold-built twice with pinned VC7.1 SP1 build6030; the complete 100-byte PDB-owned extent and all 4 declared linked fields replay zero-difference.
0x00401700,94,0x0040175D,raw_00401700,AsciiManagerView::AddGuiFormatText,AsciiManager,exact,100.00,internal ESI AsciiManagerView* + stack format/varargs + EBX AnmFloat3View* / RET,int (AnmFloat3View *; const char *; ...),false,src/AnmManager.cpp,"Formats into a 512-byte guarded stack buffer, appends to the GUI queue, and returns the formatted byte count.",authored,New CC-delimited candidate missed by Ghidra. Reviewed extent 0x00401700-0x0040175D = 94 bytes; 0x0040175E begins padding. The final strlen loop is inlined. Canonical /GS linked-PE unit cold-built twice with pinned VC7.1 SP1 build6030; the complete 94-byte PDB-owned extent and all 4 declared linked fields replay zero-difference.
0x00401760,738,0x00401A41,FUN_00401760,AsciiManagerDrawStrings,AsciiManager,unclassified,0.00,internal stack AsciiManagerView* / RET 4,int (AsciiManagerView *),false,src/AnmManager.cpp,"Renders up to 256 regular text records through one embedded ANM VM, selects either 0x62-glyph bank, handles newline/space, optional shadow, viewport transitions and vertex-buffer flushes.",authored,"Reviewed physical extent 0x00401760-0x00401A41 = 738 bytes; 0x00401A42 begins CC padding. All record/VM offsets, glyph stride 0x44, constants and helper targets are directly target-observed; source exactness remains open."
0x00401A50,570,0x00401C89,FUN_00401a50,AsciiManagerDrawGuiStrings,AsciiManager,unclassified,0.00,internal EBX AsciiManagerView* / RET,int (AsciiManagerView *),false,src/AnmManager.cpp,"Renders up to 64 GUI records, handles newline/space and viewport transitions, and selects rounded versus non-rounded ANM drawing by an exact scaleX==1.0 comparison.",authored,"Reviewed physical extent 0x00401A50-0x00401C89 = 570 bytes; 0x00401C8A begins CC padding. The sole caller at 0x00401520 establishes private EBX ownership; source exactness remains open."
0x00401C90,6,0x00401C95,raw_00401C90,AsciiManagerView::GetSize,AsciiManager,unclassified,0.00,__thiscall ECX AsciiManagerView* / RET,size_t (),false,src/AnmManager.cpp,"The sole entry in the ASCII-manager vtable at 0x0046CB14 returns the complete object size 0x89AC.",authored,"Reviewed extent 0x00401C90-0x00401C95 = 6 bytes; 0x00401C96 begins padding. Canonical normal-COFF replay covers the complete relocation-free extent exactly."
0x00401D20,60,0x00401D5B,FUN_00401d20,,,unclassified,0.00,,,false,,Ghidra 12.1.3 auto-analysis candidate; boundary unreviewed,authored,Complete target decode; directly is called by reviewed authored 0x0040E770. IDA behavior review shows game manager resource attachment (target-ida-reviewed-game-component-2026-09-17). Original source unit and exact codegen remain unknown.
0x00401DE0,273,0x00401EF0,FUN_00401de0,AnmVmView::Initialize,AnmManager,unclassified,0.00,internal EDX AnmVmView* / RET,,false,src/AnmManager.cpp,"Nine direct callers reset a reusable 0x3AC-byte ANM VM. The body preserves owner fields +0x20/+0x340..+0x348, clears the object, restores list sentinels, scale, matrix, timer and flag state, and sets +0x2FC to -1.",authored,"Reviewed extent 0x00401DE0-0x00401EF0 = 273 bytes; 0x00401EF1 begins padding. Natural normal COFF emits the same 273-byte semantic body but retains ordinary ECX this and different save/order choices, so exactness remains unknown."
0x00401F00,55,0x00401F36,raw_00401F00,AnmMatrixView::SetIdentity,AnmManager,unclassified,0.00,internal EAX AnmMatrixView* / RET,void (),false,src/AnmManager.cpp,"The CC-delimited body writes zero to all twelve off-diagonal matrix elements and one to the four diagonal elements. The identical store sequence is inlined in AnmVmView::Initialize.",authored,"New denominator candidate missed by Ghidra. Reviewed extent 0x00401F00-0x00401F36 = 55 bytes; 0x00401F37 begins padding. No direct or data xref was found. Canonical linked-PE replay covers the complete raw-equal PDB contribution with no link fields."
0x00401F40,15,0x00401F4E,raw_00401F40,AnmVmTimerView::Initialize,AnmManager,unclassified,0.00,internal EAX AnmVmTimerView* / RET,void (),false,src/AnmManager.cpp,"The timer initializer stores current=0 at +0x04, previous=-999999 at +0x00, and subframe=0 at +0x08. The same sequence is inlined for the primary VM timer by AnmVmView::Initialize.",authored,"New denominator candidate missed by Ghidra. Reviewed extent 0x00401F40-0x00401F4E = 15 bytes; 0x00401F4F is padding. No direct or data xref was found. Canonical linked-PE replay covers the complete raw-equal PDB contribution with no link fields."
0x00401FF0,34,0x00402011,FUN_00401ff0,AnmVmView::~AnmVmView,AnmManager,unclassified,0.00,__thiscall ECX AnmVmView* / RET,,false,src/AnmManager.cpp,"The body frees a non-null generated-vertex owner at VM +0x358, clears it, and is referenced by nine EH cleanup funclets plus numerous target vector-destructor descriptors.",authored,"Reviewed extent 0x00401FF0-0x00402011 = 34 bytes; 0x00402012 begins padding. Canonical normal-COFF replay covers the complete extent and sole REL32 free field exactly."
0x00402050,88,0x004020A7,FUN_00402050,AnmVmView::AnmVmView,AnmManager,unclassified,0.00,__thiscall ECX AnmVmView* / RET,,false,src/AnmManager.cpp,"The VM constructor runs nine embedded timer constructors, zeroes exactly 0xEB dwords = 0x3AC bytes, writes active sprite index -1 at +0x384, and returns this.",authored,"Reviewed extent 0x00402050-0x004020A7 = 88 bytes; the paired constructor/destructor references independently bind the 0x3AC-byte object. Canonical normal-COFF replay covers the complete relocation-free extent exactly."
0x00402160,188,0x0040221B,FUN_00402160,,,unclassified,0.00,,,false,,Ghidra 12.1.3 auto-analysis candidate; boundary unreviewed,,"origin indeterminate: vector constructor iterators and sprite-array reset; IDA shows C++ object initialization or teardown; source-authored body versus compiler-generated lifecycle contribution remains unresolved (target-ida-origin-indeterminate-2026-09-18; reviewed target 0x00402160, 188 bytes)."
0x00402230,522,0x00402439,FUN_00402230,,,unclassified,0.00,,,false,,Ghidra 12.1.3 auto-analysis candidate; boundary unreviewed,authored,Complete target decode; directly calls reviewed authored 0x00403850. IDA behavior review shows game manager state and ANM resource setup (target-ida-reviewed-game-behavior-2026-09-17). Original owner and source unit remain unknown.
0x00402440,499,0x00402632,FUN_00402440,,,unclassified,0.00,,,false,,Ghidra 12.1.3 auto-analysis candidate; boundary unreviewed,authored,"Complete target decode; directly calls reviewed authored 0x00447810 and references shared game globals 0x00491BE4, 0x00491C10 (target-authored-call-and-globals-2026-09-17). Subsystem and source unit remain unknown."
0x00402640,151,0x004026D6,FUN_00402640,,,unclassified,0.00,,,false,,Ghidra 12.1.3 auto-analysis candidate; boundary unreviewed,authored,Complete target decode; directly calls reviewed authored 0x00402440. IDA behavior review shows game manager object allocation and initialization (target-ida-reviewed-early-game-2026-09-17). Original owner and source unit remain unknown.
0x00402720,304,0x0040284F,FUN_00402720,,,unclassified,0.00,,,false,,Ghidra 12.1.3 auto-analysis candidate; boundary unreviewed,authored,Complete target decode; directly calls reviewed authored 0x0043EE30 and references shared game global 0x00491D7C (target-authored-neighbor-and-global-2026-09-17). Subsystem and source unit remain unknown.
0x00402850,1099,0x00402C9A,FUN_00402850,,,unclassified,0.00,,,false,,Ghidra 12.1.3 auto-analysis candidate; boundary unreviewed,authored,"Complete target decode; directly calls reviewed authored 0x00442F50 and references shared game globals 0x00491C10, 0x00491C28 (target-authored-call-and-globals-2026-09-17). Subsystem and source unit remain unknown."
0x00402CA0,929,0x00403040,FUN_00402ca0,,,unclassified,0.00,,,false,,Ghidra 12.1.3 auto-analysis candidate; boundary unreviewed,authored,"Complete target decode; directly calls reviewed authored 0x00442F50 and references shared game globals 0x00491C10, 0x00491C30 (target-authored-call-and-globals-2026-09-17). Subsystem and source unit remain unknown."
0x00403090,1984,0x0040384F,FUN_00403090,,,unclassified,0.00,,,false,,Ghidra 12.1.3 auto-analysis candidate; boundary unreviewed,authored,Complete target decode; is directly called by reviewed authored 0x00403A30. IDA behavior review shows game collision geometry using transformed bounds (target-ida-reviewed-early-game-2026-09-17). Original owner and source unit remain unknown.
0x00403850,308,0x00403983,FUN_00403850,,,unclassified,0.00,,,false,,Ghidra 12.1.3 auto-analysis candidate; boundary unreviewed,authored,Complete target decode; directly calls reviewed authored 0x00447280 and references shared game global 0x00491C10 (target-authored-neighbor-and-global-2026-09-17). Subsystem and source unit remain unknown.
0x00403990,154,0x00403A29,FUN_00403990,,,unclassified,0.00,,,false,,Ghidra 12.1.3 auto-analysis candidate; boundary unreviewed,authored,Complete target decode; directly calls reviewed authored 0x0043EE30. IDA behavior review shows ANM script record traversal (target-ida-reviewed-early-game-2026-09-17). Original owner and source unit remain unknown.
0x00403A30,592,0x00403C7F,FUN_00403a30,,,unclassified,0.00,,,false,,Ghidra 12.1.3 auto-analysis candidate; boundary unreviewed,authored,"Complete target decode; directly calls reviewed authored 0x00442F50 and references shared game globals 0x00491C10, 0x00491C30 (target-authored-call-and-globals-2026-09-17). Subsystem and source unit remain unknown."
0x00403C80,1806,0x0040438D,FUN_00403c80,,,unclassified,0.00,,,false,,Ghidra 12.1.3 auto-analysis candidate; boundary unreviewed,authored,Complete target decode; directly calls reviewed authored 0x00404610. IDA behavior review shows ANM command dispatch over timed script records (target-ida-reviewed-game-behavior-2026-09-17). Original owner and source unit remain unknown.
0x00404450,214,0x00404525,FUN_00404450,,,unclassified,0.00,,,false,,Ghidra 12.1.3 auto-analysis candidate; boundary unreviewed,authored,Complete target decode; directly calls reviewed authored 0x00404F30. IDA behavior review shows ANM VM flag changes across manager slots (target-ida-reviewed-early-game-2026-09-17). Original owner and source unit remain unknown.
0x00404530,119,0x004045A6,FUN_00404530,,,unclassified,0.00,,,false,,Ghidra 12.1.3 auto-analysis candidate; boundary unreviewed,authored,Complete target decode; is directly called by reviewed authored 0x00418190. IDA behavior review shows game sound and ANM manager state (target-ida-reviewed-early-game-2026-09-17). Original owner and source unit remain unknown.
0x004045B0,92,0x0040460B,FUN_004045b0,,,unclassified,0.00,,,false,,Ghidra 12.1.3 auto-analysis candidate; boundary unreviewed,authored,Complete target decode; is directly called by reviewed authored 0x00418190. IDA behavior review shows ANM manager state flag reset (target-ida-reviewed-early-game-2026-09-17). Original owner and source unit remain unknown.
0x00404610,887,0x00404986,FUN_00404610,AnmVmFloat3InterpolationView::Evaluate,AnmManager,unclassified,0.00,internal EAX AnmVmFloat3InterpolationView* + EDI output / RET,AnmFloat3View * (AnmFloat3View *),false,src/AnmManager.cpp,"Evaluates a three-component interpolation, advances its embedded timer, and handles additive, Hermite, acceleration, and eased modes.",authored,"Reviewed physical extent 0x00404610-0x00404986 = 887 bytes. The timer state machine, mode branches, Float3 offsets, easing call and all completion behavior are direct target observations; three target callers supply the same 0x4C-byte layout."
0x004049A0,688,0x00404C4F,FUN_004049a0,,,unclassified,0.00,,,false,,Ghidra 12.1.3 auto-analysis candidate; boundary unreviewed,authored,Complete target decode; directly calls reviewed authored 0x0044C350. IDA behavior review shows ANM interpolation state update (target-ida-reviewed-early-game-2026-09-17). Original owner and source unit remain unknown.
0x00404D40,92,0x00404D9B,FUN_00404d40,,,unclassified,0.00,,,false,,Ghidra 12.1.3 auto-analysis candidate; boundary unreviewed,authored,Complete target decode; directly is called by reviewed authored 0x004049A0. IDA behavior review shows six-component game interpolation difference (target-ida-reviewed-game-component-2026-09-17). Original source unit and exact codegen remain unknown.
0x00404DA0,101,0x00404E04,FUN_00404da0,,,unclassified,0.00,,,false,,Ghidra 12.1.3 auto-analysis candidate; boundary unreviewed,authored,Complete target decode; directly is called by reviewed authored 0x004049A0. IDA behavior review shows six-component game interpolation scaling (target-ida-reviewed-game-component-2026-09-17). Original source unit and exact codegen remain unknown.
0x00404E10,92,0x00404E6B,FUN_00404e10,,,unclassified,0.00,,,false,,Ghidra 12.1.3 auto-analysis candidate; boundary unreviewed,authored,Complete target decode; directly is called by reviewed authored 0x004049A0. IDA behavior review shows six-component game interpolation sum (target-ida-reviewed-game-component-2026-09-17). Original source unit and exact codegen remain unknown.
0x00404ED0,72,0x00404F17,FUN_00404ed0,,,unclassified,0.00,,,false,,Ghidra 12.1.3 auto-analysis candidate; boundary unreviewed,authored,Complete target decode; is directly called by reviewed authored 0x00405750. IDA behavior review shows ANM interpolation record advance (target-ida-reviewed-early-game-2026-09-17). Original owner and source unit remain unknown.
0x00404F30,202,0x00404FF9,FUN_00404f30,,,unclassified,0.00,,,false,,Ghidra 12.1.3 auto-analysis candidate; boundary unreviewed,authored,"Complete target decode; reviewed authored 0x004247F0 directly calls this entry, which directly calls reviewed authored 0x00401DE0 (target-authored-call-sandwich-2026-09-17). Subsystem and source unit remain unknown."
0x00405040,94,0x0040509D,FUN_00405040,,,unclassified,0.00,,,false,,Ghidra 12.1.3 auto-analysis candidate; boundary unreviewed,authored,Complete target decode; directly is called by reviewed authored 0x00403C80. IDA behavior review shows ANM timed command record assignment (target-ida-reviewed-game-component-2026-09-17). Original source unit and exact codegen remain unknown.
0x004050D0,50,0x00405101,FUN_004050d0,,,unclassified,0.00,,,false,,Ghidra 12.1.3 auto-analysis candidate; boundary unreviewed,,"origin indeterminate: private 64-bit arithmetic helper called from ECL/ANM code; IDA shows executable behavior, but target references do not establish whether this extent came from game source, a linked helper, or optimizer outlining (target-ida-origin-indeterminate-2026-09-18; reviewed target 0x004050D0, 50 bytes)."
0x00405300,60,0x0040533B,FUN_00405300,,,unclassified,0.00,,,false,,Ghidra 12.1.3 auto-analysis candidate; boundary unreviewed,authored,Complete target decode; directly is called by reviewed authored 0x00402850. IDA behavior review shows game manager resource attachment (target-ida-reviewed-game-component-2026-09-17). Original source unit and exact codegen remain unknown.
0x00405410,57,0x00405448,FUN_00405410,,,unclassified,0.00,,,false,,Ghidra 12.1.3 auto-analysis candidate; boundary unreviewed,authored,Complete target decode; directly is called by reviewed authored 0x00402850. IDA behavior review shows game frame-timer state update (target-ida-reviewed-game-component-2026-09-17). Original source unit and exact codegen remain unknown.
0x004054B0,79,0x004054FE,FUN_004054b0,,,unclassified,0.00,,,false,,Ghidra 12.1.3 auto-analysis candidate; boundary unreviewed,authored,"Complete target decode; reviewed authored 0x00425730 directly calls this entry, which directly calls reviewed authored 0x0043E5A0 (target-authored-call-sandwich-2026-09-17). Subsystem and source unit remain unknown."
0x00405500,81,0x00405550,FUN_00405500,,,unclassified,0.00,,,false,,Ghidra 12.1.3 auto-analysis candidate; boundary unreviewed,authored,Complete target decode; is directly called by reviewed authored 0x00405860. IDA behavior review shows frame-timed game state update (target-ida-reviewed-early-game-2026-09-17). Original owner and source unit remain unknown.
0x004055C0,84,0x00405613,FUN_004055c0,,,unclassified,0.00,,,false,,Ghidra 12.1.3 auto-analysis candidate; boundary unreviewed,authored,Complete target decode; directly calls reviewed authored 0x00449AE0. IDA behavior review shows game scheduler registration (target-ida-reviewed-early-game-2026-09-17). Original owner and source unit remain unknown.
0x00405620,137,0x004056A8,FUN_00405620,,,unclassified,0.00,,,false,,Ghidra 12.1.3 auto-analysis candidate; boundary unreviewed,authored,Complete target decode; is directly called by reviewed authored 0x00417C80. IDA behavior review shows game loader synchronization cleanup (target-ida-reviewed-early-game-2026-09-17). Original owner and source unit remain unknown.
0x004056B0,85,0x00405704,FUN_004056b0,,,unclassified,0.00,,,false,,Ghidra 12.1.3 auto-analysis candidate; boundary unreviewed,authored,Complete target decode; is directly called by reviewed authored 0x00417870. IDA behavior review shows game loader object allocation (target-ida-reviewed-early-game-2026-09-17). Original owner and source unit remain unknown.
0x00405750,223,0x0040582E,FUN_00405750,,,unclassified,0.00,,,false,,Ghidra 12.1.3 auto-analysis candidate; boundary unreviewed,authored,Complete target decode; directly calls reviewed authored 0x004491C0 and references shared game global 0x00491C10 (target-authored-neighbor-and-global-2026-09-17). Subsystem and source unit remain unknown.
0x00405860,397,0x004059EC,FUN_00405860,,,unclassified,0.00,,,false,,Ghidra 12.1.3 auto-analysis candidate; boundary unreviewed,authored,Complete target decode; directly calls reviewed authored 0x00448DB0 and references shared game global 0x00492590 (target-authored-neighbor-and-global-2026-09-17). Subsystem and source unit remain unknown.
0x004059F0,202,0x00405AB9,FUN_004059f0,,,unclassified,0.00,,,false,,Ghidra 12.1.3 auto-analysis candidate; boundary unreviewed,authored,"Complete target decode; is called by reviewed authored 0x00428630 and references target .data address 0x00474C68, used by at least two earlier reviewed authored bodies and no excluded body (target-authored-data-and-edge-2026-09-17). Subsystem and source unit remain unknown."
0x00405AC0,124,0x00405B3B,FUN_00405ac0,,,unclassified,0.00,,,false,,Ghidra 12.1.3 auto-analysis candidate; boundary unreviewed,authored,Complete target decode; directly calls reviewed authored 0x00408100. IDA behavior review shows effect state and game manager access (target-ida-reviewed-early-game-2026-09-17). Original owner and source unit remain unknown.
0x00405B60,42,0x00405B89,FUN_00405b60,,,unclassified,0.00,,,false,,Ghidra 12.1.3 auto-analysis candidate; boundary unreviewed,authored,Complete target decode; directly is called by reviewed authored 0x0041AFD0. IDA behavior review shows game effect-coordinate clamp (target-ida-reviewed-game-component-2026-09-17). Original source unit and exact codegen remain unknown.
0x00405BE0,158,0x00405C7D,FUN_00405be0,,,unclassified,0.00,,,false,,Ghidra 12.1.3 auto-analysis candidate; boundary unreviewed,authored,Complete target decode; is directly called by reviewed authored 0x00406240. IDA behavior review shows ANM script state reset (target-ida-reviewed-early-game-2026-09-17). Original owner and source unit remain unknown.
0x00405D00,215,0x00405DD6,FUN_00405d00,,,unclassified,0.00,,,false,,Ghidra 12.1.3 auto-analysis candidate; boundary unreviewed,,"origin indeterminate: large object field initialization; IDA shows C++ object initialization or teardown; source-authored body versus compiler-generated lifecycle contribution remains unresolved (target-ida-origin-indeterminate-2026-09-18; reviewed target 0x00405D00, 215 bytes)."
0x00405DE0,34,0x00405E01,FUN_00405de0,,,unclassified,0.00,,,false,,Ghidra 12.1.3 auto-analysis candidate; boundary unreviewed,,"origin indeterminate: conditional release of an object buffer; IDA shows C++ object initialization or teardown; source-authored body versus compiler-generated lifecycle contribution remains unresolved (target-ida-origin-indeterminate-2026-09-18; reviewed target 0x00405DE0, 34 bytes)."
0x00405E20,163,0x00405EC2,FUN_00405e20,,,unclassified,0.00,,,false,,Ghidra 12.1.3 auto-analysis candidate; boundary unreviewed,authored,"Complete target decode; directly calls reviewed authored 0x00447280 and references shared game globals 0x00491BE4, 0x00491C10 (target-authored-call-and-globals-2026-09-17). Subsystem and source unit remain unknown."
0x00405ED0,45,0x00405EFC,FUN_00405ed0,,,unclassified,0.00,,,false,,Ghidra 12.1.3 auto-analysis candidate; boundary unreviewed,authored,Complete target decode; directly calls reviewed authored 0x004493E0 and references shared game global 0x00491C10 (target-authored-neighbor-and-global-2026-09-17). Subsystem and source unit remain unknown.
0x00405F70,236,0x0040605B,FUN_00405f70,,,unclassified,0.00,,,false,,Ghidra 12.1.3 auto-analysis candidate; boundary unreviewed,authored,"Complete target decode; directly calls reviewed authored 0x004493E0 and references shared game globals 0x00491BE4, 0x00491C10 (target-authored-call-and-globals-2026-09-17). Subsystem and source unit remain unknown."
0x00406060,182,0x00406115,FUN_00406060,,,unclassified,0.00,,,false,,Ghidra 12.1.3 auto-analysis candidate; boundary unreviewed,authored,Complete target decode; directly calls reviewed authored 0x00405E20. IDA behavior review shows game projectile pool allocation (target-ida-reviewed-early-game-2026-09-17). Original owner and source unit remain unknown.
0x00406160,109,0x004061CC,FUN_00406160,,,unclassified,0.00,,,false,,Ghidra 12.1.3 auto-analysis candidate; boundary unreviewed,authored,Complete target decode; is directly called by reviewed authored 0x00406240. IDA behavior review shows playfield bounds test (target-ida-reviewed-early-game-2026-09-17). Original owner and source unit remain unknown.
0x004061D0,109,0x0040623C,FUN_004061d0,,,unclassified,0.00,,,false,,Ghidra 12.1.3 auto-analysis candidate; boundary unreviewed,authored,Complete target decode; is directly called by reviewed authored 0x00407DA0. IDA behavior review shows playfield bounds test (target-ida-reviewed-early-game-2026-09-17). Original owner and source unit remain unknown.
0x00406240,885,0x004065B4,FUN_00406240,,,unclassified,0.00,,,false,,Ghidra 12.1.3 auto-analysis candidate; boundary unreviewed,authored,Complete target decode; directly calls reviewed authored 0x0043EE30 and references shared game global 0x00492590 (target-authored-neighbor-and-global-2026-09-17). Subsystem and source unit remain unknown.
0x004065C0,249,0x004066B8,FUN_004065c0,,,unclassified,0.00,,,false,,Ghidra 12.1.3 auto-analysis candidate; boundary unreviewed,authored,Complete target decode; directly calls reviewed authored 0x00406240. IDA behavior review shows projectile manager initialization (target-ida-reviewed-early-game-2026-09-17). Original owner and source unit remain unknown.
0x004066E0,134,0x00406765,FUN_004066e0,,,unclassified,0.00,,,false,,Ghidra 12.1.3 auto-analysis candidate; boundary unreviewed,authored,Complete target decode; directly calls reviewed authored 0x004451C0 and references shared game global 0x00491C10 (target-authored-neighbor-and-global-2026-09-17). Subsystem and source unit remain unknown.
0x0040678E,10,0x00406797,FUN_0040678e,,,unclassified,0.00,,,false,,Ghidra 12.1.3 auto-analysis candidate; boundary unreviewed,,"origin indeterminate: interior entry within IDA function 0x406770; IDA shows a short adapter, callback, forwarder, or outlined helper; original source declaration versus compiler-generated boundary remains unresolved (target-ida-origin-indeterminate-2026-09-18; reviewed target 0x0040678E, 10 bytes)."
0x004067D0,1413,0x00406D54,FUN_004067d0,,,unclassified,0.00,,,false,,Ghidra 12.1.3 auto-analysis candidate; boundary unreviewed,authored,Complete target decode; directly calls reviewed authored 0x0043EE30 and references shared game global 0x004918B0 (target-authored-neighbor-and-global-2026-09-17). Subsystem and source unit remain unknown.
0x00406D90,1454,0x0040733D,FUN_00406d90,,,unclassified,0.00,,,false,,Ghidra 12.1.3 auto-analysis candidate; boundary unreviewed,authored,Complete target decode; directly calls reviewed authored 0x00404F30. IDA behavior review shows ANM VM timed script loop and sprite actions (target-ida-reviewed-game-behavior-2026-09-17). Original owner and source unit remain unknown.
0x004073E0,194,0x004074A1,FUN_004073e0,,,unclassified,0.00,,,false,,Ghidra 12.1.3 auto-analysis candidate; boundary unreviewed,authored,Complete target decode; is directly called by reviewed authored 0x0040E770 and references shared game global 0x00492590 (target-authored-neighbor-and-global-2026-09-17). Subsystem and source unit remain unknown.
0x004074B0,164,0x00407553,FUN_004074b0,,,unclassified,0.00,,,false,,Ghidra 12.1.3 auto-analysis candidate; boundary unreviewed,authored,Complete target decode; is directly called by reviewed authored 0x00406240. IDA behavior review shows sprite position and timed state update (target-ida-reviewed-early-game-2026-09-17). Original owner and source unit remain unknown.
0x00407560,305,0x00407690,FUN_00407560,,,unclassified,0.00,,,false,,Ghidra 12.1.3 auto-analysis candidate; boundary unreviewed,authored,Complete target decode; is directly called by reviewed authored 0x00406240. IDA behavior review shows ANM VM position interpolation (target-ida-reviewed-game-behavior-2026-09-17). Original owner and source unit remain unknown.
0x004076A0,209,0x00407770,FUN_004076a0,,,unclassified,0.00,,,false,,Ghidra 12.1.3 auto-analysis candidate; boundary unreviewed,authored,Complete target decode; directly calls reviewed authored 0x0044BC10. IDA behavior review shows ANM interpolation update (target-ida-reviewed-early-game-2026-09-17). Original owner and source unit remain unknown.
0x00407780,338,0x004078D1,FUN_00407780,,,unclassified,0.00,,,false,,Ghidra 12.1.3 auto-analysis candidate; boundary unreviewed,authored,Complete target decode; is directly called by reviewed authored 0x00406240. IDA behavior review shows ANM VM interpolation and game sound action (target-ida-reviewed-game-behavior-2026-09-17). Original owner and source unit remain unknown.
0x004078E0,335,0x00407A2E,FUN_004078e0,,,unclassified,0.00,,,false,,Ghidra 12.1.3 auto-analysis candidate; boundary unreviewed,authored,Complete target decode; is directly called by reviewed authored 0x00406240. IDA behavior review shows ANM VM interpolation and game sound action (target-ida-reviewed-game-behavior-2026-09-17). Original owner and source unit remain unknown.
0x00407A30,431,0x00407BDE,FUN_00407a30,,,unclassified,0.00,,,false,,Ghidra 12.1.3 auto-analysis candidate; boundary unreviewed,authored,Complete target decode; directly calls reviewed authored 0x0044BC10 and references shared game global 0x00492590 (target-authored-neighbor-and-global-2026-09-17). Subsystem and source unit remain unknown.
0x00407BE0,446,0x00407D9D,FUN_00407be0,,,unclassified,0.00,,,false,,Ghidra 12.1.3 auto-analysis candidate; boundary unreviewed,authored,Complete target decode; directly calls reviewed authored 0x0044BC10 and references shared game global 0x00492590 (target-authored-neighbor-and-global-2026-09-17). Subsystem and source unit remain unknown.
0x00407DA0,148,0x00407E33,FUN_00407da0,,,unclassified,0.00,,,false,,Ghidra 12.1.3 auto-analysis candidate; boundary unreviewed,authored,Complete target decode; directly calls reviewed authored 0x0044BF40 and references shared game global 0x00492590 (target-authored-neighbor-and-global-2026-09-17). Subsystem and source unit remain unknown.
0x00407E40,172,0x00407EEB,FUN_00407e40,,,unclassified,0.00,,,false,,Ghidra 12.1.3 auto-analysis candidate; boundary unreviewed,authored,Complete target decode; directly calls reviewed authored 0x0044BF40 and references shared game global 0x00492590 (target-authored-neighbor-and-global-2026-09-17). Subsystem and source unit remain unknown.
0x00407EF0,306,0x00408021,FUN_00407ef0,,,unclassified,0.00,,,false,,Ghidra 12.1.3 auto-analysis candidate; boundary unreviewed,authored,"Complete target decode; calls reviewed authored 0x0044BC10 and references target .data address 0x00477834, used by at least two earlier reviewed authored bodies and no excluded body (target-authored-data-and-edge-2026-09-17). Subsystem and source unit remain unknown."
0x00408030,199,0x004080F6,FUN_00408030,,,unclassified,0.00,,,false,,Ghidra 12.1.3 auto-analysis candidate; boundary unreviewed,authored,"Complete target decode; reviewed authored 0x00425730 directly calls this entry, which directly calls reviewed authored 0x00448DB0 (target-authored-call-sandwich-2026-09-17). Subsystem and source unit remain unknown."
0x00408100,260,0x00408203,FUN_00408100,,,unclassified,0.00,,,false,,Ghidra 12.1.3 auto-analysis candidate; boundary unreviewed,authored,"Complete target decode; is called by reviewed authored 0x0040E770 and references target .data address 0x00477818, used by at least two earlier reviewed authored bodies and no excluded body (target-authored-data-and-edge-2026-09-17). Subsystem and source unit remain unknown."
0x00408210,585,0x00408458,FUN_00408210,,,unclassified,0.00,,,false,,Ghidra 12.1.3 auto-analysis candidate; boundary unreviewed,authored,Complete target decode; directly calls reviewed authored 0x00448DB0 and references shared game global 0x00491C10 (target-authored-neighbor-and-global-2026-09-17). Subsystem and source unit remain unknown.
0x00408660,80,0x004086AF,FUN_00408660,,,unclassified,0.00,,,false,,Ghidra 12.1.3 auto-analysis candidate; boundary unreviewed,authored,Complete target decode; is directly called by reviewed authored 0x00407EF0. IDA behavior review shows game angle normalization (target-ida-reviewed-early-game-2026-09-17). Original owner and source unit remain unknown.
0x004086B0,91,0x0040870A,FUN_004086b0,,,unclassified,0.00,,,false,,Ghidra 12.1.3 auto-analysis candidate; boundary unreviewed,authored,Complete target decode; is directly called by reviewed authored 0x00408030. IDA behavior review shows game playfield culling (target-ida-reviewed-early-game-2026-09-17). Original owner and source unit remain unknown.
0x00408750,30,0x0040876D,FUN_00408750,,,unclassified,0.00,,,false,,Ghidra 12.1.3 auto-analysis candidate; boundary unreviewed,authored,Complete target decode; directly is called by reviewed authored 0x00406D90. IDA behavior review shows game polar-to-Cartesian vector update (target-ida-reviewed-game-component-2026-09-17). Original source unit and exact codegen remain unknown.
0x004088C0,75,0x0040890A,FUN_004088c0,,,unclassified,0.00,,,false,,Ghidra 12.1.3 auto-analysis candidate; boundary unreviewed,,"origin indeterminate: loop over game object state; IDA shows executable behavior, but target references do not establish whether this extent came from game source, a linked helper, or optimizer outlining (target-ida-origin-indeterminate-2026-09-18; reviewed target 0x004088C0, 75 bytes)."
0x00408910,176,0x004089BF,FUN_00408910,,,unclassified,0.00,,,false,,Ghidra 12.1.3 auto-analysis candidate; boundary unreviewed,,"origin indeterminate: vector construction followed by global object publication; IDA shows C++ object initialization or teardown; source-authored body versus compiler-generated lifecycle contribution remains unresolved (target-ida-origin-indeterminate-2026-09-18; reviewed target 0x00408910, 176 bytes)."
0x004089C0,211,0x00408A92,FUN_004089c0,,,unclassified,0.00,,,false,,Ghidra 12.1.3 auto-analysis candidate; boundary unreviewed,authored,Complete target decode; directly calls reviewed authored 0x00449AE0. IDA behavior review shows game scheduler registration (target-ida-reviewed-early-game-2026-09-17). Original owner and source unit remain unknown.
0x00408AF0,402,0x00408C81,FUN_00408af0,,,unclassified,0.00,,,false,,Ghidra 12.1.3 auto-analysis candidate; boundary unreviewed,authored,"Complete target decode; directly calls reviewed authored 0x004492A0 and references shared game globals 0x00491BE4, 0x00491C10 (target-authored-call-and-globals-2026-09-17). Subsystem and source unit remain unknown."
0x00408C90,136,0x00408D17,FUN_00408c90,,,unclassified,0.00,,,false,,Ghidra 12.1.3 auto-analysis candidate; boundary unreviewed,authored,Complete target decode; directly calls reviewed authored 0x00408AF0. IDA behavior review shows ANM manager object allocation (target-ida-reviewed-early-game-2026-09-17). Original owner and source unit remain unknown.
0x00408D60,1057,0x00409180,FUN_00408d60,,,unclassified,0.00,,,false,,Ghidra 12.1.3 auto-analysis candidate; boundary unreviewed,authored,Complete target decode; directly calls reviewed authored 0x0043E5A0 and references shared game global 0x00491C10 (target-authored-neighbor-and-global-2026-09-17). Subsystem and source unit remain unknown.
0x004091C0,95,0x0040921E,FUN_004091c0,,,unclassified,0.00,,,false,,Ghidra 12.1.3 auto-analysis candidate; boundary unreviewed,authored,Complete target decode; directly calls reviewed authored 0x004451C0 and references shared game global 0x00491C10 (target-authored-neighbor-and-global-2026-09-17). Subsystem and source unit remain unknown.
0x00409230,50,0x00409261,FUN_00409230,AnmPairOwnerDrawCallback,AnmManager,unclassified,0.00,__fastcall ECX AnmPairDrawOwnerView* / RET,int (AnmPairDrawOwnerView *),false,src/AnmManager.cpp,"When owner flag bit zero is set, draws the two adjacent 0x3AC-byte ANM VMs at owner +0x10 and +0x3BC through the global ANM renderer, then returns one.",authored,"Reviewed physical extent 0x00409230-0x00409261 = 50 bytes; 0x00409262 begins CC padding. Both direct calls pass renderer 0x00491C10 in ECX and VM in EAX, providing a real target caller context for AnmRenderManagerView::Draw. The containing subsystem owner remains unknown."
0x00409270,10,0x00409279,FUN_00409270,,,unclassified,0.00,,,false,,Ghidra 12.1.3 auto-analysis candidate; boundary unreviewed,,"origin indeterminate: single call forwarder to 0x4091C0; IDA shows a short adapter, callback, forwarder, or outlined helper; original source declaration versus compiler-generated boundary remains unresolved (target-ida-origin-indeterminate-2026-09-18; reviewed target 0x00409270, 10 bytes)."
0x00409280,2403,0x00409BE2,FUN_00409280,,,unclassified,0.00,,,false,,Ghidra 12.1.3 auto-analysis candidate; boundary unreviewed,authored,"Complete target decode; directly calls reviewed authored 0x0043E710 and references shared game globals 0x00491C10, 0x00492590 (target-authored-call-and-globals-2026-09-17). Subsystem and source unit remain unknown."
0x00409C00,399,0x00409D8E,FUN_00409c00,,,unclassified,0.00,,,false,,Ghidra 12.1.3 auto-analysis candidate; boundary unreviewed,authored,"Complete target decode; directly calls reviewed authored 0x00448D00 and references shared game globals 0x00491C10, 0x00492590 (target-authored-call-and-globals-2026-09-17). Subsystem and source unit remain unknown."
0x00409D90,46,0x00409DBD,FUN_00409d90,,,unclassified,0.00,,,false,,Ghidra 12.1.3 auto-analysis candidate; boundary unreviewed,authored,Complete target decode; directly is called by reviewed authored 0x0040DC80. IDA behavior review shows game score increment and cap (target-ida-reviewed-game-component-2026-09-17). Original source unit and exact codegen remain unknown.
0x00409E20,28,0x00409E3B,FUN_00409e20,,,unclassified,0.00,,,false,,Ghidra 12.1.3 auto-analysis candidate; boundary unreviewed,authored,Complete target decode; directly is called by reviewed authored 0x00417870. IDA behavior review shows game object flag update (target-ida-reviewed-game-component-2026-09-17). Original source unit and exact codegen remain unknown.
0x00409E50,65,0x00409E90,FUN_00409e50,,,unclassified,0.00,,,false,,Ghidra 12.1.3 auto-analysis candidate; boundary unreviewed,authored,Complete target decode; directly calls reviewed authored 0x004491C0 and references shared game global 0x00491C10 (target-authored-neighbor-and-global-2026-09-17). Subsystem and source unit remain unknown.
0x00409F90,118,0x0040A005,FUN_00409f90,,,unclassified,0.00,,,false,,Ghidra 12.1.3 auto-analysis candidate; boundary unreviewed,authored,Complete target decode; directly calls reviewed authored 0x004493E0 and references shared game global 0x00491C10 (target-authored-neighbor-and-global-2026-09-17). Subsystem and source unit remain unknown.
0x0040A940,647,0x0040ABC6,FUN_0040a940,,,unclassified,0.00,,,false,,Ghidra 12.1.3 auto-analysis candidate; boundary unreviewed,authored,Complete target decode; directly calls reviewed authored 0x00401690 and references shared game global 0x00491C10 (target-authored-neighbor-and-global-2026-09-17). Subsystem and source unit remain unknown.
0x0040AC20,109,0x0040AC8C,FUN_0040ac20,,,unclassified,0.00,,,false,,Ghidra 12.1.3 auto-analysis candidate; boundary unreviewed,authored,Complete target decode; is directly called by reviewed authored 0x004297D0. IDA behavior review shows game object state initialization (target-ida-reviewed-early-game-2026-09-17). Original owner and source unit remain unknown.
0x0040AC90,37,0x0040ACB4,FUN_0040ac90,,,unclassified,0.00,,,false,,Ghidra 12.1.3 auto-analysis candidate; boundary unreviewed,authored,Complete target decode; directly is called by reviewed authored 0x00418190. IDA behavior review shows game state transition value assignment (target-ida-reviewed-game-component-2026-09-17). Original source unit and exact codegen remain unknown.
0x0040ACE0,33,0x0040AD00,FUN_0040ace0,,,unclassified,0.00,,,false,,Ghidra 12.1.3 auto-analysis candidate; boundary unreviewed,authored,Complete target decode; directly is called by reviewed authored 0x00422C80. IDA behavior review shows game collision category mask test (target-ida-reviewed-game-component-2026-09-17). Original source unit and exact codegen remain unknown.
0x0040AD20,33,0x0040AD40,FUN_0040ad20,,,unclassified,0.00,,,false,,Ghidra 12.1.3 auto-analysis candidate; boundary unreviewed,authored,Complete target decode; directly is called by reviewed authored 0x004236F0. IDA behavior review shows game frame-timer wrap update (target-ida-reviewed-game-component-2026-09-17). Original source unit and exact codegen remain unknown.
0x0040AE70,134,0x0040AEF5,FUN_0040ae70,,,unclassified,0.00,,,false,,Ghidra 12.1.3 auto-analysis candidate; boundary unreviewed,authored,"Complete target decode; directly calls reviewed authored 0x00447280 and references shared game globals 0x00491BE4, 0x00491C10 (target-authored-call-and-globals-2026-09-17). Subsystem and source unit remain unknown."
0x0040AF00,137,0x0040AF88,FUN_0040af00,,,unclassified,0.00,,,false,,Ghidra 12.1.3 auto-analysis candidate; boundary unreviewed,authored,Complete target decode; is directly called by reviewed authored 0x00417C80. IDA behavior review shows game object synchronization cleanup (target-ida-reviewed-early-game-2026-09-17). Original owner and source unit remain unknown.
0x0040AF90,86,0x0040AFE5,FUN_0040af90,,,unclassified,0.00,,,false,,Ghidra 12.1.3 auto-analysis candidate; boundary unreviewed,authored,Complete target decode; directly calls reviewed authored 0x0040AE70. IDA behavior review shows small game state object allocation (target-ida-reviewed-early-game-2026-09-17). Original owner and source unit remain unknown.
0x0040B110,148,0x0040B1A3,FUN_0040b110,,,unclassified,0.00,,,false,,Ghidra 12.1.3 auto-analysis candidate; boundary unreviewed,authored,Complete target decode; directly calls reviewed authored 0x004489D0 and references shared game global 0x00491C10 (target-authored-neighbor-and-global-2026-09-17). Subsystem and source unit remain unknown.
0x0040B250,60,0x0040B28B,FUN_0040b250,,,unclassified,0.00,,,false,,Ghidra 12.1.3 auto-analysis candidate; boundary unreviewed,,"origin indeterminate: object data copy helper without reviewed source owner; IDA shows executable behavior, but target references do not establish whether this extent came from game source, a linked helper, or optimizer outlining (target-ida-origin-indeterminate-2026-09-18; reviewed target 0x0040B250, 60 bytes)."
0x0040B3A0,192,0x0040B45F,FUN_0040b3a0,,,unclassified,0.00,,,false,,Ghidra 12.1.3 auto-analysis candidate; boundary unreviewed,authored,Complete target decode; is directly called by reviewed authored 0x0040B7B0. IDA behavior review shows game renderer manager setup (target-ida-reviewed-early-game-2026-09-17). Original owner and source unit remain unknown.
0x0040B480,106,0x0040B4E9,FUN_0040b480,,,unclassified,0.00,,,false,,Ghidra 12.1.3 auto-analysis candidate; boundary unreviewed,authored,Complete target decode; directly calls reviewed authored 0x0044B360. IDA behavior review shows game resource path and file access (target-ida-reviewed-early-game-2026-09-17). Original owner and source unit remain unknown.
0x0040B560,584,0x0040B7A7,FUN_0040b560,,,unclassified,0.00,,,false,,Ghidra 12.1.3 auto-analysis candidate; boundary unreviewed,authored,Complete target decode; directly calls reviewed authored 0x00448D50 and references shared game global 0x00491BE4 (target-authored-neighbor-and-global-2026-09-17). Subsystem and source unit remain unknown.
0x0040B7B0,362,0x0040B919,FUN_0040b7b0,,,unclassified,0.00,,,false,,Ghidra 12.1.3 auto-analysis candidate; boundary unreviewed,authored,"Complete target decode; directly calls reviewed authored 0x00447810 and references shared game globals 0x00491BE4, 0x00491C10 (target-authored-call-and-globals-2026-09-17). Subsystem and source unit remain unknown."
0x0040B940,99,0x0040B9A2,FUN_0040b940,,,unclassified,0.00,,,false,,Ghidra 12.1.3 auto-analysis candidate; boundary unreviewed,authored,Complete target decode; directly calls reviewed authored 0x0040B560. IDA behavior review shows small game state object allocation (target-ida-reviewed-early-game-2026-09-17). Original owner and source unit remain unknown.
0x0040B9D0,18,0x0040B9E1,FUN_0040b9d0,,,unclassified,0.00,,,false,,Ghidra 12.1.3 auto-analysis candidate; boundary unreviewed,,"origin indeterminate: conditional object free sequence; IDA shows C++ object initialization or teardown; source-authored body versus compiler-generated lifecycle contribution remains unresolved (target-ida-origin-indeterminate-2026-09-18; reviewed target 0x0040B9D0, 18 bytes)."
0x0040B9F0,111,0x0040BA5E,FUN_0040b9f0,,,unclassified,0.00,,,false,,Ghidra 12.1.3 auto-analysis candidate; boundary unreviewed,authored,Complete target decode; directly calls reviewed authored 0x0040BD20. IDA behavior review shows game renderer state update (target-ida-reviewed-game-component-2026-09-17). Original source unit and exact codegen remain unknown.
0x0040BA90,648,0x0040BD17,FUN_0040ba90,,,unclassified,0.00,,,false,,Ghidra 12.1.3 auto-analysis candidate; boundary unreviewed,authored,Complete target decode; directly calls reviewed authored 0x004489D0 and references shared game global 0x00491C10 (target-authored-neighbor-and-global-2026-09-17). Subsystem and source unit remain unknown.
0x0040BD20,93,0x0040BD7C,FUN_0040bd20,,,unclassified,0.00,,,false,,Ghidra 12.1.3 auto-analysis candidate; boundary unreviewed,authored,Complete target decode; directly calls reviewed authored 0x0040BD80. IDA behavior review shows game renderer state check (target-ida-reviewed-early-game-2026-09-17). Original owner and source unit remain unknown.
0x0040BD80,1494,0x0040C355,FUN_0040bd80,,,unclassified,0.00,,,false,,Ghidra 12.1.3 auto-analysis candidate; boundary unreviewed,authored,"Complete target decode; directly calls reviewed authored 0x004477D0 and references shared game globals 0x00491C10, 0x00492590 (target-authored-call-and-globals-2026-09-17). Subsystem and source unit remain unknown."
0x0040C3C0,126,0x0040C43D,FUN_0040c3c0,,,unclassified,0.00,,,false,,Ghidra 12.1.3 auto-analysis candidate; boundary unreviewed,authored,Complete target decode; directly calls reviewed authored 0x00447280 and references shared game global 0x00491C10 (target-authored-neighbor-and-global-2026-09-17). Subsystem and source unit remain unknown.
0x0040C480,65,0x0040C4C0,FUN_0040c480,,,unclassified,0.00,,,false,,Ghidra 12.1.3 auto-analysis candidate; boundary unreviewed,authored,Complete target decode; directly calls reviewed authored 0x004491C0 and references shared game global 0x00491C10 (target-authored-neighbor-and-global-2026-09-17). Subsystem and source unit remain unknown.
0x0040C4D0,65,0x0040C510,FUN_0040c4d0,,,unclassified,0.00,,,false,,Ghidra 12.1.3 auto-analysis candidate; boundary unreviewed,authored,Complete target decode; directly calls reviewed authored 0x004491C0 and references shared game global 0x00491C10 (target-authored-neighbor-and-global-2026-09-17). Subsystem and source unit remain unknown.
0x0040C540,75,0x0040C58A,FUN_0040c540,,,unclassified,0.00,,,false,,Ghidra 12.1.3 auto-analysis candidate; boundary unreviewed,authored,"Complete target decode; reviewed authored 0x004315C0 directly calls this entry, which directly calls reviewed authored 0x00448D50 (target-authored-call-sandwich-2026-09-17). Subsystem and source unit remain unknown."
0x0040C5E0,3,0x0040C5E2,raw_0040C5E0,EnemyEclHostBaseView::DispatchEclInstruction,Enemy,unclassified,0.00,__thiscall ECX EnemyEclHostBaseView* / RET,int (),false,src/Enemy.cpp,"Base-host vtable 0x0046D0D8 slot zero points here; the neutral implementation returns zero.",authored,"New denominator candidate missed by Ghidra. Reviewed extent 0x0040C5E0-0x0040C5E2 = 3 bytes followed by padding. Canonical normal-COFF unit replays the complete relocation-free extent exactly."
0x0040C690,5,0x0040C694,raw_0040C690,EnemyEclHostBaseView::ReadIntOperand,Enemy,unclassified,0.00,__thiscall ECX EnemyEclHostBaseView* + stack int / RET 4,int (int),false,src/Enemy.cpp,"Base-host vtable 0x0046D0D8 slot one points here; the neutral integer reader returns zero.",authored,"New denominator candidate missed by Ghidra. Reviewed extent 0x0040C690-0x0040C694 = 5 bytes followed by padding. Canonical normal-COFF unit replays the complete relocation-free extent exactly."
0x0040C6A0,5,0x0040C6A4,raw_0040C6A0,EnemyEclHostBaseView::ResolveIntOperand,Enemy,unclassified,0.00,__thiscall ECX EnemyEclHostBaseView* + stack int / RET 4,int *(int),false,src/Enemy.cpp,"Base-host vtable 0x0046D0D8 slot two points here; the neutral integer lvalue resolver returns NULL.",authored,"New denominator candidate missed by Ghidra. Reviewed extent 0x0040C6A0-0x0040C6A4 = 5 bytes followed by padding. Canonical normal-COFF unit replays the complete relocation-free extent exactly."
0x0040C6B0,9,0x0040C6B8,raw_0040C6B0,EnemyEclHostBaseView::ReadFloatOperand,Enemy,unclassified,0.00,__thiscall ECX EnemyEclHostBaseView* + stack int / RET 4,float (int),false,src/Enemy.cpp,"Base-host vtable 0x0046D0D8 slot three points here; the neutral float reader returns the target zero-float constant.",authored,"New denominator candidate missed by Ghidra. Reviewed extent 0x0040C6B0-0x0040C6B8 = 9 bytes followed by padding. Canonical normal-COFF unit covers the complete extent and replays its sole DIR32 constant field exactly."
0x0040C6C0,5,0x0040C6C4,raw_0040C6C0,EnemyEclHostBaseView::ResolveFloatOperand,Enemy,unclassified,0.00,__thiscall ECX EnemyEclHostBaseView* + stack int / RET 4,float *(int),false,src/Enemy.cpp,"Base-host vtable 0x0046D0D8 slot four points here; the neutral float lvalue resolver returns NULL.",authored,"New denominator candidate missed by Ghidra. Reviewed extent 0x0040C6C0-0x0040C6C4 = 5 bytes followed by padding. Canonical normal-COFF unit replays the complete relocation-free extent exactly."
0x0040C6E0,45,0x0040C70C,FUN_0040c6e0,EnemyEclHostBaseView::ReleaseEclAllocations,Enemy,unclassified,0.00,internal EAX EnemyEclHostBaseView* / RET,void (),false,src/Enemy.cpp,"Both callback-subroutine transition paths call this helper before resetting the ECL state. It walks host +0x1034 and frees each payload and its 8-byte owner node through the target free thunk.",authored,"Reviewed CC-delimited extent 0x0040C6E0-0x0040C70C = 45 bytes. Canonical linked replay covers the complete PDB-owned extent and both REL32 free-thunk fields with zero differences."
0x0040C710,21,0x0040C724,raw_0040C710,EnemyEclHostBaseView::EnemyEclHostBaseView,Enemy,unclassified,0.00,internal EAX EnemyEclHostBaseView* / RET,,false,src/Enemy.cpp,"The base-host constructor installs vtable 0x0046D0D8 and inlines the embedded-context constructor to clear host +0x1010/+0x1014.",authored,"New denominator candidate missed by Ghidra. Reviewed extent 0x0040C710-0x0040C724 = 21 bytes; 0x0040C725 begins padding. Canonical linked-PE unit covers the full PDB-owned contribution and sole vtable DIR32 field exactly."
0x0040C730,71,0x0040C776,FUN_0040c730,EnemyEclHostBaseView::ResetEclState,Enemy,exact,100.00,internal EAX EnemyEclHostBaseView* / RET,void (),false,src/Enemy.cpp,"Called after ReleaseEclAllocations at both callback-subroutine transitions. It restores the embedded context at +0x008 as active/mirrored, installs the host as operand resolver, clears current execution state and allocation ownership, and sets context state +0x1010 to -1.",authored,"Reviewed CC-delimited extent 0x0040C730-0x0040C776 = 71 bytes. Four simultaneous source lifetimes (flags, embedded context, shared zero state, and host fields) make pinned VC7.1 SP1 LTCG reproduce the complete relocation-free body byte-identically in the real EnemyRuntimeUpdate caller context; two independent cold links are raw-equal."
0x0040C780,47,0x0040C7AE,raw_0040C780,EnemyEclHostBaseView::~EnemyEclHostBaseView,Enemy,unclassified,0.00,__thiscall ECX EnemyEclHostBaseView* / RET,,false,src/Enemy.cpp,"The base-host destructor restores vtable 0x0046D0D8 and inlines the same payload/node release loop over host +0x1034.",authored,"New denominator candidate missed by Ghidra. Reviewed extent 0x0040C780-0x0040C7AE = 47 bytes; 0x0040C7AF is padding. Canonical linked-PE unit covers the full PDB-owned contribution and all three link-resolved fields exactly."
0x0040C7B0,71,0x0040C7F6,raw_0040C7B0,,Enemy,unclassified,0.00,__thiscall ECX EnemyEclHostBaseView* + stack flags / RET 4,,false,,"Base-host vtable 0x0046D0D8 slot five points here. The body restores the base vtable, releases owned allocation payloads/nodes, tests deleting flag bit zero, and conditionally frees the host.",compiler,"New denominator candidate missed by Ghidra. Reviewed MSVC scalar deleting-destructor wrapper extent 0x0040C7B0-0x0040C7F6 = 71 bytes; compiler-generated/excluded with no exactness credit."
0x0040C800,15,0x0040C80E,raw_0040C800,EnemyEclContextView::EnemyEclContextView,Enemy,unclassified,0.00,internal EAX EnemyEclContextView* / RET,,false,src/Enemy.cpp,"CC-delimited constructor clears only the two operand-storage cursors at context +0x1008/+0x100C. The same writes appear at full object +0x1010/+0x1014 when the context is embedded at +0x008.",authored,"New denominator candidate missed by Ghidra. Reviewed extent 0x0040C800-0x0040C80E = 15 bytes; 0x0040C80F is padding."
0x0040C810,5,0x0040C814,raw_0040C810,EnemyEclResourceBaseView::LoadPackage,Enemy,unclassified,0.00,__thiscall ECX EnemyEclResourceBaseView* + stack const unsigned char* / RET 4,int (const unsigned char *),false,src/Enemy.cpp,"Base ECL-resource vtable 0x0046D0F0 slot one points here. The default virtual implementation ignores its package pointer and returns zero.",authored,"New denominator candidate missed by Ghidra. Reviewed extent 0x0040C810-0x0040C814 = 5 bytes; 0x0040C815 begins padding."
0x0040C820,5,0x0040C824,raw_0040C820,EnemyEclResourceBaseView::GetScriptData,Enemy,unclassified,0.00,internal EAX EnemyEclResourceBaseView* + ECX index / RET,void *(int),false,src/Enemy.cpp,"The body returns scriptData[index] from the independently proved 32-pointer table at resource +0x0C.",authored,"New denominator candidate missed by Ghidra. Reviewed extent 0x0040C820-0x0040C824 = 5 bytes; 0x0040C825 begins padding."
0x0040C830,34,0x0040C851,raw_0040C830,EnemyEclResourceBaseView::EnemyEclResourceBaseView,Enemy,unclassified,0.00,internal EDX EnemyEclResourceBaseView* / RET,,false,src/Enemy.cpp,"The retained base constructor clears nested tail dwords +0x1090/+0x1094, zeroes the full 0x1098-byte object, and installs base vtable 0x0046D0F0.",authored,"New denominator candidate missed by Ghidra. Reviewed extent 0x0040C830-0x0040C851 = 34 bytes; 0x0040C852 begins padding. Maintained /GL source already emits a complete 34-byte PDB-owned contribution."
0x0040C860,36,0x0040C883,raw_0040C860,EnemyEclResourceBaseView::~EnemyEclResourceBaseView,Enemy,unclassified,0.00,internal ESI EnemyEclResourceBaseView* / RET,,false,src/Enemy.cpp,"The retained base destructor installs base vtable 0x0046D0F0, frees a non-null lookup table at +0x8C through target free, clears the pointer, and returns.",authored,"New denominator candidate missed by Ghidra. Reviewed extent 0x0040C860-0x0040C883 = 36 bytes; 0x0040C884 begins padding. Maintained /GL source already emits a complete 36-byte PDB-owned contribution."
0x0040C9A0,48,0x0040C9CF,FUN_0040c9a0,,,unclassified,0.00,,,false,,Ghidra 12.1.3 auto-analysis candidate; boundary unreviewed,authored,"Complete target decode; is called by reviewed authored 0x0040E770 and references target .data address 0x00477818, used by at least two earlier reviewed authored bodies and no excluded body (target-authored-data-and-edge-2026-09-17). Subsystem and source unit remain unknown."
0x0040C9D0,503,0x0040CBC6,FUN_0040c9d0,,,unclassified,0.00,,,false,,Ghidra 12.1.3 auto-analysis candidate; boundary unreviewed,authored,"Complete target decode; directly calls reviewed authored 0x0044BB90 and references shared game globals 0x004918B0, 0x004918B4 (target-authored-call-and-globals-2026-09-17). Subsystem and source unit remain unknown."
0x0040CC50,31,0x0040CC6E,FUN_0040cc50,,Enemy,unclassified,0.00,ECX EnemyFullObjectView* + stack flags / RET 4,,false,,"Primary Enemy vtable 0x0046D0C0 slot +0x14 points here. The complete 31-byte body calls reviewed EnemyTeardown, tests deleting flag bit zero, conditionally invokes operator delete, returns the original object pointer, and ends in RET 4.",compiler,Reviewed MSVC scalar deleting-destructor wrapper; compiler-generated/excluded rather than source-present. The opcode/control-flow family matches other reviewed VC7 deleting helpers. 0x0040CC6F begins CC padding; exactness credit none.
0x0040CC70,145,0x0040CD00,FUN_0040cc70,,,unclassified,0.00,,,false,,Ghidra 12.1.3 auto-analysis candidate; boundary unreviewed,authored,Complete target decode; is directly called by reviewed authored 0x0040D830. IDA behavior review shows ANM VM array state initialization (target-ida-reviewed-early-game-2026-09-17). Original owner and source unit remain unknown.
0x0040CD20,95,0x0040CD7E,FUN_0040cd20,EnemyEclResourceView::LoadFile,Enemy,unclassified,0.00,__thiscall ECX EnemyEclResourceView* + stack const char* / RET 4,int (const char *),false,src/Enemy.cpp,"Derived ECL-resource vtable 0x0046D0B4 slot +0x08 points here. The body clears/copies the filename into the target buffer, loads file bytes, dispatches the script-data parser, and normalizes parser failure to -1.",authored,Reviewed physical extent 0x0040CD20-0x0040CD7E = 95 bytes. The maintained source preserves the target three logical file-loader inputs (filename plus zero size-out/mode) while leaving the target private EAX filename ABI to optimizer context. Pinned VC7.1 class-model normal emits a true 97-byte member section; the complete target diagnostic mismatches at 50/79 comparable bytes with 4 relocations and acceptance_authority=none. /GL compiles; exactness remains unknown.
0x0040CEA0,36,0x0040CEC3,FUN_0040cea0,,,unclassified,0.00,,,false,,Ghidra 12.1.3 auto-analysis candidate; boundary unreviewed,authored,Complete target decode; directly calls reviewed authored 0x004492A0 and references shared game global 0x00491C10 (target-authored-neighbor-and-global-2026-09-17). Subsystem and source unit remain unknown.
0x0040CF40,23,0x0040CF56,FUN_0040cf40,,,unclassified,0.00,,,false,,Ghidra 12.1.3 auto-analysis candidate; boundary unreviewed,,"origin indeterminate: fixed-size state zeroing and field initialization; IDA shows C++ object initialization or teardown; source-authored body versus compiler-generated lifecycle contribution remains unresolved (target-ida-origin-indeterminate-2026-09-18; reviewed target 0x0040CF40, 23 bytes)."
0x0040CF60,23,0x0040CF76,FUN_0040cf60,,,unclassified,0.00,,,false,,Ghidra 12.1.3 auto-analysis candidate; boundary unreviewed,,"origin indeterminate: private ECL state accessor; IDA shows a short adapter, callback, forwarder, or outlined helper; original source declaration versus compiler-generated boundary remains unresolved (target-ida-origin-indeterminate-2026-09-18; reviewed target 0x0040CF60, 23 bytes)."
0x0040CF90,22,0x0040CFA5,FUN_0040cf90,,,unclassified,0.00,,,false,,Ghidra 12.1.3 auto-analysis candidate; boundary unreviewed,,"origin indeterminate: private ECL state accessor called repeatedly by dispatcher; IDA shows a short adapter, callback, forwarder, or outlined helper; original source declaration versus compiler-generated boundary remains unresolved (target-ida-origin-indeterminate-2026-09-18; reviewed target 0x0040CF90, 22 bytes)."
0x0040CFB0,577,0x0040D1F0,FUN_0040cfb0,EnemySpawn,Enemy,unclassified,0.00,internal EAX EnemySpawnRequestView* + 2 stack args / RET 8,"EnemyFullObjectView *(EnemyManagerView *, const char *, const EnemySpawnRequestView *)",false,src/Enemy.cpp,"TH10 callers pass manager and ECL subroutine name on the stack with a 0x40-byte spawn request in live-in EAX; the body allocates 0x2518, constructs the enemy, copies spawn/life/drop data, initializes timer state, updates once, selects death presentation state, links runtime +0x130 into the manager list, and increments manager counts.",authored,"Reviewed physical owner is 0x0040CFB0-0x0040D1F0 = 577 bytes: code ends with RET 8 at 0x0040D1A2-0x0040D1A4, 0x0040D1A5-0x0040D1A7 is a three-byte alignment sled, 0x0040D1A8-0x0040D1BB is the five-entry jump table directly referenced at 0x0040D12B, and 0x0040D1BC-0x0040D1F0 is the 53-byte selector table directly referenced at 0x0040D124; 0x0040D1F1-0x0040D1FF is CC padding. This corrects the initial Ghidra 501-byte candidate. Fixed normal emits a true 628-byte COMDAT and mismatches the complete 577-byte target owner at 76/536 comparable bytes; /GL compiles. Exactness remains unknown."
0x0040D260,29,0x0040D27C,raw_0040D260,EnemyManagerView::EnemyManagerView,Enemy,unclassified,0.00,internal EDX EnemyManagerView* / RET,,false,src/Enemy.cpp,"CC-delimited 29-byte body clears the nested timer flag at manager +0x50, zeroes all 0x68 manager bytes, sets flags bit 1, publishes g_EnemyManager, returns the object, and ends in RET. The same construction sequence is inlined byte-for-byte inside EnemyManagerCreate at 0x0040D6C1.",authored,"New denominator candidate missed by Ghidra. Source-origin is supported by the authored global publication and the identical factory-inline construction sequence, not merely by constructor-like shape. Canonical linked-PE unit enemy-manager-constructor replays its DIR32 g_EnemyManager field and compares exact across the complete 29-byte PDB-owned extent; production owner remains unknown."
0x0040D280,334,0x0040D3CD,FUN_0040d280,EnemyManagerView::Initialize,Enemy,unclassified,0.00,internal EBX EnemyManagerView* + stack const char* / RET 4,int (const char *),false,src/Enemy.cpp,"EnemyManagerCreate keeps the new manager in EBX before this call. The body installs the primary resource, allocates/constructs the 0x1098 ECL resource, loads the requested ECL file, registers update/draw chain nodes at priorities 0x12/0x14, initializes the manager timer, and returns zero.",authored,"Reviewed physical extent 0x0040D280-0x0040D3CD = 334 bytes ends in RET 4, followed by 0x0040D3CE-0x0040D3CF padding. Maintained callback-node construction now preserves target flags bit-zero clearing and the +0x14 self-link. Pinned VC7.1 class-model normal emits a true 314-byte member section; target diagnostic mismatch 8/286 comparable with 12 relocations, authority none. /GL compiles; private EBX optimizer ABI and production physical owner remain unresolved."
0x0040D3D0,34,0x0040D3F1,raw_0040D3D0,EnemyEclResourceView::EnemyEclResourceView,Enemy,unclassified,0.00,internal EDX EnemyEclResourceView* / RET,,false,src/Enemy.cpp,"CC-delimited 34-byte retained body zeroes the 0x1090/0x1094 tail state, clears the full 0x1098-byte ECL resource, installs the derived vtable at 0x0046D0B4, returns the object, and ends in RET. EnemyManagerView::Initialize contains the same constructor operation inline after allocating exactly 0x1098 bytes.",authored,"New denominator candidate missed by Ghidra. The independent derived-vtable identity plus the same constructor operation in the manager initializer supports source-origin beyond raw body shape. Two neutral nested dword subobjects at +0x1090/+0x1094 reproduce the target pre-zero operations before the containing full 0x1098 clear. Canonical linked-PE unit enemy-ecl-resource-constructor replays the derived-vtable DIR32 field and compares exact across the complete 34-byte PDB-owned extent; production owner remains unknown."
0x0040D400,239,0x0040D4EE,raw_0040D400,EnemyEclResourceView::LoadPackage,Enemy,unclassified,0.00,__thiscall ECX EnemyEclResourceView* + stack const unsigned char* / RET 4,int (const unsigned char *),false,src/Enemy.cpp,"Derived ECL-resource vtable 0x0046D0B4 slot +0x04 points directly here. The body parses ANIM magic 0x4D494E41 and filename list, loads animation resources starting at index 9 into manager effect slots, aligns to four bytes, then parses ECLI magic 0x494C4345 and dispatches virtual LoadFile for each ECL filename.",authored,"New denominator candidate missed by Ghidra. Reviewed extent 0x0040D400-0x0040D4EE = 239 bytes ends in RET 4; 0x0040D4EF is padding. Pinned VC7.1 polymorphic source naturally preserves the virtual LoadFile call and emits a true 218-byte section; target diagnostic mismatch 32/223 comparable with 4 relocations, authority none. /GL compiles."
0x0040D530,300,0x0040D65B,FUN_0040d530,EnemyManagerView::~EnemyManagerView,Enemy,unclassified,0.00,internal EAX EnemyManagerView* / RET,,false,src/Enemy.cpp,"Factory rollback and a runtime shutdown caller reach this body. It clears live manager state, unlinks both chain callbacks under the callback critical section, frees 32 ECL script-data buffers, destroys/frees the ECL resource, conditionally releases four animation resources when lifecycle bits 0/3 are clear, and clears g_EnemyManager.",authored,"Reviewed physical extent 0x0040D530-0x0040D65B = 300 bytes ends in RET; 0x0040D65C-0x0040D65F is padding. Pinned VC7.1 class-model normal emits a true 298-byte destructor section and also synthesizes the connected scalar deleting helper family; target diagnostic mismatch 12/184 comparable with 29 relocations, authority none. /GL compiles; target private EAX receiver is optimizer context."
0x0040D660,30,0x0040D67D,raw_0040D660,,Enemy,unclassified,0.00,internal EAX EnemyEclResourceView* + stack flags / RET 4,,false,,"CC-delimited body preserves the EAX-bound object in ESI, calls reviewed ECL-resource destructor 0x0040D680, tests deleting flag bit zero, conditionally invokes operator delete, returns the original object pointer, and ends with RET 4 at 0x0040D67B-0x0040D67D.",compiler,New denominator candidate missed by Ghidra. Classified compiler-generated/excluded as an MSVC scalar deleting-destructor helper. The complete reviewed extent is 0x0040D660-0x0040D67D = 30 bytes; 0x0040D67E-0x0040D67F is CC padding. Pinned VC7.1 maintained polymorphic source automatically emits ??_GEnemyEclResourceView@@QAEPAXI@Z; normal code uses conventional ECX and different inlining (60-byte section). Exactness credit is none.
0x0040D680,36,0x0040D6A3,FUN_0040d680,EnemyEclResourceView::~EnemyEclResourceView,Enemy,unclassified,0.00,internal ESI EnemyEclResourceView* / RET,,false,src/Enemy.cpp,"Enemy manager teardown calls this body on the 0x1098 ECL resource. It transitions the object to base vtable 0x0046D0F0, frees the owned lookup table at +0x8C when non-null, clears that pointer, and returns.",authored,"Reviewed physical extent 0x0040D680-0x0040D6A3 = 36 bytes followed by padding. Canonical linked-PE unit enemy-ecl-resource-destructor replays its base-vtable DIR32 and free REL32 fields and compares exact across the complete PDB-owned extent; production owner remains unknown."
0x0040D6B0,95,0x0040D70E,FUN_0040d6b0,EnemyManagerCreate,Enemy,unclassified,0.00,__stdcall stack const char* / RET 4,EnemyManagerView *(const char *),false,src/Enemy.cpp,"The body allocates exactly 0x68 bytes, inlines the reviewed manager construction sequence, calls the EBX-bound initializer with the requested ECL filename, performs destructor/free rollback on failure, otherwise returns the manager, and ends in RET 4.",authored,"Reviewed physical extent 0x0040D6B0-0x0040D70E = 95 bytes; 0x0040D70F is padding. Pinned VC7.1 natural new/constructor/member-initialize/delete source emits a true 97-byte section and target diagnostic mismatch 43/75 comparable with 5 relocations, authority none. /GL compiles; target inlines constructor and private receiver assignments."
0x0040D710,28,0x0040D72B,raw_0040D710,,Enemy,unclassified,0.00,internal ESI EnemyManagerView* + stack flags / RET 4,,false,,"CC-delimited body calls reviewed manager destructor 0x0040D530 using the ESI-bound object, tests deleting flag bit zero, conditionally invokes operator delete, returns the original object pointer, and ends in RET 4.",compiler,New denominator candidate missed by Ghidra. Classified compiler-generated/excluded as an MSVC scalar deleting-destructor helper. Pinned VC7.1 maintained EnemyManagerView destructor plus natural delete expression automatically emits ??_GEnemyManagerView@@QAEPAXI@Z as a separate 30-byte normal section with the same destructor/flag/delete/return template but conventional ECX receiver; the 28-byte target diagnostic mismatches at 0/20 comparable bytes with 2 relocations. Exactness credit none.
0x0040D750,166,0x0040D7F5,FUN_0040d750,EnemyManagerUpdate,Enemy,exact,100.00,internal EDI EnemyManagerView* / RET,int (EnemyManagerView *),false,src/Enemy.cpp,"The registered update callback at 0x0040D810 moves its ECX manager argument into EDI then calls this body. TH10 iterates the manager enemy list, runs EnemyRuntimeUpdate or the virtual scalar-deleting-destructor path, advances the manager timer, and returns one.",authored,"Reviewed physical extent 0x0040D750-0x0040D7F5 = 166 bytes. Restoring the shared force-inlined PlayerTimerView::Add(float) accumulator shape makes the slow timer path load scale before adding subframe, matching the target x87 schedule. Canonical linked-PE unit enemy-manager-update uses EnemyManagerUpdateCallback as the real /GL entry; two independent cold links reproduce all 166 PDB-owned bytes after replaying the EnemyRuntimeUpdate, two threshold constants, 1.0 constant, and __ftol2 fields zero-difference."
0x0040D810,10,0x0040D819,raw_0040D810,EnemyManagerUpdateCallback,Enemy,exact,100.00,ECX EnemyManagerView* / RET,int (EnemyManagerView *),false,src/Enemy.cpp,"Target manager initialization stores 0x0040D810 directly as the update-chain callback at priority 0x12. The 10-byte body saves EDI, moves ECX to EDI, calls the private-EDI owner 0x0040D750, restores EDI, and returns.",authored,Reviewed extent 0x0040D810-0x0040D819. Canonical linked-PE unit enemy-manager-update-callback cold-links twice with the callback as the real /GL entry; all ten PDB-owned bytes replay zero-difference after the sole REL32 field to EnemyManagerUpdate @ 0x0040D750. The owner itself remains a separate four-byte x87 near-match.
0x0040D820,6,0x0040D825,raw_0040D820,EnemyManagerDrawCallback,Enemy,unclassified,0.00,ECX EnemyManagerView* / RET,int (EnemyManagerView *),false,src/Enemy.cpp,"Target manager initialization stores 0x0040D820 directly as the draw-chain callback at priority 0x14. The complete target body is MOV EAX,1 / RET and does not consume the callback owner.",authored,New denominator candidate missed by Ghidra. Reviewed extent 0x0040D820-0x0040D825 = 6 bytes is followed by CC padding through 0x0040D82F. Canonical normal-COFF unit enemy-manager-draw-callback builds a true six-byte relocation-free COMDAT and was deleted/rebuilt/recompared twice with zero target differences. Exactness is recorded only through the replayable canonical match ledger.
0x0040D830,673,0x0040DAD0,FUN_0040d830,EnemyFullObjectView::EnemyFullObjectView,Enemy,unclassified,0.00,internal ESI EnemyFullObjectView* + 1 stack arg / RET 4,void (const char *),false,src/Enemy.cpp,"EnemySpawn constructs the new 0x2518-byte derived ECL host with one subroutine-name argument. The inlined base/context construction, derived vptr, exact 0x14DC runtime tail clearing, self/script/list links, timers, named subroutine and callback state are target-observed.",authored,"Reviewed physical extent 0x0040D830-0x0040DAD0 = 673 bytes ends with RET 4. The target constructor's base-context initialization followed by derived vptr installation and the paired destructor transitions establish the maintained C++ base/derived model; exactness remains unknown."
0x0040DAE0,386,0x0040DC61,FUN_0040dae0,EnemyFullObjectView::~EnemyFullObjectView,Enemy,unclassified,0.00,internal stack EnemyFullObjectView* / RET 4,,false,src/Enemy.cpp,"The derived destructor unlinks the Enemy, tears down ten managed VM ids and child VMs, clears Player tracking, then inlines base destruction that restores vtable 0x0046D0D8 and frees the ECL allocation list.",authored,"Reviewed physical extent 0x0040DAE0-0x0040DC61 = 386 bytes ends with RET 4; 0x0040DC62 begins padding. Scalar deleting wrapper 0x0040CC50 passes the derived object here before optional deallocation. The private stack receiver is retained as LTCG ABI evidence."
0x0040DC80,2412,0x0040E5EB,FUN_0040dc80,EnemyRuntimeUpdate,Enemy,unclassified,0.00,1 stack EnemyRuntimeView* / RET 4,int (EnemyRuntimeView *),false,src/Enemy.cpp,"Two direct TH10 callers pass full enemy object +0x103C. The 0x40D830 constructor clears exactly 0x537 dwords = 0x14DC bytes from that tail inside a 0x2518-byte allocation, and stores the full-object back-pointer at runtime +0x14D8. This body loads its sole stack runtime pointer, performs movement/interpolation, bounds, ECL, Player damage, life/death, collision, VM, target-selection and timer work, and returns with RET 4.",authored,"Reviewed physical extent 0x0040DC80-0x0040E5EB = 2412 bytes with no internal unreachable gap; 0x0040E5EC-0x0040E5EF is CC padding before independent 0x0040E5F0. Maintained exact-size views close EnemyRuntimeView=0x14DC and EnemyFullObjectView=0x2518, but original source identifier, member/free-function abstraction, TU and production optimizer owner remain unknown. Pinned VC7.1 fixed normal emits a true 0x935=2357-byte EnemyRuntimeUpdate section while /GL compiles; a 2412-byte target diagnostic mismatches at 134/2160 comparable bytes with 63 relocations and acceptance_authority=none. Exactness remains unknown."
0x0040E5F0,162,0x0040E691,FUN_0040e5f0,EnemyFinalizeDeath,Enemy,unclassified,0.00,1 stack EnemyFullObjectView* / RET 4,int (EnemyFullObjectView *),false,src/Enemy.cpp,"EnemyRuntimeUpdate calls this full-object finalizer on the death path. TH10 conditionally plays the indexed death sound, spawns the configured position effect, drops the direct item and the eleven-count item block, clears the direct drop type, plays sound 10, and returns one.",authored,"Reviewed physical extent 0x0040E5F0-0x0040E691 = 162 bytes ends with RET 4; 0x0040E692-0x0040E69F is padding. Direct helper machine ABIs include private register live-ins, so maintained declarations express logical values only. Fixed normal emits a true 157-byte COMDAT and mismatches at 9/138 comparable bytes; /GL compiles. Exactness remains unknown."
0x0040E6A0,182,0x0040E755,FUN_0040e6a0,,,unclassified,0.00,,,false,,Ghidra 12.1.3 auto-analysis candidate; boundary unreviewed,authored,"Complete target decode; reviewed authored 0x0040E770 directly calls this entry, which directly calls reviewed authored 0x00448DB0 (target-authored-call-sandwich-2026-09-17). Subsystem and source unit remain unknown."
0x0040E760,11,0x0040E76A,raw_0040E760,EnemyFullObjectView::DispatchEclInstruction,Enemy,unclassified,0.00,ECX EnemyFullObjectView* / tail JMP,int (EnemyFullObjectView *),false,src/Enemy.cpp,The primary Enemy vtable at 0x0046D0C0 stores this entry in slot zero. The entry adds 0x103C to the full-object receiver and tail-jumps to the runtime-tail implementation at 0x0040E770. A natural VC7.1 member forwarder calling runtime.DispatchEclInstruction() emits the same 11-byte instruction shape with one REL32 relocation.,authored,"Reviewed extent 0x0040E760-0x0040E76A = 11 bytes is followed by CC padding through 0x0040E76F. The runtime tail at full object +0x103C is constructor-cleared data with no target vptr, so this adjustment is not an automatic multiple-inheritance this-thunk to a polymorphic base; target vtable ownership plus natural forwarding codegen support a source-level forwarding method. Original identifier and base-class type names remain unknown. Canonical exactness is recorded only if the normal-COFF relocation replay is zero-difference."
0x0040E770,14416,0x00411FBF,FUN_0040e770,EnemyRuntimeView::DispatchEclInstruction,Enemy,unclassified,0.00,ECX EnemyRuntimeView* / RET,int (EnemyRuntimeView *),false,src/EnemyEclDispatcher.cpp,"Maintained source implements all 124 target-active opcode selectors across 0x100-0x1B4 and preserves the target-observed motion, spawn, life, item, ANM, dialog, spell, difficulty, bullet and laser branches. Typed spawn and laser request storage replaces decompiler stack-overlap artifacts.",authored,"Reviewed source-owned physical span is 0x0040E770-0x00411FBF = 14,416 bytes. Executable code ends with RET at 0x00411D2E; 0x00411D2F is one-byte alignment, 0x00411D30-0x00411EDF is a directly indexed 108-entry jump table, 0x00411EE0-0x00411F94 is the directly indexed 181-byte opcode selector, 0x00411F95-0x00411F97 is three-byte alignment, and 0x00411F98-0x00411FAB plus 0x00411FAC-0x00411FBF are two directly indexed five-entry nested tables. The next independent virtual method begins at 0x00411FC0. Hash-attested table decoding proves 124 active opcode values and 57 values routed to the default; scripts/report-ecl-dispatch-table.py checks the maintained enum and case labels against that target map. Helper names and opcode names are descriptive where original identifiers remain unrecoverable. Normal and /GL VC7.1 compile probes pass. With the current 30-call integer-reader adapter graph, a selected /GS Enemy-entry linked diagnostic is 14,020 versus target 14,416 bytes, with target physical case order and 181/181 selector bytes, a 396-byte pre-table deficit, and 636/11,664 normalized comparable bytes. The complete owner remains non-exact."
0x00411FC0,820,0x004122F3,raw_00411FC0,EnemyFullObjectView::ReadIntOperand,Enemy,unclassified,0.00,ECX EnemyFullObjectView* + 1 stack operand / RET 4,"int (EnemyFullObjectView *, int)",false,src/Enemy.cpp,"Primary Enemy vtable slot one points here. The method resolves an integer-valued ECL operand selector through target globals, full-object fields and helper calls; unknown selectors return zero.",authored,Maintained source is present in src/Enemy.cpp. Final fixed-normal /Gy section is 800 bytes versus the reviewed 820-byte target extent; target-window diagnostic is mismatch at 115/452 comparable bytes with 92 object relocations and acceptance_authority=none. /GL compilation succeeds; exactness is not established.
0x00412300,80,0x0041234F,raw_00412300,EnemyFullObjectView::ResolveIntOperand,Enemy,unclassified,0.00,ECX EnemyFullObjectView* + 1 stack operand / RET 4,"int *(EnemyFullObjectView *, int)",false,src/Enemy.cpp,"Primary Enemy vtable slot two points here. Operand ids -0x2701 through -0x26FE resolve to four writable integer fields at full-object offsets +0x1138,+0x113C,+0x1140,+0x1144; other ids return NULL.",authored,Maintained source is present in src/Enemy.cpp. Canonical artifact_kind=coff unit enemy-ecl-int-lvalue-resolver rebuilds to the complete 80-byte extent with five DIR32 relocations and compares exact 80/80 on repeated deletion/rebuild replays.
0x00412350,884,0x004126C3,raw_00412350,EnemyFullObjectView::ReadFloatOperand,Enemy,unclassified,0.00,ECX EnemyFullObjectView* + 1 stack operand / RET 4,"float (EnemyFullObjectView *, int)",false,src/Enemy.cpp,"Primary Enemy vtable slot three points here. The method resolves a float-valued ECL operand selector from target globals, Enemy fields and helper calls, including integer-to-float conversions; unknown selectors return the target zero-float constant.",authored,Maintained source is present in src/Enemy.cpp. Final fixed-normal /Gy section is 800 bytes versus the reviewed 884-byte target extent; target-window diagnostic is mismatch at 95/540 comparable bytes with 86 object relocations and acceptance_authority=none. /GL compilation succeeds; exactness is not established.
0x004126D0,80,0x0041271F,raw_004126D0,EnemyFullObjectView::ResolveFloatOperand,Enemy,unclassified,0.00,ECX EnemyFullObjectView* + 1 stack operand / RET 4,"float *(EnemyFullObjectView *, int)",false,src/Enemy.cpp,"Primary Enemy vtable slot four points here. Operand ids -0x26FD through -0x26FA resolve to four writable float fields at full-object offsets +0x1148,+0x114C,+0x1150,+0x1154; other ids return NULL.",authored,Maintained source is present in src/Enemy.cpp. Canonical artifact_kind=coff unit enemy-ecl-float-lvalue-resolver rebuilds to the complete 80-byte extent with five DIR32 relocations and compares exact 80/80 on repeated deletion/rebuild replays.
0x00412720,48,0x0041274F,FUN_00412720,,,unclassified,0.00,,,false,,Ghidra 12.1.3 auto-analysis candidate; boundary unreviewed,,"origin indeterminate: register-bound state helper called by ECL dispatcher; IDA shows executable behavior, but target references do not establish whether this extent came from game source, a linked helper, or optimizer outlining (target-ida-origin-indeterminate-2026-09-18; reviewed target 0x00412720, 48 bytes)."
0x004127A0,593,0x004129F0,FUN_004127a0,EnemyResolveRuntimeCallback,Enemy,unclassified,0.00,__fastcall ECX EnemyFullObjectView* / RET,const unsigned char * (EnemyFullObjectView *),false,src/EnemyCallback.cpp,"Scans eight target-observed callback records, clamps life and resets the update timer at a life threshold, updates the visual countdown for the first active timer threshold, and performs the timeout/player-state transition when that timer expires.",authored,"Reviewed physical extent 0x004127A0-0x004129F0 = 593 bytes; 0x004129F1 begins CC padding. Both direct callers at 0x0040E1C2 and 0x0040E27B pass the full Enemy owner in ECX. The eight 0x10-byte records begin at full +0x2494 and hold life threshold, timer threshold, life callback name and timer callback name. Pinned VC7.1 fixed normal emits a 598-byte fastcall COMDAT versus the 593-byte target and mismatches at 48/565 comparable bytes; /GL and /W4 compile. Production TU/optimizer ownership and exactness remain unknown."
0x00412A00,16,0x00412A0F,FUN_00412a00,EnemyRuntimeView::ReadIntArgument,Enemy,unclassified,0.00,internal EAX EnemyRuntimeView* + ECX int index / RET,"int (EnemyRuntimeView *, int)",false,src/EnemyEclDispatcher.cpp,"Complete target body maps runtime +0x14D8 to the full Enemy owner, loads the active ECL context from owner +0x4, forwards the ECX argument index to generic int operand reader 0x0044FDB0, and returns its EAX value. All 30 direct target calls are inside the reviewed 0x0040E770 dispatcher body.",,"Reviewed physical extent 0x00412A00-0x00412A0F = 16 bytes; the next independent entry begins immediately at 0x00412A10. The private EAX/ECX ABI is target-proven, but source-written versus compiler/LTCG-outlined origin, original declaration, TU and exactness remain unknown. Maintained source is present; writing the generic ReadInt pop result back to its index parameter makes the selected /GS linked candidate 16 versus target 16 bytes, but target EAX/ECX and candidate ECX/EAX entry registers still differ. origin indeterminate: call forwarder to 0x44FDB0; IDA shows a short adapter, callback, forwarder, or outlined helper; original source declaration versus compiler-generated boundary remains unresolved (target-ida-origin-indeterminate-2026-09-18; reviewed target 0x00412A00, 16 bytes)."
0x00412A10,75,0x00412A5A,FUN_00412a10,EnemyRuntimeView::ResolveIntArgument,Enemy,unclassified,0.00,internal EAX EnemyRuntimeView* + ECX int index / RET,"int *(EnemyRuntimeView *, int)",false,src/EnemyEclDispatcher.cpp,"Complete target body maps runtime +0x14D8 to owner and active ECL context, tests current-instruction operand mask bit ECX, returns a local-storage address for nonnegative encoded variables, dispatches negative variables through operand-resolver vtable slot +0x08, and returns NULL for non-variable arguments. All 9 direct target calls are inside the reviewed dispatcher body.",,"Reviewed physical extent 0x00412A10-0x00412A5A = 75 bytes, followed by CC padding 0x00412A5B-0x00412A5F. The private EAX/ECX ABI is target-proven, but source-written versus compiler/LTCG-outlined origin, original declaration, TU and exactness remain unknown. Maintained source is present. Two cold selected /GS links produce one complete 75-byte PDB contribution raw-equal to target, but canonical exact promotion awaits authored-origin evidence. origin indeterminate: ECL argument lookup with virtual fallback; IDA shows a short adapter, callback, forwarder, or outlined helper; original source declaration versus compiler-generated boundary remains unresolved (target-ida-origin-indeterminate-2026-09-18; reviewed target 0x00412A10, 75 bytes)."
0x00412A60,14,0x00412A6D,raw_00412A60,,,unclassified,0.00,internal EAX EnemyRuntimeView* + ECX live-in / tail JMP,,false,,"CC-delimited helper-shaped body maps runtime +0x14D8 to the full Enemy owner, loads active ECL context from owner +0x4, and tail-jumps to generic float operand reader 0x0044FE40. A complete target direct-REL32 and absolute-pointer scan found no references to this entry.",,"New denominator candidate missed by the initial Ghidra inventory. Reviewed physical extent 0x00412A60-0x00412A6D = 14 bytes, followed by CC padding at 0x00412A6E-0x00412A6F. With no target xref, source-written versus compiler-retained/outlined origin and source ownership remain unknown; exactness credit none. origin indeterminate: call forwarder to 0x44FE40; IDA shows a short adapter, callback, forwarder, or outlined helper; original source declaration versus compiler-generated boundary remains unresolved (target-ida-origin-indeterminate-2026-09-18; reviewed target 0x00412A60, 14 bytes)."
0x00412A70,14,0x00412A7D,raw_00412A70,,,unclassified,0.00,internal EAX EnemyRuntimeView* + ECX live-in / tail JMP,,false,,"CC-delimited helper-shaped body maps runtime +0x14D8 to the full Enemy owner, loads active ECL context from owner +0x4, and tail-jumps to generic float lvalue resolver 0x00450070. A complete target direct-REL32 and absolute-pointer scan found no references to this entry.",,"New denominator candidate missed by the initial Ghidra inventory. Reviewed physical extent 0x00412A70-0x00412A7D = 14 bytes, followed by CC padding at 0x00412A7E-0x00412A7F. With no target xref, source-written versus compiler-retained/outlined origin and source ownership remain unknown; exactness credit none. origin indeterminate: call forwarder to 0x450070; IDA shows a short adapter, callback, forwarder, or outlined helper; original source declaration versus compiler-generated boundary remains unresolved (target-ida-origin-indeterminate-2026-09-18; reviewed target 0x00412A70, 14 bytes)."
0x00412A80,17,0x00412A90,raw_00412A80,,,unclassified,0.00,internal EAX EnemyRuntimeView* + ECX/EDX live-ins / RET,,false,,"CC-delimited helper-shaped body maps runtime +0x14D8 to the full Enemy owner, preserves ECX/EDX as stack arguments, loads active ECL context into EDX, calls generic ECL operand helper 0x0044FF00, and returns. A complete target direct-REL32 and absolute-pointer scan found no references to this entry.",,"New denominator candidate missed by the initial Ghidra inventory. Reviewed physical extent 0x00412A80-0x00412A90 = 17 bytes, followed by CC padding 0x00412A91-0x00412A9F. The exact high-level role and source/compiler origin remain unknown; no authored or source-presence claim is made and exactness credit is none. origin indeterminate: small ECL helper whose IDA decompilation fails; IDA shows a short adapter, callback, forwarder, or outlined helper; original source declaration versus compiler-generated boundary remains unresolved (target-ida-origin-indeterminate-2026-09-18; reviewed target 0x00412A80, 17 bytes)."
0x00412AA0,26,0x00412AB9,FUN_00412aa0,,,unclassified,0.00,,,false,,Ghidra 12.1.3 auto-analysis candidate; boundary unreviewed,,"origin indeterminate: call forwarder to 0x44FF80; IDA shows a short adapter, callback, forwarder, or outlined helper; original source declaration versus compiler-generated boundary remains unresolved (target-ida-origin-indeterminate-2026-09-18; reviewed target 0x00412AA0, 26 bytes)."
0x00412AC0,652,0x00412D4B,FUN_00412ac0,,,unclassified,0.00,,,false,,Ghidra 12.1.3 auto-analysis candidate; boundary unreviewed,authored,"Complete target decode; reviewed authored 0x0040DC80 directly calls this entry, which directly calls reviewed authored 0x0044C350 (target-authored-call-sandwich-2026-09-17). Subsystem and source unit remain unknown."
0x00412DB0,50,0x00412DE1,FUN_00412db0,,,unclassified,0.00,,,false,,Ghidra 12.1.3 auto-analysis candidate; boundary unreviewed,,"origin indeterminate: private register-bound helper called by ECL dispatcher; IDA shows a short adapter, callback, forwarder, or outlined helper; original source declaration versus compiler-generated boundary remains unresolved (target-ida-origin-indeterminate-2026-09-18; reviewed target 0x00412DB0, 50 bytes)."
0x00412E70,46,0x00412E9D,FUN_00412e70,,,unclassified,0.00,,,false,,Ghidra 12.1.3 auto-analysis candidate; boundary unreviewed,authored,Complete target decode; directly is called by reviewed authored 0x00425730. IDA behavior review shows game score or gauge decrement and cap (target-ida-reviewed-game-component-2026-09-17). Original source unit and exact codegen remain unknown.
0x00412ED0,16,0x00412EDF,FUN_00412ed0,,,unclassified,0.00,,,false,,Ghidra 12.1.3 auto-analysis candidate; boundary unreviewed,authored,Complete target decode; directly is called by reviewed authored 0x0040E770. IDA behavior review shows game state timer assignment (target-ida-reviewed-game-component-2026-09-17). Original source unit and exact codegen remain unknown.
0x00412FF0,93,0x0041304C,FUN_00412ff0,,,unclassified,0.00,,,false,,Ghidra 12.1.3 auto-analysis candidate; boundary unreviewed,authored,"Complete target decode; reviewed authored 0x0040E5F0 directly calls this entry, which directly calls reviewed authored 0x0044BF40 (target-authored-call-sandwich-2026-09-17). Subsystem and source unit remain unknown."
0x00413170,20,0x00413183,FUN_00413170,EnemySetMotionAngle,Enemy,exact,100.00,__stdcall stack EnemyMotionView* + float / RET 8,"void (EnemyMotionView *, float)",false,src/EnemyMotion.cpp,Two target ECL motion-case callers pass a motion record and angle on the stack; the body calls EnemyWrapAngle then stores ST0 at EnemyMotionView +0x1C.,authored,Reviewed 20-byte extent 0x00413170-0x00413183. Maintained natural __stdcall source reproduces the complete body and sole EnemyWrapAngle REL32 field in normal VC7.1 diagnostics; canonical normal-COFF replay passed twice with complete relocations.
0x00413200,23,0x00413216,FUN_00413200,AnmVmLayerNodeView::InsertAfter,AnmManager,matching,100.00,internal ECX parent node + EAX child node / RET,void (AnmVmLayerNodeView *),false,src/AnmManager.cpp,Inserts one 0x0C-byte intrusive VM layer node immediately after another and repairs the neighbor's previous link.,authored,Reviewed physical extent 0x00413200-0x00413216 = 23 bytes. The complete pointer-update sequence and both ANM child-call uses are direct TH10 observations. Canonical artifact_kind=linked-pe unit cold-built twice with pinned VC7.1 SP1 build6030 in the full ANM executor context; all 23 PDB-owned bytes are raw-equal.
0x00413270,30,0x0041328D,FUN_00413270,,,unclassified,0.00,,,false,,Ghidra 12.1.3 auto-analysis candidate; boundary unreviewed,authored,Complete target decode; directly is called by reviewed authored 0x0040C9D0. IDA behavior review shows game polar-to-Cartesian vector update (target-ida-reviewed-game-component-2026-09-17). Original source unit and exact codegen remain unknown.
0x00413350,151,0x004133E6,FUN_00413350,,,unclassified,0.00,,,false,,Ghidra 12.1.3 auto-analysis candidate; boundary unreviewed,authored,Complete target decode; directly calls reviewed authored 0x00449B70. IDA behavior review shows game object allocation and initialization (target-ida-reviewed-middle-game-2026-09-17). Original owner and source unit remain unknown.
0x00413450,84,0x004134A3,FUN_00413450,,,unclassified,0.00,,,false,,Ghidra 12.1.3 auto-analysis candidate; boundary unreviewed,authored,Complete target decode; is directly called by reviewed authored 0x00420270. IDA behavior review shows game object resource cleanup (target-ida-reviewed-middle-game-2026-09-17). Original owner and source unit remain unknown.
0x004134B0,280,0x004135C7,FUN_004134b0,FpsCounterView::CalculateFps,Main,exact,100.00,internal ESI FpsCounterView* / RET,int (),false,src/Main.cpp,"TH10 samples GameWindowView::GetTimestamp over a half-second window, computes unsigned frame-count FPS, applies 65/57 FPS thresholds, resets the clock after repeated anomalies, and accumulates lag statistics through a gated gameplay-state pointer.",authored,"Reviewed 280-byte extent 0x004134B0-0x004135C7. Target DrawFpsCounter calls this owner with FpsCounterView live in ESI. Canonical linked unit main-fps-calculate uses the maintained DrawFpsCounter owner as its real /GL entry; two independent cold links reproduce all 280 bytes after replaying all 20 GetTimestamp, GameWindow, sample-gate, and floating-constant fields zero-difference."
0x004135D0,180,0x00413683,FUN_004135d0,FpsCounterView::DrawFpsCounter,Main,exact,100.00,internal EDI FpsCounterView* / RET,int (),false,src/Main.cpp,"TH10 directly calls the adjacent FPS calculator, selects three display colors from the current FPS, emits the literal %2.1ffps through the ASCII manager, and increments the owner frame count by frameskip + 1.",authored,"Reviewed 180-byte extent 0x004135D0-0x00413683. The retained callback bridge at 0x00413690 supplies the owner in EDI and directly calls this body at 0x00413693. Canonical linked unit main-fps-draw includes src/AnmManager.cpp as the real formatter support TU; two independent cold links reproduce all 180 bytes after replaying all nine CalculateFps, display-mode, ASCII-manager, threshold, format-string, formatter-call, and frameskip fields zero-difference. The 10-byte callback itself is raw-equal in this context but its source-written versus compiler/LTCG provenance remains unresolved and is not promoted."
0x004136C0,97,0x00413720,FUN_004136c0,,,unclassified,0.00,,,false,,Ghidra 12.1.3 auto-analysis candidate; boundary unreviewed,authored,Complete target decode; directly calls reviewed authored 0x004492A0 and references shared game global 0x00491C10 (target-authored-neighbor-and-global-2026-09-17). Subsystem and source unit remain unknown.
0x00413790,77,0x004137DC,FUN_00413790,GuiSetLivesDisplayCount,Gui,unclassified,0.00,internal EAX GuiView* + ECX count / RET,"void (GuiView *, int)",false,src/Gui.cpp,Four direct TH10 callers pass the global GuiView owner at 0x0047770C and the life count at 0x00474C70; the body toggles bit 1 of displayVms2[0..8].flags35C at +0x4CDC with 0x3AC stride.,authored,Reviewed 77-byte extent 0x00413790-0x004137DC. GuiView construction publishes its owner at 0x0047770C; Player reset and death paths pass the life-count global at 0x00474C70. Maintained source uses two natural loops over the nine displayVms2 slots. Exactness is pending canonical linked replay.
0x00413810,367,0x0041397E,FUN_00413810,,,unclassified,0.00,,,false,,Ghidra 12.1.3 auto-analysis candidate; boundary unreviewed,,"origin indeterminate: multiple vector constructor iterators over sprite records; IDA shows C++ object initialization or teardown; source-authored body versus compiler-generated lifecycle contribution remains unresolved (target-ida-origin-indeterminate-2026-09-18; reviewed target 0x00413810, 367 bytes)."
0x00413980,147,0x00413A12,FUN_00413980,,,unclassified,0.00,,,false,,Ghidra 12.1.3 auto-analysis candidate; boundary unreviewed,authored,"Complete target decode; directly calls reviewed authored 0x00447280 and references shared game globals 0x00491BE4, 0x00491C10 (target-authored-call-and-globals-2026-09-17). Subsystem and source unit remain unknown."
0x00413A20,289,0x00413B40,FUN_00413a20,,,unclassified,0.00,,,false,,Ghidra 12.1.3 auto-analysis candidate; boundary unreviewed,authored,Complete target decode; directly calls reviewed authored 0x00447280 and references shared game global 0x00491C10 (target-authored-neighbor-and-global-2026-09-17). Subsystem and source unit remain unknown.
0x00413BC0,1965,0x0041436C,FUN_00413bc0,,,unclassified,0.00,,,false,,Ghidra 12.1.3 auto-analysis candidate; boundary unreviewed,authored,"Complete target decode; directly calls reviewed authored 0x0043E5A0 and references shared game globals 0x00491C10, 0x00491FB8 (target-authored-call-and-globals-2026-09-17). Subsystem and source unit remain unknown."
0x00414370,476,0x0041454B,FUN_00414370,,,unclassified,0.00,,,false,,Ghidra 12.1.3 auto-analysis candidate; boundary unreviewed,authored,Complete target decode; directly calls reviewed authored 0x00447810 and references shared game global 0x00491C10 (target-authored-neighbor-and-global-2026-09-17). Subsystem and source unit remain unknown.
0x00414570,121,0x004145E8,FUN_00414570,,,unclassified,0.00,,,false,,Ghidra 12.1.3 auto-analysis candidate; boundary unreviewed,authored,Complete target decode; directly calls reviewed authored 0x00447810 and references shared game global 0x00491C10 (target-authored-neighbor-and-global-2026-09-17). Subsystem and source unit remain unknown.
0x004145F0,574,0x0041482D,FUN_004145f0,,,unclassified,0.00,,,false,,Ghidra 12.1.3 auto-analysis candidate; boundary unreviewed,authored,"Complete target decode; directly calls reviewed authored 0x004492A0 and references shared game globals 0x00491BE4, 0x00491C10 (target-authored-call-and-globals-2026-09-17). Subsystem and source unit remain unknown."
0x00414830,136,0x004148B7,FUN_00414830,,,unclassified,0.00,,,false,,Ghidra 12.1.3 auto-analysis candidate; boundary unreviewed,authored,Complete target decode; directly calls reviewed authored 0x00413980. IDA behavior review shows game manager allocation (target-ida-reviewed-middle-game-2026-09-17). Original owner and source unit remain unknown.
0x00414900,3836,0x004157FB,FUN_00414900,GuiView::UpdateStageElements,Gui,unclassified,0.00,stack GuiView* / RET 4,int (GuiView *),false,src/Gui.cpp,"The maintained stage-HUD updater advances the embedded display VMs, player-side panel, five-digit counter, boss gauge and segments, message interpreter, spell timer, boss-position marker, and GUI frame timer. scripts/report-gui-core.py replays the target-owned stage selector and reviewed boundary.",authored,"Reviewed source-owned physical span is 0x00414900-0x004157FB = 3,836 bytes. Executable code ends at 0x004157DC, 0x004157DD-0x004157DF is compiler alignment, and 0x004157E0-0x004157FB is the seven-entry stage selector used by the boss-gauge creation path; the next independent function starts at 0x00415800. Raw callback 0x00415AE0 pushes its argument and the target returns with RET 4. Fixed normal emits a 690-byte outlined COMDAT while /GL compiles, consistent with target-wide inlining; no exactness is claimed."
0x00415800,724,0x00415AD3,FUN_00415800,,,unclassified,0.00,,,false,,Ghidra 12.1.3 auto-analysis candidate; boundary unreviewed,authored,Complete target decode; directly calls reviewed authored 0x004451C0 and references shared game global 0x00491C10 (target-authored-neighbor-and-global-2026-09-17). Subsystem and source unit remain unknown.
0x00415B00,683,0x00415DAA,FUN_00415b00,,,unclassified,0.00,,,false,,Ghidra 12.1.3 auto-analysis candidate; boundary unreviewed,authored,Complete target decode; directly calls reviewed authored 0x004489D0 and references shared game global 0x00491C10 (target-authored-neighbor-and-global-2026-09-17). Subsystem and source unit remain unknown.
0x00415DB0,124,0x00415E2B,FUN_00415db0,,,unclassified,0.00,,,false,,Ghidra 12.1.3 auto-analysis candidate; boundary unreviewed,authored,Complete target decode; directly calls reviewed authored 0x00415B00. IDA behavior review shows stage object allocation and lookup (target-ida-reviewed-middle-game-2026-09-17). Original owner and source unit remain unknown.
0x00415E90,4480,0x0041700F,FUN_00415e90,GuiMessageVmView::Run,Gui,unclassified,0.00,stack GuiMessageVmView* / RET 4,int (GuiMessageVmView *),false,src/Gui.cpp,"The maintained interpreter covers every opcode 0-23, timed dispatch, skip/wait input, portrait and text VM control, stage-specific sprite/name selectors, stage completion, and event paths. Constructor 0x00415B00 and consumers independently establish the exact 0x90-byte state layout; scripts/report-gui-core.py checks all four selector partitions and source cases.",authored,"Reviewed source-owned physical span is 0x00415E90-0x0041700F = 4,480 bytes. Executable code ends at 0x00416F61, 0x00416F62-0x00416F63 is compiler alignment, and 0x00416F64-0x0041700F contains the 24-entry opcode table plus 7-entry enemy-portrait, 7-entry enemy-name, and 5-entry difficulty selectors; the next independent function starts at 0x00417010. The sole direct caller pushes the message pointer and the target returns with RET 4. Fixed normal emits a 1,348-byte outlined COMDAT while /GL compiles; no exactness is claimed."
0x00417010,41,0x00417038,FUN_00417010,,,unclassified,0.00,,,false,,Ghidra 12.1.3 auto-analysis candidate; boundary unreviewed,authored,Complete target decode; directly is called by reviewed authored 0x0040BD80. IDA behavior review shows game encoded text buffer transform (target-ida-reviewed-game-component-2026-09-17). Original source unit and exact codegen remain unknown.
0x00417040,671,0x004172DE,FUN_00417040,,,unclassified,0.00,,,false,,Ghidra 12.1.3 auto-analysis candidate; boundary unreviewed,authored,Complete target decode; directly calls reviewed authored 0x0043E5A0 and references shared game global 0x00491C10 (target-authored-neighbor-and-global-2026-09-17). Subsystem and source unit remain unknown.
0x004172E0,640,0x0041755F,FUN_004172e0,,,unclassified,0.00,,,false,,Ghidra 12.1.3 auto-analysis candidate; boundary unreviewed,authored,Complete target decode; directly calls reviewed authored 0x0043E5A0 and references shared game global 0x00491C10 (target-authored-neighbor-and-global-2026-09-17). Subsystem and source unit remain unknown.
0x004175E0,32,0x004175FF,FUN_004175e0,,,unclassified,0.00,,,false,,Ghidra 12.1.3 auto-analysis candidate; boundary unreviewed,,"origin indeterminate: object setup called by reviewed game routine; IDA shows C++ object initialization or teardown; source-authored body versus compiler-generated lifecycle contribution remains unresolved (target-ida-origin-indeterminate-2026-09-18; reviewed target 0x004175E0, 32 bytes)."
0x00417770,66,0x004177B1,FUN_00417770,,,unclassified,0.00,,,false,,Ghidra 12.1.3 auto-analysis candidate; boundary unreviewed,authored,Complete target decode; is directly called by reviewed authored 0x00418190. IDA behavior review shows game object linked-list cleanup (target-ida-reviewed-middle-game-2026-09-17). Original owner and source unit remain unknown.
0x00417800,58,0x00417839,FUN_00417800,,,unclassified,0.00,,,false,,Ghidra 12.1.3 auto-analysis candidate; boundary unreviewed,authored,Complete target decode; directly is called by reviewed authored 0x00417870. IDA behavior review shows game frame-timer reset (target-ida-reviewed-game-component-2026-09-17). Original source unit and exact codegen remain unknown.
0x00417870,1009,0x00417C60,FUN_00417870,,,unclassified,0.00,,,false,,Ghidra 12.1.3 auto-analysis candidate; boundary unreviewed,authored,"Complete target decode; directly calls reviewed authored 0x0040D6B0 and references shared game globals 0x00491BE4, 0x00491C10 (target-authored-call-and-globals-2026-09-17). Subsystem and source unit remain unknown."
0x00417C80,1105,0x004180D0,FUN_00417c80,,,unclassified,0.00,,,false,,Ghidra 12.1.3 auto-analysis candidate; boundary unreviewed,authored,"Complete target decode; directly calls reviewed authored 0x0040D530 and references shared game globals 0x00491BE4, 0x00491D78 (target-authored-call-and-globals-2026-09-17). Subsystem and source unit remain unknown."
0x004180E0,107,0x0041814A,FUN_004180e0,,,unclassified,0.00,,,false,,Ghidra 12.1.3 auto-analysis candidate; boundary unreviewed,authored,Complete target decode; directly is called by reviewed authored 0x004218D0. IDA behavior review shows game render object allocation (target-ida-reviewed-game-component-2026-09-17). Original source unit and exact codegen remain unknown.
0x00418150,18,0x00418161,FUN_00418150,,,unclassified,0.00,,,false,,Ghidra 12.1.3 auto-analysis candidate; boundary unreviewed,,"origin indeterminate: conditional object free sequence; IDA shows C++ object initialization or teardown; source-authored body versus compiler-generated lifecycle contribution remains unresolved (target-ida-origin-indeterminate-2026-09-18; reviewed target 0x00418150, 18 bytes)."
0x00418190,1544,0x00418797,FUN_00418190,,,unclassified,0.00,,,false,,Ghidra 12.1.3 auto-analysis candidate; boundary unreviewed,authored,"Complete target decode; directly calls reviewed authored 0x0040CFB0 and references shared game globals 0x00491C28, 0x00491D78 (target-authored-call-and-globals-2026-09-17). Subsystem and source unit remain unknown."
0x00418810,64,0x0041884F,FUN_00418810,,,unclassified,0.00,,,false,,Ghidra 12.1.3 auto-analysis candidate; boundary unreviewed,authored,Complete target decode; is directly called by reviewed authored 0x0040E770. IDA behavior review shows stage position and camera globals (target-ida-reviewed-middle-game-2026-09-17). Original owner and source unit remain unknown.
0x004188A0,141,0x0041892C,FUN_004188a0,,,unclassified,0.00,,,false,,Ghidra 12.1.3 auto-analysis candidate; boundary unreviewed,authored,"Complete target decode; directly calls reviewed authored 0x00413790 and references shared game globals 0x00491C10, 0x00492590 (target-authored-call-and-globals-2026-09-17). Subsystem and source unit remain unknown."
0x00418930,166,0x004189D5,FUN_00418930,,,unclassified,0.00,,,false,,Ghidra 12.1.3 auto-analysis candidate; boundary unreviewed,authored,Complete target decode; directly calls reviewed authored 0x00448D00 and references shared game global 0x00491C10 (target-authored-neighbor-and-global-2026-09-17). Subsystem and source unit remain unknown.
0x00418A00,65,0x00418A40,FUN_00418a00,,,unclassified,0.00,,,false,,Ghidra 12.1.3 auto-analysis candidate; boundary unreviewed,authored,Complete target decode; directly calls reviewed authored 0x0044BF40. IDA behavior review shows stage object state update (target-ida-reviewed-middle-game-2026-09-17). Original owner and source unit remain unknown.
0x00418A90,20,0x00418AA3,FUN_00418a90,,,unclassified,0.00,,,false,,Ghidra 12.1.3 auto-analysis candidate; boundary unreviewed,authored,Complete target decode; directly is called by reviewed authored 0x00417C80. IDA behavior review shows game stage object index advance and cap (target-ida-reviewed-game-component-2026-09-17). Original source unit and exact codegen remain unknown.
0x00418B80,73,0x00418BC8,FUN_00418b80,,,unclassified,0.00,,,false,,Ghidra 12.1.3 auto-analysis candidate; boundary unreviewed,authored,Complete target decode; is directly called by reviewed authored 0x00417870. IDA behavior review shows stage timer and state update (target-ida-reviewed-middle-game-2026-09-17). Original owner and source unit remain unknown.
0x00418C40,125,0x00418CBC,FUN_00418c40,,,unclassified,0.00,,,false,,Ghidra 12.1.3 auto-analysis candidate; boundary unreviewed,authored,Complete target decode; is directly called by reviewed authored 0x00420870. IDA behavior review shows stage object state initialization (target-ida-reviewed-middle-game-2026-09-17). Original owner and source unit remain unknown.
0x00418D00,51,0x00418D32,FUN_00418d00,,,unclassified,0.00,,,false,,Ghidra 12.1.3 auto-analysis candidate; boundary unreviewed,,"origin indeterminate: zeroes and initializes 0x88-byte object region; IDA shows C++ object initialization or teardown; source-authored body versus compiler-generated lifecycle contribution remains unresolved (target-ida-origin-indeterminate-2026-09-18; reviewed target 0x00418D00, 51 bytes)."
0x00418D40,237,0x00418E2C,FUN_00418d40,,,unclassified,0.00,,,false,,Ghidra 12.1.3 auto-analysis candidate; boundary unreviewed,,"origin indeterminate: zeroes and initializes 0x1A8-byte object region; IDA shows C++ object initialization or teardown; source-authored body versus compiler-generated lifecycle contribution remains unresolved (target-ida-origin-indeterminate-2026-09-18; reviewed target 0x00418D40, 237 bytes)."
0x00418E30,131,0x00418EB2,FUN_00418e30,,,unclassified,0.00,,,false,,Ghidra 12.1.3 auto-analysis candidate; boundary unreviewed,authored,Complete target decode; directly calls reviewed authored 0x00449AE0. IDA behavior review shows game scheduler registration (target-ida-reviewed-middle-game-2026-09-17). Original owner and source unit remain unknown.
0x00418EE0,346,0x00419039,FUN_00418ee0,,,unclassified,0.00,,,false,,Ghidra 12.1.3 auto-analysis candidate; boundary unreviewed,authored,Complete target decode; is directly called by reviewed authored 0x00417C80. IDA behavior review shows game loader resource and synchronization cleanup (target-ida-reviewed-middle-game-2026-09-17). Original owner and source unit remain unknown.
0x00419040,79,0x0041908E,FUN_00419040,,,unclassified,0.00,,,false,,Ghidra 12.1.3 auto-analysis candidate; boundary unreviewed,authored,Complete target decode; directly is called by reviewed authored 0x00418EE0. IDA behavior review shows game stage linked-list cleanup (target-ida-reviewed-game-component-2026-09-17). Original source unit and exact codegen remain unknown.
0x00419090,67,0x004190D2,FUN_00419090,,,unclassified,0.00,,,false,,Ghidra 12.1.3 auto-analysis candidate; boundary unreviewed,authored,Complete target decode; is directly called by reviewed authored 0x00417870. IDA behavior review shows stage object allocation (target-ida-reviewed-middle-game-2026-09-17). Original owner and source unit remain unknown.
0x00419120,1317,0x00419644,FUN_00419120,,,unclassified,0.00,,,false,,Ghidra 12.1.3 auto-analysis candidate; boundary unreviewed,authored,Complete target decode; directly calls reviewed authored 0x0041AB70 and references shared game global 0x00491C10 (target-authored-neighbor-and-global-2026-09-17). Subsystem and source unit remain unknown.
0x00419650,571,0x0041988A,FUN_00419650,,,unclassified,0.00,,,false,,Ghidra 12.1.3 auto-analysis candidate; boundary unreviewed,authored,Complete target decode; directly calls reviewed authored 0x00419120. IDA behavior review shows stage object position relative to player state (target-ida-reviewed-game-behavior-2026-09-17). Original owner and source unit remain unknown.
0x004198A0,10,0x004198A9,FUN_004198a0,,,unclassified,0.00,,,false,,Ghidra 12.1.3 auto-analysis candidate; boundary unreviewed,,"origin indeterminate: call forwarder to 0x419650; IDA shows a short adapter, callback, forwarder, or outlined helper; original source declaration versus compiler-generated boundary remains unresolved (target-ida-origin-indeterminate-2026-09-18; reviewed target 0x004198A0, 10 bytes)."
0x004198C0,98,0x00419921,FUN_004198c0,,,unclassified,0.00,,,false,,Ghidra 12.1.3 auto-analysis candidate; boundary unreviewed,authored,Complete target decode; directly is called by reviewed authored 0x00419960. IDA behavior review shows game resource token lookup (target-ida-reviewed-game-component-2026-09-17). Original source unit and exact codegen remain unknown.
0x00419960,1498,0x00419F39,FUN_00419960,,,unclassified,0.00,,,false,,Ghidra 12.1.3 auto-analysis candidate; boundary unreviewed,authored,Complete target decode; directly calls reviewed authored 0x0044B360. IDA behavior review shows game-owned file and stage resource handling (target-ida-reviewed-game-behavior-2026-09-17). Original owner and source unit remain unknown.
0x00419F40,260,0x0041A043,FUN_00419f40,,,unclassified,0.00,,,false,,Ghidra 12.1.3 auto-analysis candidate; boundary unreviewed,authored,Complete target decode; directly is called by reviewed authored 0x00419960. IDA behavior review shows game hint-file line parsing (target-ida-reviewed-game-component-2026-09-17). Original source unit and exact codegen remain unknown.
0x0041A050,75,0x0041A09A,FUN_0041a050,,,unclassified,0.00,,,false,,Ghidra 12.1.3 auto-analysis candidate; boundary unreviewed,authored,Complete target decode; directly is called by reviewed authored 0x00419960. IDA behavior review shows game hint-file key and value split (target-ida-reviewed-game-component-2026-09-17). Original source unit and exact codegen remain unknown.
0x0041A0A0,114,0x0041A111,FUN_0041a0a0,,,unclassified,0.00,,,false,,Ghidra 12.1.3 auto-analysis candidate; boundary unreviewed,authored,Complete target decode; directly is called by reviewed authored 0x00419960. IDA behavior review shows game hint-file whitespace trim (target-ida-reviewed-game-component-2026-09-17). Original source unit and exact codegen remain unknown.
0x0041A120,220,0x0041A1FB,FUN_0041a120,,,unclassified,0.00,,,false,,Ghidra 12.1.3 auto-analysis candidate; boundary unreviewed,authored,Complete target decode; directly is called by reviewed authored 0x00424650. IDA behavior review shows game hint-file entry allocation (target-ida-reviewed-game-component-2026-09-17). Original source unit and exact codegen remain unknown.
0x0041A200,2247,0x0041AAC6,FUN_0041a200,,,unclassified,0.00,,,false,,Ghidra 12.1.3 auto-analysis candidate; boundary unreviewed,authored,Complete target decode; directly calls reviewed authored 0x0044B620. IDA behavior review shows game hint-file text generation (target-ida-reviewed-game-behavior-2026-09-17). Original owner and source unit remain unknown.
0x0041AB10,52,0x0041AB43,FUN_0041ab10,,,unclassified,0.00,,,false,,Ghidra 12.1.3 auto-analysis candidate; boundary unreviewed,authored,Complete target decode; directly is called by reviewed authored 0x00419960. IDA behavior review shows game object linked-list insertion (target-ida-reviewed-game-component-2026-09-17). Original source unit and exact codegen remain unknown.
0x0041AB70,136,0x0041ABF7,FUN_0041ab70,AnmVmView::StartScaleInterpolation,AnmManager,matching,100.00,internal EAX AnmVmView* + ECX final + EDX initial + stack duration/mode / RET 8,"void (const AnmFloat2View *, const AnmFloat2View *, int, unsigned char)",false,src/AnmManager.cpp,"Installs the initial/final two-component scale values, duration and interpolation mode, then resets the embedded interpolation timer.",authored,"Reviewed physical extent 0x0041AB70-0x0041ABF7 = 136 bytes. VM offsets +0x180..+0x1B8, argument roles and the inlined timer reset are direct target observations from this body and the ANM script executor caller. Canonical artifact_kind=linked-pe unit cold-built twice with pinned VC7.1 SP1 build6030 in the full ANM executor context; the complete 136-byte PDB extent and its g_AnmGameSpeed DIR32 field replay zero-difference."
0x0041AD60,34,0x0041AD81,FUN_0041ad60,,,unclassified,0.00,,,false,,Ghidra 12.1.3 auto-analysis candidate; boundary unreviewed,,"origin indeterminate: conditional object buffer release; IDA shows C++ object initialization or teardown; source-authored body versus compiler-generated lifecycle contribution remains unresolved (target-ida-origin-indeterminate-2026-09-18; reviewed target 0x0041AD60, 34 bytes)."
0x0041AD90,84,0x0041ADE3,FUN_0041ad90,,,unclassified,0.00,,,false,,Ghidra 12.1.3 auto-analysis candidate; boundary unreviewed,authored,Complete target decode; directly calls reviewed authored 0x00449AE0. IDA behavior review shows game scheduler registration (target-ida-reviewed-middle-game-2026-09-17). Original owner and source unit remain unknown.
0x0041ADF0,216,0x0041AEC7,FUN_0041adf0,,,unclassified,0.00,,,false,,Ghidra 12.1.3 auto-analysis candidate; boundary unreviewed,authored,Complete target decode; is directly called by reviewed authored 0x00417C80. IDA behavior review shows game object resource and synchronization cleanup (target-ida-reviewed-middle-game-2026-09-17). Original owner and source unit remain unknown.
0x0041AED0,185,0x0041AF88,FUN_0041aed0,,,unclassified,0.00,,,false,,Ghidra 12.1.3 auto-analysis candidate; boundary unreviewed,authored,Complete target decode; is directly called by reviewed authored 0x00417870. IDA behavior review shows game projectile pool allocation (target-ida-reviewed-middle-game-2026-09-17). Original owner and source unit remain unknown.
0x0041AFD0,2253,0x0041B89C,FUN_0041afd0,,,unclassified,0.00,,,false,,Ghidra 12.1.3 auto-analysis candidate; boundary unreviewed,authored,Complete target decode; directly calls reviewed authored 0x00426F70 and references shared game global 0x00492590 (target-authored-neighbor-and-global-2026-09-17). Subsystem and source unit remain unknown.
0x0041BA50,165,0x0041BAF4,FUN_0041ba50,,,unclassified,0.00,,,false,,Ghidra 12.1.3 auto-analysis candidate; boundary unreviewed,authored,"Complete target decode; calls reviewed authored 0x00448DB0 and references target .data address 0x004776F0, used by at least two earlier reviewed authored bodies and no excluded body (target-authored-data-and-edge-2026-09-17). Subsystem and source unit remain unknown."
0x0041BB00,793,0x0041BE18,FUN_0041bb00,,,unclassified,0.00,,,false,,Ghidra 12.1.3 auto-analysis candidate; boundary unreviewed,authored,"Complete target decode; reviewed authored 0x0040E5F0 directly calls this entry, which directly calls reviewed authored 0x00448DB0 (target-authored-call-sandwich-2026-09-17). Subsystem and source unit remain unknown."
0x0041BE80,46,0x0041BEAD,FUN_0041be80,,,unclassified,0.00,,,false,,Ghidra 12.1.3 auto-analysis candidate; boundary unreviewed,authored,Complete target decode; directly is called by reviewed authored 0x0041AFD0. IDA behavior review shows game score increment and cap (target-ida-reviewed-game-component-2026-09-17). Original source unit and exact codegen remain unknown.
0x0041BEB0,30,0x0041BECD,FUN_0041beb0,,,unclassified,0.00,,,false,,Ghidra 12.1.3 auto-analysis candidate; boundary unreviewed,authored,Complete target decode; directly is called by reviewed authored 0x0041AFD0. IDA behavior review shows game polar-to-Cartesian vector update (target-ida-reviewed-game-component-2026-09-17). Original source unit and exact codegen remain unknown.
0x0041C030,98,0x0041C091,FUN_0041c030,,,unclassified,0.00,,,false,,Ghidra 12.1.3 auto-analysis candidate; boundary unreviewed,,"origin indeterminate: base object initialization called by derived initializers; IDA shows C++ object initialization or teardown; source-authored body versus compiler-generated lifecycle contribution remains unresolved (target-ida-origin-indeterminate-2026-09-18; reviewed target 0x0041C030, 98 bytes)."
0x0041C120,146,0x0041C1B1,FUN_0041c120,,,unclassified,0.00,,,false,,Ghidra 12.1.3 auto-analysis candidate; boundary unreviewed,authored,"Complete target decode; directly calls reviewed authored 0x00447280 and references shared game globals 0x00491BE4, 0x00491C10 (target-authored-call-and-globals-2026-09-17). Subsystem and source unit remain unknown."
0x0041C1C0,195,0x0041C282,FUN_0041c1c0,,,unclassified,0.00,,,false,,Ghidra 12.1.3 auto-analysis candidate; boundary unreviewed,authored,Complete target decode; is directly called by reviewed authored 0x00417C80. IDA behavior review shows game object resource and synchronization cleanup (target-ida-reviewed-middle-game-2026-09-17). Original owner and source unit remain unknown.
0x0041C290,91,0x0041C2EA,FUN_0041c290,,,unclassified,0.00,,,false,,Ghidra 12.1.3 auto-analysis candidate; boundary unreviewed,authored,Complete target decode; directly calls reviewed authored 0x0041C120. IDA behavior review shows game object allocation (target-ida-reviewed-middle-game-2026-09-17). Original owner and source unit remain unknown.
0x0041C330,274,0x0041C441,FUN_0041c330,,,unclassified,0.00,,,false,,Ghidra 12.1.3 auto-analysis candidate; boundary unreviewed,,"origin indeterminate: object update routine without independently identified owner; IDA shows executable behavior, but target references do not establish whether this extent came from game source, a linked helper, or optimizer outlining (target-ida-origin-indeterminate-2026-09-18; reviewed target 0x0041C330, 274 bytes)."
0x0041C510,153,0x0041C5A8,FUN_0041c510,,,unclassified,0.00,,,false,,Ghidra 12.1.3 auto-analysis candidate; boundary unreviewed,authored,Complete target decode; is directly called by reviewed authored 0x0040E770. IDA behavior review shows game object event queue update (target-ida-reviewed-middle-game-2026-09-17). Original owner and source unit remain unknown.
0x0041C5B0,202,0x0041C679,FUN_0041c5b0,,,unclassified,0.00,,,false,,Ghidra 12.1.3 auto-analysis candidate; boundary unreviewed,,"origin indeterminate: derived object setup installs vtable 0x46DA60; IDA shows C++ object initialization or teardown; source-authored body versus compiler-generated lifecycle contribution remains unresolved (target-ida-origin-indeterminate-2026-09-18; reviewed target 0x0041C5B0, 202 bytes)."
0x0041C680,219,0x0041C75A,FUN_0041c680,,,unclassified,0.00,,,false,,Ghidra 12.1.3 auto-analysis candidate; boundary unreviewed,,"origin indeterminate: derived object setup installs vtable 0x46DA10; IDA shows C++ object initialization or teardown; source-authored body versus compiler-generated lifecycle contribution remains unresolved (target-ida-origin-indeterminate-2026-09-18; reviewed target 0x0041C680, 219 bytes)."
0x0041C7D0,44,0x0041C7FB,FUN_0041c7d0,,,unclassified,0.00,,,false,,Ghidra 12.1.3 auto-analysis candidate; boundary unreviewed,authored,Complete target decode; directly is called by reviewed authored 0x0040E770. IDA behavior review shows game object list flag propagation (target-ida-reviewed-game-component-2026-09-17). Original source unit and exact codegen remain unknown.
0x0041C800,76,0x0041C84B,FUN_0041c800,,,unclassified,0.00,,,false,,Ghidra 12.1.3 auto-analysis candidate; boundary unreviewed,authored,Complete target decode; is directly called by reviewed authored 0x0040E770. IDA behavior review shows game object state transfer (target-ida-reviewed-middle-game-2026-09-17). Original owner and source unit remain unknown.
0x0041C850,44,0x0041C87B,FUN_0041c850,,,unclassified,0.00,,,false,,Ghidra 12.1.3 auto-analysis candidate; boundary unreviewed,authored,Complete target decode; directly is called by reviewed authored 0x0040E770. IDA behavior review shows game object list event propagation (target-ida-reviewed-game-component-2026-09-17). Original source unit and exact codegen remain unknown.
0x0041CFD0,410,0x0041D169,FUN_0041cfd0,,,unclassified,0.00,,,false,,Ghidra 12.1.3 auto-analysis candidate; boundary unreviewed,authored,Complete target decode; directly calls reviewed authored 0x0044BC70 and references shared game global 0x00492590 (target-authored-neighbor-and-global-2026-09-17). Subsystem and source unit remain unknown.
0x0041D2C0,269,0x0041D3CC,FUN_0041d2c0,,,unclassified,0.00,,,false,,Ghidra 12.1.3 auto-analysis candidate; boundary unreviewed,,"origin indeterminate: virtual motion integration uses frame scale and atan2; IDA shows executable behavior, but target references do not establish whether this extent came from game source, a linked helper, or optimizer outlining (target-ida-origin-indeterminate-2026-09-18; reviewed target 0x0041D2C0, 269 bytes)."
0x0041D3D0,1001,0x0041D7B8,FUN_0041d3d0,,,unclassified,0.00,,,false,,Ghidra 12.1.3 auto-analysis candidate; boundary unreviewed,authored,Complete target decode; directly calls reviewed authored 0x0043EE30 and references shared game global 0x00492590 (target-authored-neighbor-and-global-2026-09-17). Subsystem and source unit remain unknown.
0x0041D7C0,173,0x0041D86C,FUN_0041d7c0,,,unclassified,0.00,,,false,,Ghidra 12.1.3 auto-analysis candidate; boundary unreviewed,authored,Complete target decode; directly calls reviewed authored 0x004451C0 and references shared game global 0x00491C10 (target-authored-neighbor-and-global-2026-09-17). Subsystem and source unit remain unknown.
0x0041D880,1269,0x0041DD74,FUN_0041d880,,,unclassified,0.00,,,false,,Ghidra 12.1.3 auto-analysis candidate; boundary unreviewed,authored,"Complete target decode; calls reviewed authored 0x00448DB0 and references target .data address 0x00477818, used by at least two earlier reviewed authored bodies and no excluded body (target-authored-data-and-edge-2026-09-17). Subsystem and source unit remain unknown."
0x0041DD80,1238,0x0041E255,FUN_0041dd80,,,unclassified,0.00,,,false,,Ghidra 12.1.3 auto-analysis candidate; boundary unreviewed,authored,Complete target decode; directly calls reviewed authored 0x0043E710 and references shared game global 0x00491C10 (target-authored-neighbor-and-global-2026-09-17). Subsystem and source unit remain unknown.
0x0041E260,609,0x0041E4C0,FUN_0041e260,,,unclassified,0.00,,,false,,Ghidra 12.1.3 auto-analysis candidate; boundary unreviewed,authored,Complete target decode; directly calls reviewed authored 0x0043E710 and references shared game global 0x00491C10 (target-authored-neighbor-and-global-2026-09-17). Subsystem and source unit remain unknown.
0x0041E4D0,226,0x0041E5B1,FUN_0041e4d0,,,unclassified,0.00,,,false,,Ghidra 12.1.3 auto-analysis candidate; boundary unreviewed,,"origin indeterminate: virtual rotated collision test uses sine and cosine; IDA shows executable behavior, but target references do not establish whether this extent came from game source, a linked helper, or optimizer outlining (target-ida-origin-indeterminate-2026-09-18; reviewed target 0x0041E4D0, 226 bytes)."
0x0041E700,816,0x0041EA2F,FUN_0041e700,,,unclassified,0.00,,,false,,Ghidra 12.1.3 auto-analysis candidate; boundary unreviewed,authored,Complete target decode; directly calls reviewed authored 0x0043EE30 and references shared game global 0x00492590 (target-authored-neighbor-and-global-2026-09-17). Subsystem and source unit remain unknown.
0x0041EB00,1171,0x0041EF92,FUN_0041eb00,,,unclassified,0.00,,,false,,Ghidra 12.1.3 auto-analysis candidate; boundary unreviewed,authored,"Complete target decode; calls reviewed authored 0x00448DB0 and references target .data address 0x00477818, used by at least two earlier reviewed authored bodies and no excluded body (target-authored-data-and-edge-2026-09-17). Subsystem and source unit remain unknown."
0x0041EFA0,1108,0x0041F3F3,FUN_0041efa0,,,unclassified,0.00,,,false,,Ghidra 12.1.3 auto-analysis candidate; boundary unreviewed,authored,Complete target decode; directly calls reviewed authored 0x0043E710 and references shared game global 0x00491C10 (target-authored-neighbor-and-global-2026-09-17). Subsystem and source unit remain unknown.
0x0041F400,623,0x0041F66E,FUN_0041f400,,,unclassified,0.00,,,false,,Ghidra 12.1.3 auto-analysis candidate; boundary unreviewed,authored,Complete target decode; directly calls reviewed authored 0x0043E710 and references shared game global 0x00491C10 (target-authored-neighbor-and-global-2026-09-17). Subsystem and source unit remain unknown.
0x0041F7A0,91,0x0041F7FA,FUN_0041f7a0,,,unclassified,0.00,,,false,,Ghidra 12.1.3 auto-analysis candidate; boundary unreviewed,authored,Complete target decode; is directly called by reviewed authored 0x0041D3D0. IDA behavior review shows playfield bounds test (target-ida-reviewed-middle-game-2026-09-17). Original owner and source unit remain unknown.
0x0041F800,30,0x0041F81D,FUN_0041f800,,,unclassified,0.00,,,false,,Ghidra 12.1.3 auto-analysis candidate; boundary unreviewed,authored,Complete target decode; directly is called by reviewed authored 0x0041CFD0. IDA behavior review shows game polar-to-Cartesian vector update (target-ida-reviewed-game-component-2026-09-17). Original source unit and exact codegen remain unknown.
0x0041F850,128,0x0041F8CF,FUN_0041f850,,,unclassified,0.00,,,false,,Ghidra 12.1.3 auto-analysis candidate; boundary unreviewed,,"origin indeterminate: object initialization installs vtable 0x4703E4; IDA shows C++ object initialization or teardown; source-authored body versus compiler-generated lifecycle contribution remains unresolved (target-ida-origin-indeterminate-2026-09-18; reviewed target 0x0041F850, 128 bytes)."
0x0041F8D0,82,0x0041F921,FUN_0041f8d0,,,unclassified,0.00,,,false,,Ghidra 12.1.3 auto-analysis candidate; boundary unreviewed,authored,Complete target decode; directly calls reviewed authored 0x00447280 and references shared game global 0x00491C10 (target-authored-neighbor-and-global-2026-09-17). Subsystem and source unit remain unknown.
0x0041F930,91,0x0041F98A,FUN_0041f930,,,unclassified,0.00,,,false,,Ghidra 12.1.3 auto-analysis candidate; boundary unreviewed,authored,Complete target decode; directly calls reviewed authored 0x00447810 and references shared game global 0x00491C10 (target-authored-neighbor-and-global-2026-09-17). Subsystem and source unit remain unknown.
0x0041F990,299,0x0041FABA,raw_0041F990,Supervisor::StartupThread,,unclassified,0.00,thread-start body / plain RET,,false,,Direct target body is CC-delimited; 0x0041FAC0 stores its address at object +0x28 and passes it to _beginthreadex with the same object as the thread argument; the body performs broad startup initialization including text/animation and BGM resources,authored,"New denominator candidate missed by Ghidra. Extent 0x0041F990-0x0041FABA begins after 0x0041F98B-0x0041F98F CC padding and ends at RET; 0x0041FABB-0x0041FABF is CC padding before 0x0041FAC0. The body loads sig.anm and text.anm, reports text-initialization failure, loads ../../bgm/thbgm.fmt, checks thbgm.dat, and reports BGM initialization failure. 0x0041FD00 allocates a 0x3F0-byte object and uniquely calls the 0x0041FAC0 thread launcher, but that allocation size is not used to infer an original type. The target body returns with plain RET despite being passed to _beginthreadex, so the source-level callback convention remains unresolved. Supervisor::StartupThread is an adjacent-supported proposed name based on corresponding TH08/TH09/TH095 startup source; original identifier/object type, source mapping, physical COFF/LTCG ownership, and exactness remain unknown."
0x0041FAC0,140,0x0041FB4B,FUN_0041fac0,,,unclassified,0.00,,,false,,Ghidra 12.1.3 auto-analysis candidate; boundary unreviewed,authored,Complete target decode; directly calls reviewed authored 0x00449AE0. IDA behavior review shows game scheduler registration (target-ida-reviewed-middle-game-2026-09-17). Original owner and source unit remain unknown.
0x0041FB50,417,0x0041FCF0,FUN_0041fb50,,,unclassified,0.00,,,false,,Ghidra 12.1.3 auto-analysis candidate; boundary unreviewed,authored,"Complete target decode; directly calls reviewed authored 0x00401260 and references shared game globals 0x00491BE4, 0x00491C10 (target-authored-call-and-globals-2026-09-17). Subsystem and source unit remain unknown."
0x0041FD00,69,0x0041FD44,FUN_0041fd00,,,unclassified,0.00,,,false,,Ghidra 12.1.3 auto-analysis candidate; boundary unreviewed,authored,Complete target decode; directly calls reviewed authored 0x0041FB50. IDA behavior review shows game object allocation (target-ida-reviewed-middle-game-2026-09-17). Original owner and source unit remain unknown.
0x0041FDD0,220,0x0041FEAB,FUN_0041fdd0,,,unclassified,0.00,,,false,,Ghidra 12.1.3 auto-analysis candidate; boundary unreviewed,authored,Complete target decode; directly calls reviewed authored 0x004489D0 and references shared game global 0x00491C10 (target-authored-neighbor-and-global-2026-09-17). Subsystem and source unit remain unknown.
0x0041FF80,113,0x0041FFF0,FUN_0041ff80,,,unclassified,0.00,,,false,,Ghidra 12.1.3 auto-analysis candidate; boundary unreviewed,authored,"Complete target decode; directly calls reviewed authored 0x00447700 and references shared game globals 0x00491C10, 0x00491FB8 (target-authored-call-and-globals-2026-09-17). Subsystem and source unit remain unknown."
0x00420100,174,0x004201AD,FUN_00420100,,,unclassified,0.00,,,false,,Ghidra 12.1.3 auto-analysis candidate; boundary unreviewed,authored,"Complete target decode; calls reviewed authored 0x00434C30 and references target .data address 0x00474F70, used by at least two earlier reviewed authored bodies and no excluded body (target-authored-data-and-edge-2026-09-17). Subsystem and source unit remain unknown."
0x004201B0,186,0x00420269,raw_004201B0,,,unclassified,0.00,,,false,,target-ida-missed-pointer-boundary-2026-09-17,authored,Complete target dense decode ends in RET; independent mov pointer at 0x004204B7; hash-attested IDA contiguous extent agrees; no tracked overlap. Authored versus compiler/library origin remains under review. Complete target decode; directly calls reviewed authored 0x00413350. IDA behavior review shows game initialization and input-thread setup (target-ida-game-input-chain-2026-09-17). Source unit and exact codegen remain unknown.
0x00420270,293,0x00420394,FUN_00420270,,,unclassified,0.00,,,false,,Ghidra 12.1.3 auto-analysis candidate; boundary unreviewed,authored,"Complete target decode; directly calls reviewed authored 0x00434D10 and references shared game globals 0x00491C10, 0x00492590 (target-authored-call-and-globals-2026-09-17). Subsystem and source unit remain unknown."
0x004203C0,48,0x004203EF,FUN_004203c0,,,unclassified,0.00,,,false,,Ghidra 12.1.3 auto-analysis candidate; boundary unreviewed,authored,Complete target decode; directly is called by reviewed authored 0x00420270. IDA behavior review shows game MIDI timer cleanup (target-ida-reviewed-game-component-2026-09-17). Original source unit and exact codegen remain unknown.
0x004203F0,128,0x0042046F,FUN_004203f0,,,unclassified,0.00,,,false,,Ghidra 12.1.3 auto-analysis candidate; boundary unreviewed,authored,"Complete target decode; calls reviewed authored 0x004294A0 and references target .data address 0x00477810, used by at least two earlier reviewed authored bodies and no excluded body (target-authored-data-and-edge-2026-09-17). Subsystem and source unit remain unknown."
0x00420470,204,0x0042053B,FUN_00420470,,,unclassified,0.00,,,false,,Ghidra 12.1.3 auto-analysis candidate; boundary unreviewed,authored,Complete target decode; is directly called by reviewed authored 0x00438AD0 and references shared game global 0x00491BE4 (target-authored-neighbor-and-global-2026-09-17). Subsystem and source unit remain unknown.
0x00420670,504,0x00420867,FUN_00420670,,,unclassified,0.00,,,false,,Ghidra 12.1.3 auto-analysis candidate; boundary unreviewed,authored,"Complete target decode; is called by reviewed authored 0x004391F0 and references target .data address 0x00474F70, used by at least two earlier reviewed authored bodies and no excluded body (target-authored-data-and-edge-2026-09-17). Subsystem and source unit remain unknown."
0x00420870,534,0x00420A85,FUN_00420870,,,unclassified,0.00,,,false,,Ghidra 12.1.3 auto-analysis candidate; boundary unreviewed,authored,"Complete target decode; directly calls reviewed authored 0x0044B360 and references shared game globals 0x00491D65, 0x00491D66 (target-authored-call-and-globals-2026-09-17). Subsystem and source unit remain unknown."
0x00420A90,120,0x00420B07,FUN_00420a90,,,unclassified,0.00,,,false,,Ghidra 12.1.3 auto-analysis candidate; boundary unreviewed,authored,Complete target decode; is directly called by reviewed authored 0x0040BD80. IDA behavior review shows game resource filename transformation (target-ida-reviewed-late-game-2026-09-17). Original owner and source unit remain unknown.
0x00420B10,73,0x00420B58,FUN_00420b10,,,unclassified,0.00,,,false,,Ghidra 12.1.3 auto-analysis candidate; boundary unreviewed,authored,Complete target decode; is directly called by reviewed authored 0x0040BD80. IDA behavior review shows game sound and stage state transition (target-ida-reviewed-late-game-2026-09-17). Original owner and source unit remain unknown.
0x00420C00,41,0x00420C28,FUN_00420c00,,,unclassified,0.00,,,false,,Ghidra 12.1.3 auto-analysis candidate; boundary unreviewed,authored,Complete target decode; directly is called by reviewed authored 0x00417870. IDA behavior review shows game dummy sound-cue setup (target-ida-reviewed-game-component-2026-09-17). Original source unit and exact codegen remain unknown.
0x00420C30,84,0x00420C83,FUN_00420c30,,,unclassified,0.00,,,false,,Ghidra 12.1.3 auto-analysis candidate; boundary unreviewed,authored,Complete target decode; is directly called by reviewed authored 0x004315C0 and references shared game global 0x00492590 (target-authored-neighbor-and-global-2026-09-17). Subsystem and source unit remain unknown.
0x00420CD0,53,0x00420D04,FUN_00420cd0,,,unclassified,0.00,,,false,,Ghidra 12.1.3 auto-analysis candidate; boundary unreviewed,authored,Complete target decode; directly calls reviewed authored 0x00442F50 and references shared game global 0x00491C10 (target-authored-neighbor-and-global-2026-09-17). Subsystem and source unit remain unknown.
0x00420DD0,205,0x00420E9C,FUN_00420dd0,,,unclassified,0.00,,,false,,Ghidra 12.1.3 auto-analysis candidate; boundary unreviewed,,"origin indeterminate: game debug/version string parser with no IDA entry xref; IDA shows executable behavior, but target references do not establish whether this extent came from game source, a linked helper, or optimizer outlining (target-ida-origin-indeterminate-2026-09-18; reviewed target 0x00420DD0, 205 bytes)."
0x00420EA0,118,0x00420F15,FUN_00420ea0,,,unclassified,0.00,,,false,,Ghidra 12.1.3 auto-analysis candidate; boundary unreviewed,authored,Complete target decode; directly calls reviewed authored 0x0044C150. IDA behavior review shows game worker-thread launch under lock (target-ida-reviewed-game-component-2026-09-17). Original source unit and exact codegen remain unknown.
0x00421070,268,0x0042117B,FUN_00421070,,,unclassified,0.00,,,false,,Ghidra 12.1.3 auto-analysis candidate; boundary unreviewed,authored,Complete target decode; directly calls reviewed authored 0x004491C0 and references shared game global 0x00491C10 (target-authored-neighbor-and-global-2026-09-17). Subsystem and source unit remain unknown.
0x00421300,269,0x0042140C,FUN_00421300,,,unclassified,0.00,,,false,,Ghidra 12.1.3 auto-analysis candidate; boundary unreviewed,authored,Complete target decode; directly calls reviewed authored 0x004491C0 and references shared game global 0x00491C10 (target-authored-neighbor-and-global-2026-09-17). Subsystem and source unit remain unknown.
0x00421480,287,0x0042159E,FUN_00421480,,,unclassified,0.00,,,false,,Ghidra 12.1.3 auto-analysis candidate; boundary unreviewed,authored,"Complete target decode; directly calls reviewed authored 0x00442F50 and references shared game globals 0x00491C10, 0x00491C30 (target-authored-call-and-globals-2026-09-17). Subsystem and source unit remain unknown."
0x004215A0,330,0x004216E9,FUN_004215a0,,,unclassified,0.00,,,false,,Ghidra 12.1.3 auto-analysis candidate; boundary unreviewed,authored,"Complete target decode; directly calls reviewed authored 0x00442F50 and references shared game globals 0x00491C10, 0x00491C30 (target-authored-call-and-globals-2026-09-17). Subsystem and source unit remain unknown."
0x004216F0,465,0x004218C0,FUN_004216f0,,,unclassified,0.00,,,false,,Ghidra 12.1.3 auto-analysis candidate; boundary unreviewed,authored,Complete target decode; directly is called by reviewed authored 0x004201B0. IDA behavior review shows game global scene-state initialization (target-ida-reviewed-game-component-2026-09-17). Original source unit and exact codegen remain unknown.
0x004218D0,572,0x00421B0B,FUN_004218d0,,,unclassified,0.00,,,false,,Ghidra 12.1.3 auto-analysis candidate; boundary unreviewed,authored,Complete target decode; directly calls reviewed authored 0x004203F0. IDA behavior review shows game stage state update (target-ida-reviewed-late-game-2026-09-17). Original owner and source unit remain unknown.
0x00421B90,77,0x00421BDC,FUN_00421b90,,,unclassified,0.00,,,false,,Ghidra 12.1.3 auto-analysis candidate; boundary unreviewed,,"origin indeterminate: three-vector floating-point calculation with no IDA entry xref; IDA shows executable behavior, but target references do not establish whether this extent came from game source, a linked helper, or optimizer outlining (target-ida-origin-indeterminate-2026-09-18; reviewed target 0x00421B90, 77 bytes)."
0x00421C50,25,0x00421C68,FUN_00421c50,,,unclassified,0.00,,,false,,Ghidra 12.1.3 auto-analysis candidate; boundary unreviewed,authored,Complete target decode; directly is called by reviewed authored 0x004218D0. IDA behavior review shows game input critical-section release (target-ida-reviewed-game-component-2026-09-17). Original source unit and exact codegen remain unknown.
0x00421D20,21,0x00421D34,FUN_00421d20,,,unclassified,0.00,,,false,,Ghidra 12.1.3 auto-analysis candidate; boundary unreviewed,authored,Complete target decode; directly is called by reviewed authored 0x0043B8D0. IDA behavior review shows game DirectInput COM release (target-ida-reviewed-game-component-2026-09-17). Original source unit and exact codegen remain unknown.
0x00421E00,225,0x00421EE0,FUN_00421e00,,,unclassified,0.00,,,false,,Ghidra 12.1.3 auto-analysis candidate; boundary unreviewed,authored,Complete target decode; is directly called by reviewed authored 0x0041FF80. IDA behavior review shows game object cleanup (target-ida-reviewed-late-game-2026-09-17). Original owner and source unit remain unknown.
0x00421F00,71,0x00421F46,FUN_00421f00,,,unclassified,0.00,,,false,,Ghidra 12.1.3 auto-analysis candidate; boundary unreviewed,,"origin indeterminate: object field initialization and nested constructor call; IDA shows C++ object initialization or teardown; source-authored body versus compiler-generated lifecycle contribution remains unresolved (target-ida-origin-indeterminate-2026-09-18; reviewed target 0x00421F00, 71 bytes)."
0x00421F60,28,0x00421F7B,FUN_00421f60,,,unclassified,0.00,,,false,,Ghidra 12.1.3 auto-analysis candidate; boundary unreviewed,authored,Complete target decode; directly is called by reviewed authored 0x004236F0. IDA behavior review shows game stage parameter state transfer (target-ida-reviewed-game-component-2026-09-17). Original source unit and exact codegen remain unknown.
0x00421FA0,316,0x004220DB,FUN_00421fa0,,,unclassified,0.00,,,false,,Ghidra 12.1.3 auto-analysis candidate; boundary unreviewed,authored,Complete target decode; is directly called by reviewed authored 0x00432CB0. IDA behavior review shows score and stage-indexed state update (target-ida-reviewed-game-behavior-2026-09-17). Original owner and source unit remain unknown.
0x004220E0,101,0x00422144,FUN_004220e0,,,unclassified,0.00,,,false,,Ghidra 12.1.3 auto-analysis candidate; boundary unreviewed,,"origin indeterminate: object flags and fields initialized before game use; IDA shows C++ object initialization or teardown; source-authored body versus compiler-generated lifecycle contribution remains unresolved (target-ida-origin-indeterminate-2026-09-18; reviewed target 0x004220E0, 101 bytes)."
0x00422150,142,0x004221DD,FUN_00422150,,,unclassified,0.00,,,false,,Ghidra 12.1.3 auto-analysis candidate; boundary unreviewed,authored,Complete target decode; directly calls reviewed authored 0x00449AE0. IDA behavior review shows game scheduler registration (target-ida-reviewed-late-game-2026-09-17). Original owner and source unit remain unknown.
0x00422220,311,0x00422356,FUN_00422220,,,unclassified,0.00,,,false,,Ghidra 12.1.3 auto-analysis candidate; boundary unreviewed,authored,"Complete target decode; directly calls reviewed authored 0x004294A0 and references shared game globals 0x00491BE4, 0x00491C10 (target-authored-call-and-globals-2026-09-17). Subsystem and source unit remain unknown."
0x00422360,67,0x004223A2,FUN_00422360,,,unclassified,0.00,,,false,,Ghidra 12.1.3 auto-analysis candidate; boundary unreviewed,authored,Complete target decode; directly calls reviewed authored 0x00422220. IDA behavior review shows game controller allocation (target-ida-reviewed-late-game-2026-09-17). Original owner and source unit remain unknown.
0x004223F0,179,0x004224A2,FUN_004223f0,,,unclassified,0.00,,,false,,Ghidra 12.1.3 auto-analysis candidate; boundary unreviewed,authored,Complete target decode; directly calls reviewed authored 0x00422AB0. IDA behavior review shows game controller state dispatch (target-ida-reviewed-late-game-2026-09-17). Original owner and source unit remain unknown.
0x004224C0,404,0x00422653,FUN_004224c0,,,unclassified,0.00,,,false,,Ghidra 12.1.3 auto-analysis candidate; boundary unreviewed,authored,"Complete target decode; calls reviewed authored 0x00401630 and references target .data address 0x004776E0, used by at least two earlier reviewed authored bodies and no excluded body (target-authored-data-and-edge-2026-09-17). Subsystem and source unit remain unknown."
0x00422660,1035,0x00422A6A,FUN_00422660,,,unclassified,0.00,,,false,,Ghidra 12.1.3 auto-analysis candidate; boundary unreviewed,authored,"Complete target decode; calls reviewed authored 0x00401630 and references target .data address 0x00474C68, used by at least two earlier reviewed authored bodies and no excluded body (target-authored-data-and-edge-2026-09-17). Subsystem and source unit remain unknown."
0x00422A90,10,0x00422A99,FUN_00422a90,,,unclassified,0.00,,,false,,Ghidra 12.1.3 auto-analysis candidate; boundary unreviewed,,"origin indeterminate: call forwarder to 0x4223F0; IDA shows a short adapter, callback, forwarder, or outlined helper; original source declaration versus compiler-generated boundary remains unresolved (target-ida-origin-indeterminate-2026-09-18; reviewed target 0x00422A90, 10 bytes)."
0x00422AB0,382,0x00422C2D,FUN_00422ab0,,,unclassified,0.00,,,false,,Ghidra 12.1.3 auto-analysis candidate; boundary unreviewed,authored,"Complete target decode; directly calls reviewed authored 0x00448AC0 and references shared game globals 0x00491C10, 0x00492590 (target-authored-call-and-globals-2026-09-17). Subsystem and source unit remain unknown."
0x00422C30,74,0x00422C79,FUN_00422c30,,,unclassified,0.00,,,false,,Ghidra 12.1.3 auto-analysis candidate; boundary unreviewed,authored,"Complete target decode; directly calls reviewed authored 0x004492A0 and references shared game globals 0x00491C10, 0x00492590 (target-authored-call-and-globals-2026-09-17). Subsystem and source unit remain unknown."
0x00422C80,1338,0x004231B9,FUN_00422c80,,,unclassified,0.00,,,false,,Ghidra 12.1.3 auto-analysis candidate; boundary unreviewed,authored,Complete target decode; directly calls reviewed authored 0x00409E50. IDA behavior review shows stage controller state dispatch (target-ida-reviewed-game-behavior-2026-09-17). Original owner and source unit remain unknown.
0x004231D0,411,0x0042336A,FUN_004231d0,,,unclassified,0.00,,,false,,Ghidra 12.1.3 auto-analysis candidate; boundary unreviewed,authored,"Complete target decode; directly calls reviewed authored 0x00448AC0 and references shared game globals 0x00491C10, 0x00491D78 (target-authored-call-and-globals-2026-09-17). Subsystem and source unit remain unknown."
0x00423370,411,0x0042350A,FUN_00423370,,,unclassified,0.00,,,false,,Ghidra 12.1.3 auto-analysis candidate; boundary unreviewed,authored,"Complete target decode; directly calls reviewed authored 0x00448AC0 and references shared game globals 0x00491C10, 0x00491D78 (target-authored-call-and-globals-2026-09-17). Subsystem and source unit remain unknown."
0x00423510,89,0x00423568,FUN_00423510,,,unclassified,0.00,,,false,,Ghidra 12.1.3 auto-analysis candidate; boundary unreviewed,authored,Complete target decode; directly calls reviewed authored 0x00409E50. IDA behavior review shows stage state transition (target-ida-reviewed-late-game-2026-09-17). Original owner and source unit remain unknown.
0x00423570,377,0x004236E8,FUN_00423570,,,unclassified,0.00,,,false,,Ghidra 12.1.3 auto-analysis candidate; boundary unreviewed,authored,Complete target decode; is directly called by reviewed authored 0x004236F0. IDA behavior review shows stage transition using game difficulty globals (target-ida-reviewed-game-behavior-2026-09-17). Original owner and source unit remain unknown.
0x004236F0,3227,0x0042438A,FUN_004236f0,,,unclassified,0.00,,,false,,Ghidra 12.1.3 auto-analysis candidate; boundary unreviewed,authored,"Complete target decode; directly calls reviewed authored 0x004294A0 and references shared game globals 0x00491C28, 0x00491FB8 (target-authored-call-and-globals-2026-09-17). Subsystem and source unit remain unknown."
0x004243F0,65,0x00424430,FUN_004243f0,,,unclassified,0.00,,,false,,Ghidra 12.1.3 auto-analysis candidate; boundary unreviewed,authored,Complete target decode; directly calls reviewed authored 0x004491C0 and references shared game global 0x00491C10 (target-authored-neighbor-and-global-2026-09-17). Subsystem and source unit remain unknown.
0x00424480,162,0x00424521,FUN_00424480,,,unclassified,0.00,,,false,,Ghidra 12.1.3 auto-analysis candidate; boundary unreviewed,authored,Complete target decode; directly calls reviewed authored 0x004491C0 and references shared game global 0x00491C10 (target-authored-neighbor-and-global-2026-09-17). Subsystem and source unit remain unknown.
0x00424650,104,0x004246B7,FUN_00424650,,,unclassified,0.00,,,false,,Ghidra 12.1.3 auto-analysis candidate; boundary unreviewed,authored,Complete target decode; is directly called by reviewed authored 0x004269D0. IDA behavior review shows difficulty-indexed game resource access (target-ida-reviewed-late-game-2026-09-17). Original owner and source unit remain unknown.
0x004246C0,244,0x004247B3,FUN_004246c0,Player::Player,Player,unclassified,0.00,internal ESI Player* / RET,,false,src/Player.cpp,"The sole factory caller loads the freshly allocated 0x4478-byte object into ESI before this body. Automatic constructor-visible subobjects clear their bit-zero flags, the containing Player body then zeroes exactly 0x111E dwords, publishes g_Player, returns the same object in EAX, and ends in RET.",authored,"Reviewed physical extent 0x004246C0-0x004247B3 = 244 bytes, followed by CC padding through 0x004247BF. TH10-local field/count evidence explains the target constructor loops as natural C++ subobject construction before the containing memset: three Player timers, 128 0x5C shot rows, four 0x98 option rows, 33 0x6C effect rows, highlight timer, and draw-VM constructor state. Pinned VC7.1 fixed normal emits a true 186-byte Player::Player section while /GL compiles; a 244-byte target diagnostic mismatches at 27/236 comparable bytes with 2 relocations and acceptance_authority=none. Fixed normal keeps the draw-VM constructor as a call whereas target optimizer context inlines it. Exactness and original TU remain unknown."
0x004247C0,7,0x004247C6,raw_004247C0,,Player,unclassified,0.00,ECX object / RET,,false,,CC-delimited seven-byte body returns ECX and clears bit zero at object +0x10.,,"New denominator candidate missed by Ghidra. Pinned VC7.1 naturally emits an identical 7-byte PlayerTimerView constructor and the target-bound diagnostic is 7/7 comparable bytes with zero relocations, but no target xref or raw absolute VA reference establishes the original class/source owner. Identical constructor shape may be shared by nested timer-bearing Player rows. Remain unknown/review with no exactness credit. origin indeterminate: seven-byte Player-related field initialization; IDA shows C++ object initialization or teardown; source-authored body versus compiler-generated lifecycle contribution remains unresolved (target-ida-origin-indeterminate-2026-09-18; reviewed target 0x004247C0, 7 bytes)."
0x004247D0,10,0x004247D9,raw_004247D0,,Player,unclassified,0.00,ECX object / RET,,false,,CC-delimited ten-byte body returns ECX and clears bit zero at object +0x80; the reviewed Player constructor performs the same operation across four 0x98-byte option rows.,,"New denominator candidate missed by Ghidra. Pinned VC7.1 PlayerOptionRuntime constructor is byte-identical across 10/10 comparable bytes with zero relocations and acceptance_authority=none. No target xref/raw VA reference proves explicit versus implicit constructor source or physical compiler profile; remain unknown/review. origin indeterminate: ten-byte Player-related field initialization; IDA shows C++ object initialization or teardown; source-authored body versus compiler-generated lifecycle contribution remains unresolved (target-ida-origin-indeterminate-2026-09-18; reviewed target 0x004247D0, 10 bytes)."
0x004247E0,7,0x004247E6,raw_004247E0,,Player,unclassified,0.00,ECX object / RET,,false,,"CC-delimited seven-byte body returns ECX and clears bit zero at object +0x54; the reviewed Player constructor performs the same operation across 33 0x6C effect rows, where +0x54 is the nested timer flags field.",,"New denominator candidate missed by Ghidra. Pinned VC7.1 maintained effect-row constructor is byte-identical across 7/7 comparable bytes with zero relocations and acceptance_authority=none. Original explicit/implicit constructor source and physical compiler owner remain unproven; remain unknown/review. origin indeterminate: seven-byte Player-related field initialization; IDA shows C++ object initialization or teardown; source-authored body versus compiler-generated lifecycle contribution remains unresolved (target-ida-origin-indeterminate-2026-09-18; reviewed target 0x004247E0, 7 bytes)."
0x004247F0,1435,0x00424D8A,FUN_004247f0,PlayerInitialize,Player,unclassified,0.00,internal EBX Player* / RET,int (Player *),false,src/Player.cpp,"The sole observed caller at 0x00425041 places the newly constructed 0x4478-byte Player in EBX immediately before this call. The body consistently addresses Player through EBX, loads character-specific animation and shot data, registers the update/draw callback nodes, initializes the embedded draw VM, movement speeds, position history, extents, derived vectors and timer-shaped records, invokes RebuildPlayerOptions, and returns 0 on success or -1 on resource/data-load failure.",authored,"Reviewed physical extent 0x004247F0-0x00424D8A = 1435 bytes. Ghidra reports 1428 reachable bytes because 0x00424939-0x0042493F is a retained seven-byte LEA ESP,[ESP] alignment sled jumped over from 0x00424937. The function is followed by 0x00424D8B-0x00424D8F CC padding before the independent 0x00424D90 candidate. The caller allocates 0x4478 bytes and 0x004246C0 clears exactly 0x111E dwords, independently establishing the Player object extent; the embedded VM reset clears exactly 0xEB dwords from Player +0x14, establishing 0x3AC bytes of VM storage. Original declaration/TU and optimizer-owned EBX ABI remain unproven. Fixed normal /Gy emits a true 0x474 = 1140-byte PlayerInitialize COMDAT and the 1435-byte relocation-aware diagnostic mismatches at 133/1251 comparable bytes with 46 relocations and acceptance_authority=none. /GL compilation succeeds; exactness remains unknown."
0x00424D90,273,0x00424EA0,FUN_00424d90,PlayerResetRuntimeState,Player,unclassified,0.00,internal ESI Player* / tail JMP,,false,src/Player.cpp,"All three observed callers establish ESI as g_Player before the call. The body sets runtime state 1, initializes/resets all three Player timers, marks and clears the mode VM id, then tail-jumps into the reviewed VM-group state helper using two globals.",authored,Reviewed physical extent 0x00424D90-0x00424EA0 = 273 bytes. The final instruction is a tail JMP at 0x00424E9C-0x00424EA0 and is followed by CC padding through 0x00424EAF. Pinned VC7.1 fixed normal emits a true 274-byte PlayerResetRuntimeState section and /GL compiles; the target diagnostic mismatches at 28/253 comparable bytes with 5 relocations and acceptance_authority=none. The one-byte size proximity does not establish normal-COFF ownership because the target uses a private live-in ESI ABI and different optimizer scheduling.
0x00424EB0,3,0x00424EB2,raw_00424EB0,,,unclassified,0.00,,,false,,"CC-delimited body consists only of xor eax,eax; ret.",,"New denominator candidate missed by Ghidra. It lies inside the Player lifecycle code corridor but has no observed target xref or raw absolute VA reference. A zero-return stub is insufficient to infer callback role, subsystem ownership, authorship, or compiler origin; remain unknown/review. origin indeterminate: three-byte zero-return stub without IDA entry xref; the physical target extent is reviewed, but IDA lacks an independent entry anchor or usable function body for source attribution (target-ida-origin-indeterminate-2026-09-18; reviewed target 0x00424EB0, 3 bytes)."
0x00424EC0,3,0x00424EC2,raw_00424EC0,,,unclassified,0.00,,,false,,"CC-delimited body consists only of xor eax,eax; ret.",,"New denominator candidate missed by Ghidra. It lies inside the Player lifecycle code corridor but has no observed target xref or raw absolute VA reference. A zero-return stub is insufficient to infer callback role, subsystem ownership, authorship, or compiler origin; remain unknown/review. origin indeterminate: three-byte zero-return stub without IDA entry xref; the physical target extent is reviewed, but IDA lacks an independent entry anchor or usable function body for source attribution (target-ida-origin-indeterminate-2026-09-18; reviewed target 0x00424EC0, 3 bytes)."
0x00424ED0,325,0x00425014,FUN_00424ed0,Player::~Player,Player,unclassified,0.00,1 stack Player* / RET 4,,false,src/Player.cpp,"The body loads its sole original stack Player pointer after an MSVC SEH prologue, removes the update/draw callback nodes under the callback-manager critical section, clears g_Player, transfers or frees Player resource/option ownership according to the lifecycle flag, releases the animation-owner cache when required, frees draw-VM ownedData358, restores SEH state, and returns with RET 4.",authored,"Reviewed physical extent 0x00424ED0-0x00425014 = 325 bytes, followed by CC padding through 0x0042501F. Target Player +0x36C is draw-VM relative +0x358 and is an owned pointer freed and nulled here. Pinned VC7.1 fixed normal maintained source emits a true 266-byte destructor section plus a separate 30-byte scalar deleting-destructor helper; /GL compiles. The 325-byte target diagnostic mismatches at 17/213 comparable bytes with 28 relocations and acceptance_authority=none. Target SEH/synchronization source abstraction and optimizer-owned stack ABI remain unresolved, so exactness is unknown."
0x00425020,69,0x00425064,FUN_00425020,PlayerCreate,Player,unclassified,0.00,no args / RET,Player *(),false,src/Player.cpp,"The body allocates exactly 0x4478 bytes, invokes the reviewed Player constructor on the allocation, invokes PlayerInitialize, destroys/frees the object and returns NULL on initialization failure, otherwise returns the Player pointer.",authored,"Reviewed physical extent 0x00425020-0x00425064 = 69 bytes, followed by CC padding through 0x0042506F. Pinned VC7.1 fixed normal natural new/initialize/delete source emits a true 72-byte PlayerCreate section and /GL compiles; the target diagnostic mismatches at 12/49 comparable bytes with 5 relocations and acceptance_authority=none. The target optimizer passes constructor/initializer ownership through ESI/EBX rather than the standalone ordinary C++ ABI. Exactness remains unknown."
0x00425070,27,0x0042508A,raw_00425070,,Player,unclassified,0.00,internal ESI Player* + stack flags / RET 4,,false,,"CC-delimited 27-byte body calls the reviewed Player destructor, tests deleting flag bit zero, conditionally frees the object, returns the original ESI Player pointer, and ends in RET 4.",compiler,New denominator candidate missed by Ghidra. Its opcode/control-flow template is identical to the already reviewed 27-byte Replay scalar deleting destructor at 0x004296D0 apart from the destructor call target. Pinned VC7.1 maintained Player source automatically emits ??_GPlayer@@QAEPAXI@Z as a separate 30-byte normal section. Classified compiler-generated/excluded; optimizer/private-this differences prevent exactness credit.
0x00425090,18,0x004250A1,raw_00425090,,Player,unclassified,0.00,internal ESI Player* / RET,,false,,"CC-delimited body tests live-in ESI, calls the reviewed Player destructor and frees the object when non-null, then returns.",,"New denominator candidate missed by Ghidra. No direct target xref or raw absolute VA reference was observed. The shape is compatible with a compiler EH cleanup funclet or with a retained source helper, and TH10 evidence does not distinguish them; remain unknown/review. origin indeterminate: conditional Player-region free sequence; IDA shows C++ object initialization or teardown; source-authored body versus compiler-generated lifecycle contribution remains unresolved (target-ida-origin-indeterminate-2026-09-18; reviewed target 0x00425090, 18 bytes)."
0x004250B0,1591,0x004256E6,FUN_004250b0,PlayerUpdateMovementAndOptions,Player,unclassified,0.00,internal EDI Player* / RET,int (Player *),false,src/Player.cpp,"The sole observed caller at 0x00425A8C loads EDI with its Player owner immediately before this call; the body consistently addresses Player fields through EDI and returns zero with plain RET. It decodes movement direction from input bits, selects mode0/mode1 axis and diagonal speeds through two eight-entry switches, updates fixed/draw positions and mode VM state, maintains replay history, dispatches each active option +0x90 callback, interpolates option pair +0x3C toward pair +0x34, and updates primary/secondary option VM positions.",authored,"Reviewed physical extent 0x004250B0-0x004256E6 = 1591 bytes. Ghidra reports 1588 reachable bytes because 0x0042558D-0x0042558F is a retained unreachable three-byte LEA alignment sled. The body is followed by 0x004256E7 NOP, an eight-entry mode-1 switch table at 0x004256E8-0x00425707, an eight-entry mode-0 table at 0x00425708-0x00425727, and CC padding through 0x0042572F before the separate 0x00425730 candidate. Both target tables map direction values 1-8 to physical case-block order 4, 3, 1, 2, 5, 7, 6, 8. Bespoke Player movement/option behavior establishes authored-game origin, but original declaration/TU and optimizer-owned EDI ABI/table ownership remain unproven. Pinned VC7.1 SP1 fixed normal /Gy emits a true 0x604 = 1540-byte COMDAT: 1476 bytes of code plus two 32-byte relocated switch tables. The target body plus one-byte NOP and two tables is 1656 bytes. A caller-window 1591-byte relocation-aware diagnostic mismatches at 101/1415 comparable bytes with 44 reported object relocations and acceptance_authority=none. /GL compilation succeeds; exactness remains unknown."
0x00425730,3089,0x00426340,FUN_00425730,PlayerUpdateCallbackBody,Player,unclassified,0.00,1 stack Player* / RET 4,int (Player *),false,src/Player.cpp,"The registered update entry at 0x00426500 pushes its live-in ECX Player pointer and calls this body. The maintained stack-bound body runs the target five-state Player state machine, power transitions, option/movement seams, 32 effect rows, draw/collision-vector rebuilds, timer updates, connected input owner, and 128-shot updater before returning one.",authored,"Reviewed physical extent 0x00425730-0x00426340 = 3089 bytes. Ghidra reports 3060 reachable bytes because five retained unreachable alignment sleds account exactly for 29 bytes: 0x004257C8-0x004257CF (8), 0x0042580D-0x0042580F (3), 0x00425858-0x0042585F (8), 0x00425A3D-0x00425A3F (3), and 0x00425B39-0x00425B3F (7). The body is followed by 0x00426341-0x00426343 alignment and a separate five-entry state jump table at 0x00426344-0x00426357. Maintained PlayerUpdateCallbackBody uses the target one-stack-argument / RET 4 ABI. Pinned VC7.1 fixed normal emits a true 2800-byte COMDAT including its compiler-owned table and mismatches at 139/2693 comparable bytes with 99 relocations; /GL and /W4 compile. Production TU/optimizer ownership and exactness remain unknown."
0x00426360,409,0x004264F8,FUN_00426360,PlayerDrawCallbackBody,Player,unclassified,0.00,internal EAX Player* / RET,,false,,"The registered draw callback entry at 0x00426510 moves its live-in ECX Player pointer to EAX and tail-jumps here. The body skips draw work when player +0x458 equals 2; otherwise it writes embedded draw-VM position +0x340/+0x344/+0x348 from player +0x3C0/+0x3C4/+0x3C8 using 224.0f and 16.0f offsets, dispatches four non-null option +0x94 callbacks with ECX equal to each 0x98-byte option base, conditionally draws an auxiliary two-pass rectangle, and returns 1.",authored,"Reviewed physical extent 0x00426360-0x004264F8 = 409 bytes and is followed by 0x004264F9-0x004264FF CC padding. The raw tail jump at 0x00426512 is the only observed direct transfer to this body even though the provider caller summary omits it. Natural fixed normal /Gy PlayerDrawCallback is 416 bytes, exactly the target 409-byte body plus 7-byte registered adapter code-byte total, but the target chunks are non-contiguous and the 409-byte relocation-aware body diagnostic is mismatch at 69/317 comparable bytes with acceptance_authority=none. /GL compilation succeeds. Standalone body origin/physical source ownership and exactness remain unknown. Complete target decode; directly calls reviewed authored 0x004451C0 and references shared game global 0x00491C10 (target-authored-neighbor-and-global-2026-09-17). Subsystem and source unit remain unknown."
0x00426500,7,0x00426506,raw_00426500,PlayerUpdateCallback,Player,unclassified,0.00,ECX Player* / RET,int (Player *),false,src/PlayerUpdateCallback.cpp,"The Player initialization owner pushes this address at 0x00424856, allocates a callback node through 0x00449ED0, stores the Player owner at node +0x20, inserts the node into the first callback list through 0x00449AE0, and saves the node at Player +0x08. The first-list runner 0x00449C00 executes in the frame update path. This entry pushes its live-in ECX Player pointer, calls the reviewed 0x00425730 body, and returns its result.",,"Reviewed seven-byte extent 0x00426500-0x00426506, CC-delimited by 0x004264F9-0x004264FF before it and 0x00426507-0x0042650F after it. The maintained fastcall adapter calls the separately maintained stdcall PlayerUpdateCallbackBody. Fixed normal VC7.1 emits the complete target sequence and its sole REL32 resolves to 0x00425730, giving a structural-exact diagnostic with acceptance_authority=none. Source-written versus compiler/LTCG-generated adapter origin remains unknown, so it receives no canonical exact unit. origin indeterminate: Player callback forwarder to 0x425730; IDA shows a short adapter, callback, forwarder, or outlined helper; original source declaration versus compiler-generated boundary remains unresolved (target-ida-origin-indeterminate-2026-09-18; reviewed target 0x00426500, 7 bytes)."
0x00426510,7,0x00426516,raw_00426510,PlayerDrawCallback,Player,unclassified,0.00,ECX Player* / RET,int (Player *),false,src/Player.cpp,"The Player initialization owner pushes this address at 0x0042487E, allocates a callback node through 0x00449ED0, stores the Player owner at node +0x20, inserts it into the second callback list through 0x00449B70, and saves the node at Player +0x0C. The main frame owner runs the paired second-list dispatcher 0x00449D40 during the render phase. This entry moves ECX to EAX and tail-jumps to the 409-byte 0x00426360 body.",,"New denominator candidate missed by Ghidra. Extent 0x00426510-0x00426516 is CC-delimited by 0x00426507-0x0042650F before it and 0x00426517-0x0042651F after it. Maintained PlayerDrawCallback source models the registered entry and connected behavior, but source-written thunk versus compiler/LTCG adapter and adjacent-body ownership remain unresolved; origin and exactness stay unknown. origin indeterminate: Player callback forwarder to 0x426360; IDA shows a short adapter, callback, forwarder, or outlined helper; original source declaration versus compiler-generated boundary remains unresolved (target-ida-origin-indeterminate-2026-09-18; reviewed target 0x00426510, 7 bytes)."
0x00426520,229,0x00426604,FUN_00426520,,,unclassified,0.00,,,false,,Ghidra 12.1.3 auto-analysis candidate; boundary unreviewed,authored,"Complete target decode; reviewed authored 0x004247F0 directly calls this entry, which directly calls reviewed authored 0x0044B360 (target-authored-call-sandwich-2026-09-17). Subsystem and source unit remain unknown."
0x00426610,67,0x00426652,FUN_00426610,,,unclassified,0.00,,,false,,Ghidra 12.1.3 auto-analysis candidate; boundary unreviewed,authored,Complete target decode; is directly called by reviewed authored 0x00425730. IDA behavior review shows player-relative angle computation (target-ida-reviewed-late-game-2026-09-17). Original owner and source unit remain unknown.
0x00426660,67,0x004266A2,FUN_00426660,,,unclassified,0.00,,,false,,Ghidra 12.1.3 auto-analysis candidate; boundary unreviewed,authored,Complete target decode; is directly called by reviewed authored 0x0041AFD0. IDA behavior review shows player-relative angle computation (target-ida-reviewed-late-game-2026-09-17). Original owner and source unit remain unknown.
0x004266B0,316,0x004267EB,FUN_004266b0,,,unclassified,0.00,,,false,,Ghidra 12.1.3 auto-analysis candidate; boundary unreviewed,authored,"Complete target decode; is called by reviewed authored 0x0040DC80 and references target .data address 0x0047770C, used by at least two earlier reviewed authored bodies and no excluded body (target-authored-data-and-edge-2026-09-17). Subsystem and source unit remain unknown."
0x004267F0,471,0x004269C6,FUN_004267f0,,,unclassified,0.00,,,false,,Ghidra 12.1.3 auto-analysis candidate; boundary unreviewed,authored,Complete target decode; directly calls reviewed authored 0x00426CF0. IDA behavior review shows player-relative option position computation (target-ida-reviewed-game-behavior-2026-09-17). Original owner and source unit remain unknown.
0x004269D0,796,0x00426CEB,FUN_004269d0,,,unclassified,0.00,,,false,,Ghidra 12.1.3 auto-analysis candidate; boundary unreviewed,authored,Complete target decode; directly calls reviewed authored 0x00413790 and references shared game global 0x00491C10 (target-authored-neighbor-and-global-2026-09-17). Subsystem and source unit remain unknown.
0x00426CF0,627,0x00426F62,FUN_00426cf0,,,unclassified,0.00,,,false,,Ghidra 12.1.3 auto-analysis candidate; boundary unreviewed,authored,"Complete target decode; directly calls reviewed authored 0x0043E710 and references shared game globals 0x00491C10, 0x00492590 (target-authored-call-and-globals-2026-09-17). Subsystem and source unit remain unknown."
0x00426F70,2494,0x0042792D,FUN_00426f70,RebuildPlayerOptions,Player,unclassified,0.00,1 stack Player* / RET 4,,false,src/Player.cpp,"Reviewed player option-rebuild owner. All nine direct call sites push the same player/runtime owner and the callee consumes one stack argument with RET 4. The body retires/recreates secondary option VMs, derives an option count from signed player power / 20 clamped to four, rebuilds active 0x98-byte option records from character/shot state and player resource position tables, recreates primary VMs/callbacks, retires inactive option VMs, stores the new count, and sets all four option reset flags.",authored,"Physical extent 0x00426F70-0x0042792D is correct. Ghidra reports 2471 reachable body bytes because three retained unreachable alignment sleds at 0x0042701A-0x0042701F (6 bytes), 0x00427197-0x0042719F (9 bytes), and 0x004278D8-0x004278DF (8 bytes) account exactly for the 23-byte difference. TH10 target strings retain src/game/player.cpp and PlayerInf labels, but original function identifier/TU and physical compiler owner remain unproven. Natural fixed normal /Gy emits a true 1943-byte COMDAT versus the 2494-byte target body; the 2494-byte diagnostic window mismatches at 186/2246 comparable bytes with acceptance_authority=none. The same source compiles with /GL; exactness remains unknown."
0x00427950,12,0x0042795B,FUN_00427950,PlayerOptionTrailCallback,Player,unclassified,0.00,ECX option / RET,int (PlayerOptionRuntime *),false,src/Player.cpp,"The option update loop at 0x004255CC loads ECX with the 0x98-byte option record base, loads this entry from option +0x90 at 0x00425600, and calls it at 0x00425607. RebuildPlayerOptions stores this address at player +0x3330 for character 1 shot 0. The entry preserves ESI, moves ECX to ESI, calls 0x00427960, forces EAX=0, and returns.",,"Reviewed 12-byte wrapper extent 0x00427950-0x0042795B; 0x0042795C-0x0042795F is CC padding before the adjacent 359-byte body. Maintained PlayerOptionTrailCallback source models the observed ECX-bound entry and behavior, so source presence is recorded at the callback entry only. Whether the target wrapper is source-written or a compiler/LTCG adapter, and whether 0x00427960 is compiler-owned outlined code, remain unresolved; origin and exactness stay unknown. origin indeterminate: Player wrapper calls 0x427960 then returns zero; IDA shows a short adapter, callback, forwarder, or outlined helper; original source declaration versus compiler-generated boundary remains unresolved (target-ida-origin-indeterminate-2026-09-18; reviewed target 0x00427950, 12 bytes)."
0x00427960,359,0x00427AC6,FUN_00427960,PlayerOptionTrailCallbackBody,Player,unclassified,0.00,internal ESI option / RET,,false,,"The sole modeled caller is the 0x00427950 callback wrapper, which copies its live-in ECX option pointer to ESI before the call. The body reads g_Player, option +0x88 index, option/player mode, reconstructs the eight-sample replay-position trail, and stores option +0x84 with the current mode.",,"Physical extent remains 0x00427960-0x00427AC6 = 359 bytes; Ghidra reaches 353 bytes because 0x00427A0A-0x00427A0F is a retained unreachable six-byte LEA alignment sled. The target interpolation constant at 0x00470B90 is 0.125f. Natural fixed normal /Gy source emits a 358-byte PlayerOptionTrailCallback COMDAT, while a relocation-aware 358-byte prefix diagnostic against this body is mismatch at 89/338 comparable bytes with acceptance_authority=none. /GL compilation succeeds. Standalone body source ownership/origin and exactness remain unknown. origin indeterminate: Player callback body reached through wrapper 0x427950; IDA shows a short adapter, callback, forwarder, or outlined helper; original source declaration versus compiler-generated boundary remains unresolved (target-ida-origin-indeterminate-2026-09-18; reviewed target 0x00427960, 359 bytes)."
0x00427AD0,12,0x00427ADB,raw_00427AD0,PlayerOptionSpecialCallback,Player,unclassified,0.00,ECX option / RET,int (PlayerOptionRuntime *),false,src/Player.cpp,"RebuildPlayerOptions stores this entry at player +0x3330 for character 1 shot 2. The option update loop independently proves the +0x90 slot is invoked with ECX equal to the option record base. This wrapper preserves EDI, moves ECX to EDI, calls 0x00427AE0, forces EAX=0, and returns.",,"Reviewed 12-byte wrapper extent 0x00427AD0-0x00427ADB; 0x00427ADC-0x00427ADF is CC padding before the adjacent 99-byte body. Maintained PlayerOptionSpecialCallback source models the observed ECX-bound entry and behavior, so source presence is recorded at the callback entry only. Source-written wrapper versus compiler/LTCG adapter and adjacent-body ownership remain unresolved; origin and exactness stay unknown. origin indeterminate: Player wrapper calls 0x427AE0 then returns zero; IDA shows a short adapter, callback, forwarder, or outlined helper; original source declaration versus compiler-generated boundary remains unresolved (target-ida-origin-indeterminate-2026-09-18; reviewed target 0x00427AD0, 12 bytes)."
0x00427AE0,99,0x00427B42,FUN_00427ae0,PlayerOptionSpecialCallbackBody,Player,unclassified,0.00,internal EDI option / RET,,false,,"The sole modeled caller is the 0x00427AD0 callback wrapper, which copies its live-in ECX option pointer to EDI. The body reads g_Player->optionMode, tracks the prior mode at option +0x84, uses PlayerSetManagedVmDeleteState semantics with states 6 or 3 on transitions, and copies replay pair +0x3C to +0x4C or +0x4C to +0x34.",,"Reviewed physical extent 0x00427AE0-0x00427B42 = 99 bytes, bounded by CC padding before 0x00427B50. Natural fixed normal /Gy PlayerOptionSpecialCallback is 111 bytes, numerically equal to the target wrapper plus body code-byte totals (12+99) but not a contiguous target extent because four CC bytes separate them. A 99-byte body diagnostic is mismatch at 7/87 comparable bytes with acceptance_authority=none; /GL compilation succeeds. Standalone body origin/ownership and exactness remain unknown. origin indeterminate: Player callback body reached through wrapper 0x427AD0; IDA shows a short adapter, callback, forwarder, or outlined helper; original source declaration versus compiler-generated boundary remains unresolved (target-ida-origin-indeterminate-2026-09-18; reviewed target 0x00427AE0, 99 bytes)."
0x00427B50,181,0x00427C04,FUN_00427b50,,,unclassified,0.00,,,false,,Ghidra 12.1.3 auto-analysis candidate; boundary unreviewed,authored,Complete target decode; is directly called by reviewed authored 0x00425730. IDA behavior review shows player option slot traversal (target-ida-reviewed-late-game-2026-09-17). Original owner and source unit remain unknown.
0x00427C50,21,0x00427C64,FUN_00427c50,,,unclassified,0.00,,,false,,Ghidra 12.1.3 auto-analysis candidate; boundary unreviewed,,"origin indeterminate: floor wrapper called from Player update; IDA shows executable behavior, but target references do not establish whether this extent came from game source, a linked helper, or optimizer outlining (target-ida-origin-indeterminate-2026-09-18; reviewed target 0x00427C50, 21 bytes)."
0x00427C70,29,0x00427C8C,FUN_00427c70,,,unclassified,0.00,,,false,,Ghidra 12.1.3 auto-analysis candidate; boundary unreviewed,,"origin indeterminate: object comparison called from two game routines; IDA shows executable behavior, but target references do not establish whether this extent came from game source, a linked helper, or optimizer outlining (target-ida-origin-indeterminate-2026-09-18; reviewed target 0x00427C70, 29 bytes)."
0x00427D80,21,0x00427D94,FUN_00427d80,,,unclassified,0.00,,,false,,Ghidra 12.1.3 auto-analysis candidate; boundary unreviewed,,"origin indeterminate: IDA decompilation fails and no entry xref is reported; the physical target extent is reviewed, but IDA lacks an independent entry anchor or usable function body for source attribution (target-ida-origin-indeterminate-2026-09-18; reviewed target 0x00427D80, 21 bytes)."
0x00427E90,717,0x0042815C,FUN_00427e90,,,unclassified,0.00,,,false,,Ghidra 12.1.3 auto-analysis candidate; boundary unreviewed,authored,"Complete target decode; directly calls reviewed authored 0x004489D0 and references shared game globals 0x00491C10, 0x00492590 (target-authored-call-and-globals-2026-09-17). Subsystem and source unit remain unknown."
0x00428160,105,0x004281C8,FUN_00428160,,,unclassified,0.00,,,false,,Ghidra 12.1.3 auto-analysis candidate; boundary unreviewed,authored,Complete target decode; directly calls reviewed authored 0x00427E90. IDA behavior review shows player power to option-count conversion (target-ida-reviewed-late-game-2026-09-17). Original owner and source unit remain unknown.
0x004281D0,174,0x0042827D,FUN_004281d0,,,unclassified,0.00,,,false,,Ghidra 12.1.3 auto-analysis candidate; boundary unreviewed,authored,"Complete target decode; reviewed authored 0x00425730 directly calls this entry, which directly calls reviewed authored 0x0044BF40 (target-authored-call-sandwich-2026-09-17). Subsystem and source unit remain unknown."
0x00428280,876,0x004285EB,FUN_00428280,PlayerUpdateShots,Player,unclassified,0.00,1 stack Player* / RET 4,int (Player *),false,src/Player.cpp,"Reviewed 876-byte Player shot-update owner. Its sole caller is the central Player update body; it loops exactly 128 0x5C shot rows, executes per-shot update callbacks, advances motion/timers, manages primary/secondary VM ids, performs playfield culling, and returns zero.",authored,"Physical extent 0x00428280-0x004285EB contains one unreachable six-byte alignment gap at 0x004282AA-0x004282AF and ends in RET 4 before four CC bytes. Maintained source closes the target-observed 0x34 shot descriptor and 0x5C runtime row fields, including source-index occupancy, motion, state, VM ids, collision handoff and descriptor pointer. Original identifier/TU and helper/private optimizer conventions remain unknown. Fixed normal /Gy source emits a 0x2B3 = 691-byte COMDAT; the 876-byte target-bound diagnostic mismatches at 47/784 comparable bytes with 23 relocations and acceptance_authority=none. /GL compiles; exactness remains unknown."
0x004285F0,55,0x00428626,raw_004285F0,,Player,unclassified,0.00,private register inputs / RET,,false,,Raw CC-bounded 55-byte floating-point helper body between four preceding and nine following CC bytes; computes two min/max-style Float2 pairs from three register-bound pointers using target constant 0x00470B0C.,,"New denominator candidate missed by Ghidra: native function lookup reports no function at 0x004285F0 and xrefs_to reports no references. Physical source owner, ABI spelling, role, origin and exactness remain unknown/review. origin indeterminate: CC-delimited entry absent from IDA function inventory; the physical target extent is reviewed, but IDA lacks an independent entry anchor or usable function body for source attribution (target-ida-origin-indeterminate-2026-09-18; reviewed target 0x004285F0, 55 bytes)."
0x00428630,1170,0x00428AC1,FUN_00428630,Player::CalculateDamageToTarget,Player,unclassified,0.00,"private ECX optional int* + 3 stack (Player*, position*, size*) / RET 12","int Player::CalculateDamageToTarget(const PlayerFloat3 *, const PlayerFloat3 *, int *)",false,src/Player.cpp,"Reviewed 1170-byte Player damage/collision owner. Its sole direct caller pushes Player*, target position and target size, clears ECX, then subtracts the returned value from a hostile health-like field. The body gates on the Player update timer, collides 128 shot rows plus 32 collision/effect rows, invokes shot collision callbacks, performs hit VM transitions, accumulates damage and updates the capped score-like global.",authored,"Physical extent 0x00428630-0x00428AC1 is fully reachable and ends in RET 12, followed by 14 CC bytes before an independent raw body at 0x00428AD0. The target private ABI rotates the logical member values: optionalHitFlag is in ECX while Player*, position and size are stack-bound; maintained source uses the natural member spelling and does not claim original ABI/TU/name. Fixed normal /Gy emits a true 0x46C = 1132-byte section versus 1170 target bytes; the target-bound diagnostic mismatches at 72/1078 comparable bytes with 23 relocations and acceptance_authority=none. /GL compiles; exactness remains unknown."
0x00428AD0,53,0x00428B04,raw_00428AD0,,Player,unclassified,0.00,private ECX/EDX inputs + RET 4,,false,,"Raw CC-delimited 53-byte body between 14 preceding and 11 following CC bytes. It writes shot-like offset +0x4C from Player-like +0x3504, conditionally clears that field after an absolute-value threshold check, returns zero and uses RET 4.",,"New denominator candidate missed by Ghidra. Native function lookup reports no containing function and xrefs_to reports no references at 0x00428AD0. The body is structurally adjacent to Player shot code and uses compatible offsets, but source-written callback versus retained/optimizer body, exact logical parameters, origin and exactness remain unknown/review. origin indeterminate: data-referenced Player-region helper; IDA shows executable behavior, but target references do not establish whether this extent came from game source, a linked helper, or optimizer outlining (target-ida-origin-indeterminate-2026-09-18; reviewed target 0x00428AD0, 53 bytes)."
0x00428B10,266,0x00428C19,raw_00428B10,,Player,unclassified,0.00,private EDX shot-like owner / RET,,false,,"Raw CC-delimited 266-byte body between 11 preceding and 6 following CC bytes. It consumes a shot-like 0x5C record through EDX, tests state +0x40 and linked field +0x4C, updates motion fields around +0x14/+0x2C/+0x30, calls floating-point helpers, returns zero and uses plain RET.",authored,"New denominator candidate missed by Ghidra. Native function lookup reports no containing function and xrefs_to reports no references at 0x00428B10. Its indirect-callback/source owner, exact ABI, role, origin and exactness remain unknown/review. Complete target decode; directly calls reviewed authored 0x0044BC70. IDA behavior review shows player option and shot state update (target-ida-reviewed-game-behavior-2026-09-17). Original owner and source unit remain unknown."
0x00428C20,125,0x00428C9C,FUN_00428c20,,,unclassified,0.00,,,false,,Ghidra 12.1.3 auto-analysis candidate; boundary unreviewed,,"origin indeterminate: data-referenced Player-region helper; IDA shows executable behavior, but target references do not establish whether this extent came from game source, a linked helper, or optimizer outlining (target-ida-origin-indeterminate-2026-09-18; reviewed target 0x00428C20, 125 bytes)."
0x00428D70,91,0x00428DCA,FUN_00428d70,,,unclassified,0.00,,,false,,Ghidra 12.1.3 auto-analysis candidate; boundary unreviewed,authored,Complete target decode; is directly called by reviewed authored 0x00428280. IDA behavior review shows playfield bounds test (target-ida-reviewed-late-game-2026-09-17). Original owner and source unit remain unknown.
0x00428DD0,20,0x00428DE3,FUN_00428dd0,,,unclassified,0.00,,,false,,Ghidra 12.1.3 auto-analysis candidate; boundary unreviewed,,"origin indeterminate: floating-point helper called from ANM executor; IDA shows executable behavior, but target references do not establish whether this extent came from game source, a linked helper, or optimizer outlining (target-ida-origin-indeterminate-2026-09-18; reviewed target 0x00428DD0, 20 bytes)."
0x00428E10,83,0x00428E62,FUN_00428e10,,,unclassified,0.00,,,false,,Ghidra 12.1.3 auto-analysis candidate; boundary unreviewed,authored,Complete target decode; is directly called by reviewed authored 0x0042A450. IDA behavior review shows player position conversion (target-ida-reviewed-late-game-2026-09-17). Original owner and source unit remain unknown.
0x00428F60,1344,0x0042949F,FUN_00428f60,ReplayManager::Initialize,Replay,unclassified,0.00,internal EBX owner + EAX mode + ECX replay path / RET,,false,src/ReplayManager.cpp,"Reviewed CC-bounded shared replay initializer. The sole caller at 0x00429610 loads the 0x2D4-byte ReplayManager owner in EBX, replay mode in EAX, and replay path in ECX. Mode 0 initializes recording headers, stage state, frame storage, and three chain elements; mode 1 loads replay data, restores current-stage/global state, and installs the same chains; mode 2 performs load-only initialization.",authored,"Physical extent 0x00428F60-0x0042949F is independently bounded by 0x00428F5A-0x00428F5F CC padding before the entry and the 0x0042949F RET immediately before ReplayManager::~ReplayManager at 0x004294A0. TH10 target strings retain src/game/replay.cpp plus ReplayInf/Replay*Header type labels, but original identifier/TU ownership remain unproven. Maintained source uses natural ReplayManager::Initialize(int,const char*) and neutral target-observed fields; the EBX/EAX/ECX machine boundary is not a source calling-convention claim. Fixed normal /Gy source compiles with a true 1339-byte COMDAT section versus the 1344-byte target extent; the 1344-byte comparator window mismatches at 55/1060 comparable bytes and has acceptance_authority=none. The same source compiles with /GL; physical normal/LTCG owner and exactness remain unknown."
0x004294A0,367,0x0042960E,FUN_004294a0,ReplayManager::~ReplayManager,,unclassified,0.00,1 stack owner / RET 4,,false,src/ReplayManager.cpp,"Reviewed target body frees the replay file header, eight per-stage frame lists, replay payload and stage headers, cuts three chain elements, clears the global replay owner when it is this object, then vector-destroys eight 0x24 stage states",authored,"Physical extent 0x004294A0-0x0042960E ends in RET 4 and is followed by one CC byte before ReplayManager::Create. Maintained destructor naming is adjacent-supported only after TH10-local lifecycle recovery. Pinned natural VC7.1 normal COFF emits a 199-byte destructor section versus the 367-byte target body; the same source compiles with /GL. Machine ABI, physical normal/LTCG owner, and exactness remain unknown."
0x00429610,185,0x004296C8,FUN_00429610,ReplayManager::Create,,unclassified,0.00,2 stack args / RET 8,,false,src/ReplayManager.cpp,"Target allocates and constructs a 0x2D4 replay object, clears it, calls the 0x00428F60 mode/path initializer, destroys/frees it on failure, and returns the object or NULL",authored,"Reviewed extent 0x00429610-0x004296C8 ends in RET 8 and is followed by CC padding through 0x004296CF. ReplayManager::Create is an adjacent-supported maintained name after TH10 behavior recovery, not an original-symbol claim. Natural VC7.1 normal COFF emits an 80-byte section versus the 185-byte target body; /GL compiles, so compiler profile/optimizer context and exactness remain unknown."
0x004296D0,27,0x004296EA,raw_004296D0,,,unclassified,0.00,internal ESI this + stack flags / RET 4,,false,,"CC-delimited target body calls the reviewed ReplayManager destructor, tests deleting flag bit 0, conditionally frees the object, returns the original object pointer, and ends in RET 4",compiler,"New denominator candidate missed by Ghidra. No direct Ghidra xref or whole-target raw little-endian VA reference was observed. Pinned VC7.1 normal source with the maintained non-virtual ReplayManager destructor plus natural delete expressions automatically emits ??_GReplayManager@@QAEPAXI@Z; its 30-byte normal section differs from this 25-byte target body, corroborating compiler-generated origin without exactness credit."
0x004296F0,181,0x004297A4,FUN_004296f0,ReplayManager::Load,,unclassified,0.00,1 stack path / RET 4,,false,src/ReplayManager.cpp,"Target allocates and constructs a 0x2D4 replay object, clears it, sets replay mode 2, invokes the reviewed replay-load body at 0x0042A200, and destroys/frees the object on load failure",authored,Reviewed extent 0x004296F0-0x004297A4 ends in RET 4 and is followed by CC padding through 0x004297AF. ReplayManager::Load is an adjacent-supported maintained name; the target constant mode-2 path is consistent with inlining/constant propagation of the shared initializer but does not prove source-level inlining. Natural VC7.1 normal COFF emits a 77-byte section versus the 181-byte target body; /GL compiles and exactness remains unknown.
0x004297B0,18,0x004297C1,FUN_004297b0,ReplayManager::Destroy,,unclassified,0.00,internal ESI manager / RET,,false,src/ReplayManager.cpp,"Two normal replay UI paths load an existing replay object from a slot into ESI, call this NULL-safe delete body, then save and reload the same slot; the body calls the reviewed ReplayManager destructor and frees the object",authored,"Reviewed 18-byte extent 0x004297B0-0x004297C1 ends in RET and is bracketed by CC padding. Committed TH095 independently retains the same null-safe ReplayManager::Destroy source shape, used only after TH10 callsite recovery for naming corroboration. Natural VC7.1 normal COFF emits a 27-byte section; /GL compiles and exactness remains unknown."
0x004297D0,596,0x00429A23,FUN_004297d0,ReplayManager::ProcessFrame,,unclassified,0.00,internal EDI manager / RET,,false,src/ReplayManager.cpp,"Target frame callback wrapper at 0x0042A3D0 moves its ECX replay owner to EDI and calls this body; mode 0 records six-byte input tuples plus periodic FPS bytes into linked 0x6284 frame blocks, while playback consumes the same stage cursors and updates frame state",authored,"Reviewed extent 0x004297D0-0x00429A23 ends in RET. Record/playback fields are target-local at +0x9C, +0xA0 stage-state array, +0x1C4 replay FPS, +0x1C8 frame counter, and +0x1D0 active stage. ReplayManager::ProcessFrame is adjacent-supported naming only after TH10 recovery. Natural VC7.1 normal COFF emits a 456-byte section versus the 596-byte target body; /GL compiles and exactness remains unknown."
0x00429A30,58,0x00429A69,raw_00429A30,,Replay,unclassified,0.00,internal EAX owner / RET,,false,,"CC-delimited retained replay frame-control-shaped body checks runtime state, playback mode, a global behavior flag, and frameCounter modulo four; no modeled xref or raw little-endian VA reference was observed.",,"New denominator candidate missed by Ghidra. Extent 0x00429A30-0x00429A69 is bounded by CC padding on both sides. Its logic closely duplicates the active callback body at 0x0042A3E0 but consumes the owner through EAX; retained source body versus optimizer clone/adapter is unresolved, so origin/source/exactness remain unknown. origin indeterminate: CC-delimited entry absent from IDA function inventory; the physical target extent is reviewed, but IDA lacks an independent entry anchor or usable function body for source attribution (target-ida-origin-indeterminate-2026-09-18; reviewed target 0x00429A30, 58 bytes)."
0x00429A70,182,0x00429B25,raw_00429A70,,Replay,unclassified,0.00,internal EDX owner / RET,,false,,"CC-delimited replay FPS-display body is reached by the active callback tail jump at 0x0042A447; it checks replay/runtime mode, derives a color from the replay FPS byte at manager +0x1C4, prints the FPS value, restores the UI color, and returns 1.",authored,"New denominator candidate missed by Ghidra. Extent 0x00429A70-0x00429B25 is followed by CC padding. The only modeled code reference is the direct jump from 0x0042A430; no raw VA literal reference was observed. Original identifier, authored/compiler-adapter origin, source mapping, physical owner, and exactness remain unknown. Complete target decode; calls reviewed authored 0x00401630 and references target .data address 0x004776E0, used by at least two earlier reviewed authored bodies and no excluded body (target-authored-data-and-edge-2026-09-17). Subsystem and source unit remain unknown."
0x00429B30,36,0x00429B53,raw_00429B30,,Replay,unclassified,0.00,internal EDI owner + ESI selector / RET,,false,,CC-delimited retained replay helper calls 0x00452B71 on replayData +0x0C and writes replayData +0x5C from either current stage or selector +7; no modeled entry xref was observed.,,"New denominator candidate missed by Ghidra. Extent 0x00429B30-0x00429B53 is followed by CC padding before ReplayManager::SaveReplay at 0x00429B60. No original identifier, source origin, machine-call entry, or physical owner is established; keep unknown/review. origin indeterminate: CC-delimited entry absent from IDA function inventory; the physical target extent is reviewed, but IDA lacks an independent entry anchor or usable function body for source attribution (target-ida-origin-indeterminate-2026-09-18; reviewed target 0x00429B30, 36 bytes)."
0x00429B60,1681,0x0042A1F0,FUN_00429b60,ReplayManager::SaveReplay,,unclassified,0.00,internal ECX owner + EDX replay path + 1 stack replay name / RET 4,,false,src/ReplayManager.cpp,"Reviewed CC-delimited replay-save body; two TH10 callers load the global replay owner in ECX, the formatted replay filename in EDX, and push the replay name. The body aggregates up to eight stage streams, packs 0x64-byte replay data plus 0x1C4-byte stage headers and variable payloads, compresses, applies the reviewed two-pass Encrypt profiles, writes the replay file and USER metadata, and closes the write state.",authored,"Physical extent 0x00429B60-0x0042A1F0 is independently bounded by CC padding before/after and ends in RET 4. Target strings retain src/game/replay.cpp/.h plus ReplayFileHeaderInf, ReplayDataHeaderInf, ReplayStageDataHeaderInf, ReplayRecDataInf and ReplayFrameDataInf. Maintained ReplayManager::SaveReplay is a reconstruction name/source mapping, not a source-level calling-convention, original-symbol, TU, or physical-owner claim. Pinned tracked source compiles as normal COFF and /GL; normal source and target both have 1681-byte owned extents but mismatch 73/1465 comparable bytes. /GS and temporary fastcall diagnostics remain mismatches (86/1457 and 78/1465; combined 87/1457), so exactness remains unknown."
0x0042A200,450,0x0042A3C1,FUN_0042a200,ReplayManager::LoadReplay,Replay,unclassified,0.00,internal ESI owner + 1 stack replay path / RET 4,,false,src/ReplayManager.cpp,"Reviewed TH10 replay loader. All three direct call sites place the 0x2D4 ReplayManager owner in live-in ESI and push the replay path. The disk path opens replay/%s through the stateful replay read seam, validates magic/version, reads the compressed payload, performs the two reviewed Decrypt profiles plus DecompressData, and reconstructs per-stage header/record/FPS pointers; the archive path obtains the file buffer through FileSystem::OpenFile.",authored,Physical extent 0x0042A200-0x0042A3C1 is bounded by CC padding at 0x0042A1F1-0x0042A1FF and 0x0042A3C2-0x0042A3CF and ends in RET 4 after the security-cookie check. The target intentionally clamps replayData stageCount >= 8 to 6 and frees the separate compressed payload only on the disk path. ReplayManager::LoadReplay is adjacent-supported naming after TH10-local recovery; original identifier/TU and normal-COFF/LTCG owner remain unproven. Pinned normal /Gy source emits a 409-byte COMDAT versus the 450-byte target extent and mismatches at 31/386 comparable bytes in the 450-byte diagnostic window; the same source compiles with /GL. No canonical exactness credit.
0x0042A3D0,10,0x0042A3D9,raw_0042A3D0,,Replay,unclassified,0.00,ECX owner / RET,,false,,Initializer stores this CC-delimited entry as the first replay calc-chain callback in both record and playback modes; it forwards ECX owner to reviewed ReplayManager::ProcessFrame and returns the result.,,"New denominator candidate missed by Ghidra. Extent 0x0042A3D0-0x0042A3D9 is followed by CC padding. Only initializer data references were observed. Source-written callback versus compiler adapter remains unresolved; no source/exactness promotion. origin indeterminate: forwarder to 0x4297D0 held as a function pointer; IDA shows a short adapter, callback, forwarder, or outlined helper; original source declaration versus compiler-generated boundary remains unresolved (target-ida-origin-indeterminate-2026-09-18; reviewed target 0x0042A3D0, 10 bytes)."
0x0042A3E0,68,0x0042A423,raw_0042A3E0,,Replay,unclassified,0.00,ECX owner / RET,,false,,"Initializer stores this CC-delimited entry as the second replay calc-chain callback in both record and playback modes; it gates playback frame control on runtime flags, replay mode, a global behavior flag, and frameCounter modulo four, returning 6 only on qualifying skipped frames and 1 otherwise.",,"New denominator candidate missed by Ghidra. Extent 0x0042A3E0-0x0042A423 is followed by CC padding. Logic resembles retained 0x00429A30 with a different private owner register; original source relationship/origin and exactness remain unknown. origin indeterminate: state adapter held as a function pointer; IDA shows a short adapter, callback, forwarder, or outlined helper; original source declaration versus compiler-generated boundary remains unresolved (target-ida-origin-indeterminate-2026-09-18; reviewed target 0x0042A3E0, 68 bytes)."
0x0042A430,28,0x0042A44B,raw_0042A430,,Replay,unclassified,0.00,ECX owner / RET or tail jump,,false,,"Initializer stores this CC-delimited entry as the replay draw-chain callback in both record and playback modes; it returns 1 when a runtime flag suppresses drawing, otherwise moves the owner to EDX and tail-jumps to retained replay FPS body 0x00429A70.",,"New denominator candidate missed by Ghidra. Extent 0x0042A430-0x0042A44B is followed by CC padding before 0x0042A450. Only initializer data references were observed. Source-written wrapper versus compiler adapter remains unresolved; no source/exactness promotion. origin indeterminate: input flag adapter held as a function pointer; IDA shows a short adapter, callback, forwarder, or outlined helper; original source declaration versus compiler-generated boundary remains unresolved (target-ida-origin-indeterminate-2026-09-18; reviewed target 0x0042A430, 28 bytes)."
0x0042A450,582,0x0042A695,FUN_0042a450,ReplayManager::BeginStage,Replay,unclassified,0.00,internal EBX owner / RET,,false,src/ReplayManager.cpp,Reviewed CC-delimited replay stage-transition body. Both direct call sites in 0x00418190 load the global 0x2D4 ReplayManager owner into EBX before the call. Record mode rotates the current stage frame list and snapshots target runtime state into the 0x1C4 stage header; playback mode restores the selected stage snapshot and resets connected runtime state.,authored,Physical extent 0x0042A450-0x0042A695 ends in RET and is followed by 0x0042A696-0x0042A69F CC padding. Ghidra reports 579 body addresses because the branch at 0x0042A60B skips the retained 3-byte alignment LEA at 0x0042A60D-0x0042A60F; the physical ledger extent remains 582 bytes. ReplayManager::BeginStage is a maintained TH09-correlated stage-start name chosen only after TH10-local recovery; original TH10 identifier/TU and physical compiler owner remain unproven. Pinned VC7.1 normal /Gy emits a true 1045-byte COMDAT versus the 582-byte target body; the 582-byte diagnostic window mismatches at 24/506 comparable bytes with acceptance_authority=none. The same source compiles with /GL; exactness remains unknown.
0x0042A6A0,356,0x0042A803,FUN_0042a6a0,,,unclassified,0.00,,,false,,Ghidra 12.1.3 auto-analysis candidate; boundary unreviewed,authored,Complete target decode; is directly called by reviewed authored 0x00417870. IDA behavior review shows game difficulty-indexed option state (target-ida-reviewed-game-behavior-2026-09-17). Original owner and source unit remain unknown.
0x0042A8A0,85,0x0042A8F4,FUN_0042a8a0,,,unclassified,0.00,,,false,,Ghidra 12.1.3 auto-analysis candidate; boundary unreviewed,authored,Complete target decode; is directly called by reviewed authored 0x004297D0. IDA behavior review shows game state buffer write (target-ida-reviewed-late-game-2026-09-17). Original owner and source unit remain unknown.
0x0042A930,59,0x0042A96A,FUN_0042a930,,,unclassified,0.00,,,false,,Ghidra 12.1.3 auto-analysis candidate; boundary unreviewed,authored,Complete target decode; directly is called by reviewed authored 0x00428F60. IDA behavior review shows game frame-timer assignment (target-ida-reviewed-game-component-2026-09-17). Original source unit and exact codegen remain unknown.
0x0042AA50,139,0x0042AADA,FUN_0042aa50,,,unclassified,0.00,,,false,,Ghidra 12.1.3 auto-analysis candidate; boundary unreviewed,authored,Complete target decode; is directly called by reviewed authored 0x00428F60. IDA behavior review shows game controller allocation (target-ida-reviewed-late-game-2026-09-17). Original owner and source unit remain unknown.
0x0042AB20,93,0x0042AB7C,FUN_0042ab20,,,unclassified,0.00,,,false,,Ghidra 12.1.3 auto-analysis candidate; boundary unreviewed,authored,Complete target decode; is directly called by reviewed authored 0x00428F60. IDA behavior review shows game subsystem node cleanup (target-ida-reviewed-late-game-2026-09-17). Original owner and source unit remain unknown.
0x0042ACB0,274,0x0042ADC1,FUN_0042acb0,,,unclassified,0.00,,,false,,Ghidra 12.1.3 auto-analysis candidate; boundary unreviewed,authored,Complete target decode; directly is called by reviewed authored 0x0042AE60. IDA behavior review shows TH10 replay header initialization (target-ida-reviewed-game-component-2026-09-17). Original source unit and exact codegen remain unknown.
0x0042ADD0,142,0x0042AE5D,FUN_0042add0,,,unclassified,0.00,,,false,,Ghidra 12.1.3 auto-analysis candidate; boundary unreviewed,authored,Complete target decode; directly is called by reviewed authored 0x0042AE60. IDA behavior review shows TH10 replay payload initialization (target-ida-reviewed-game-component-2026-09-17). Original source unit and exact codegen remain unknown.
0x0042AE60,132,0x0042AEE3,FUN_0042ae60,,,unclassified,0.00,,,false,,Ghidra 12.1.3 auto-analysis candidate; boundary unreviewed,authored,Complete target decode; directly calls reviewed authored 0x0044B360. IDA behavior review shows game controller initialization (target-ida-reviewed-late-game-2026-09-17). Original owner and source unit remain unknown.
0x0042AF20,97,0x0042AF80,FUN_0042af20,,,unclassified,0.00,,,false,,Ghidra 12.1.3 auto-analysis candidate; boundary unreviewed,authored,"Complete target decode; is called by reviewed authored 0x0041F990 and references target .data address 0x0047783C, used by at least two earlier reviewed authored bodies and no excluded body (target-authored-data-and-edge-2026-09-17). Subsystem and source unit remain unknown."
0x0042B030,423,0x0042B1D6,FUN_0042b030,,,unclassified,0.00,,,false,,Ghidra 12.1.3 auto-analysis candidate; boundary unreviewed,authored,Complete target decode; directly calls reviewed authored 0x00435DC0. IDA behavior review shows TH10 replay header and payload parsing (target-ida-reviewed-game-behavior-2026-09-17). Original owner and source unit remain unknown.
0x0042B1E0,564,0x0042B413,FUN_0042b1e0,,,unclassified,0.00,,,false,,Ghidra 12.1.3 auto-analysis candidate; boundary unreviewed,authored,"Complete target decode; directly calls reviewed authored 0x004359B0 and references shared game globals 0x004922A4, 0x0049231E (target-authored-call-and-globals-2026-09-17). Subsystem and source unit remain unknown."
0x0042B430,134,0x0042B4B5,FUN_0042b430,,,unclassified,0.00,,,false,,Ghidra 12.1.3 auto-analysis candidate; boundary unreviewed,,"origin indeterminate: object setup called from reviewed game routine; IDA shows C++ object initialization or teardown; source-authored body versus compiler-generated lifecycle contribution remains unresolved (target-ida-origin-indeterminate-2026-09-18; reviewed target 0x0042B430, 134 bytes)."
0x0042B4D0,145,0x0042B560,FUN_0042b4d0,,,unclassified,0.00,,,false,,Ghidra 12.1.3 auto-analysis candidate; boundary unreviewed,authored,Complete target decode; directly calls reviewed authored 0x00401DE0 and references shared game global 0x00491BE4 (target-authored-neighbor-and-global-2026-09-17). Subsystem and source unit remain unknown.
0x0042B570,232,0x0042B657,FUN_0042b570,,,unclassified,0.00,,,false,,Ghidra 12.1.3 auto-analysis candidate; boundary unreviewed,authored,Complete target decode; is directly called by reviewed authored 0x00417C80. IDA behavior review shows game object resource cleanup (target-ida-reviewed-late-game-2026-09-17). Original owner and source unit remain unknown.
0x0042B660,71,0x0042B6A6,FUN_0042b660,,,unclassified,0.00,,,false,,Ghidra 12.1.3 auto-analysis candidate; boundary unreviewed,authored,Complete target decode; directly calls reviewed authored 0x0042B4D0. IDA behavior review shows game object allocation (target-ida-reviewed-late-game-2026-09-17). Original owner and source unit remain unknown.
0x0042B6F0,134,0x0042B775,FUN_0042b6f0,,,unclassified,0.00,,,false,,Ghidra 12.1.3 auto-analysis candidate; boundary unreviewed,,"origin indeterminate: target constructor-shaped extent without IDA decompilation; IDA shows C++ object initialization or teardown; source-authored body versus compiler-generated lifecycle contribution remains unresolved (target-ida-origin-indeterminate-2026-09-18; reviewed target 0x0042B6F0, 134 bytes)."
0x0042B780,540,0x0042B99B,FUN_0042b780,,,unclassified,0.00,,,false,,Ghidra 12.1.3 auto-analysis candidate; boundary unreviewed,authored,"Complete target decode; directly calls reviewed authored 0x00442F50 and references shared game globals 0x00491C10, 0x00491C30 (target-authored-call-and-globals-2026-09-17). Subsystem and source unit remain unknown."
0x0042B9C0,167,0x0042BA66,FUN_0042b9c0,,,unclassified,0.00,,,false,,Ghidra 12.1.3 auto-analysis candidate; boundary unreviewed,authored,Complete target decode; is directly called by reviewed authored 0x0041AFD0. IDA behavior review shows frame-indexed game state update (target-ida-reviewed-late-game-2026-09-17). Original owner and source unit remain unknown.
0x0042C360,531,0x0042C572,FUN_0042c360,,,unclassified,0.00,,,false,,Ghidra 12.1.3 auto-analysis candidate; boundary unreviewed,authored,"Complete target decode; calls reviewed authored 0x00401690 and references target .data address 0x004776E0, used by at least two earlier reviewed authored bodies and no excluded body (target-authored-data-and-edge-2026-09-17). Subsystem and source unit remain unknown."
0x0042C5C0,83,0x0042C612,FUN_0042c5c0,,,unclassified,0.00,,,false,,Ghidra 12.1.3 auto-analysis candidate; boundary unreviewed,authored,Complete target decode; is directly called by reviewed authored 0x0042D300. IDA behavior review shows game controller state assignment (target-ida-reviewed-late-game-2026-09-17). Original owner and source unit remain unknown.
0x0042C620,80,0x0042C66F,FUN_0042c620,,,unclassified,0.00,,,false,,Ghidra 12.1.3 auto-analysis candidate; boundary unreviewed,authored,Complete target decode; is directly called by reviewed authored 0x0042D300. IDA behavior review shows game controller state assignment (target-ida-reviewed-late-game-2026-09-17). Original owner and source unit remain unknown.
0x0042C670,95,0x0042C6CE,FUN_0042c670,,,unclassified,0.00,,,false,,Ghidra 12.1.3 auto-analysis candidate; boundary unreviewed,authored,Complete target decode; directly calls reviewed authored 0x004489D0 and references shared game global 0x00491C10 (target-authored-neighbor-and-global-2026-09-17). Subsystem and source unit remain unknown.
0x0042C6D0,83,0x0042C722,FUN_0042c6d0,,,unclassified,0.00,,,false,,Ghidra 12.1.3 auto-analysis candidate; boundary unreviewed,authored,Complete target decode; directly calls reviewed authored 0x004491C0 and references shared game global 0x00491C10 (target-authored-neighbor-and-global-2026-09-17). Subsystem and source unit remain unknown.
0x0042C730,27,0x0042C74A,FUN_0042c730,,,unclassified,0.00,,,false,,Ghidra 12.1.3 auto-analysis candidate; boundary unreviewed,,"origin indeterminate: short adapter calls 0x449250; IDA shows a short adapter, callback, forwarder, or outlined helper; original source declaration versus compiler-generated boundary remains unresolved (target-ida-origin-indeterminate-2026-09-18; reviewed target 0x0042C730, 27 bytes)."
0x0042C750,27,0x0042C76A,FUN_0042c750,,,unclassified,0.00,,,false,,Ghidra 12.1.3 auto-analysis candidate; boundary unreviewed,,"origin indeterminate: short adapter calls 0x449250 from multiple callers; IDA shows a short adapter, callback, forwarder, or outlined helper; original source declaration versus compiler-generated boundary remains unresolved (target-ida-origin-indeterminate-2026-09-18; reviewed target 0x0042C750, 27 bytes)."
0x0042C770,65,0x0042C7B0,FUN_0042c770,,,unclassified,0.00,,,false,,Ghidra 12.1.3 auto-analysis candidate; boundary unreviewed,authored,Complete target decode; directly calls reviewed authored 0x004491C0 and references shared game global 0x00491C10 (target-authored-neighbor-and-global-2026-09-17). Subsystem and source unit remain unknown.
0x0042C850,69,0x0042C894,FUN_0042c850,,,unclassified,0.00,,,false,,Ghidra 12.1.3 auto-analysis candidate; boundary unreviewed,authored,Complete target decode; is directly called by reviewed authored 0x0042D420. IDA behavior review shows game controller flag query (target-ida-reviewed-late-game-2026-09-17). Original owner and source unit remain unknown.
0x0042C8C0,93,0x0042C91C,FUN_0042c8c0,,,unclassified,0.00,,,false,,Ghidra 12.1.3 auto-analysis candidate; boundary unreviewed,,"origin indeterminate: game object state helper called from input update; IDA shows executable behavior, but target references do not establish whether this extent came from game source, a linked helper, or optimizer outlining (target-ida-origin-indeterminate-2026-09-18; reviewed target 0x0042C8C0, 93 bytes)."
0x0042C920,204,0x0042C9EB,FUN_0042c920,,,unclassified,0.00,,,false,,Ghidra 12.1.3 auto-analysis candidate; boundary unreviewed,,"origin indeterminate: object initializer installs vtable 0x46ECF0; IDA shows C++ object initialization or teardown; source-authored body versus compiler-generated lifecycle contribution remains unresolved (target-ida-origin-indeterminate-2026-09-18; reviewed target 0x0042C920, 204 bytes)."
0x0042CAA0,192,0x0042CB5F,FUN_0042caa0,,,unclassified,0.00,,,false,,Ghidra 12.1.3 auto-analysis candidate; boundary unreviewed,authored,"Complete target decode; directly calls reviewed authored 0x00447280 and references shared game globals 0x00491BE4, 0x00491C10 (target-authored-call-and-globals-2026-09-17). Subsystem and source unit remain unknown."
0x0042CB60,491,0x0042CD4A,FUN_0042cb60,,,unclassified,0.00,,,false,,Ghidra 12.1.3 auto-analysis candidate; boundary unreviewed,authored,"Complete target decode; directly calls reviewed authored 0x004294A0 and references shared game globals 0x00491BE4, 0x00491C10 (target-authored-call-and-globals-2026-09-17). Subsystem and source unit remain unknown."
0x0042CD50,96,0x0042CDAF,FUN_0042cd50,,,unclassified,0.00,,,false,,Ghidra 12.1.3 auto-analysis candidate; boundary unreviewed,authored,Complete target decode; directly is called by reviewed authored 0x004218D0. IDA behavior review shows game manager and worker allocation (target-ida-reviewed-game-component-2026-09-17). Original source unit and exact codegen remain unknown.
0x0042CDB0,18,0x0042CDC1,FUN_0042cdb0,,,unclassified,0.00,,,false,,Ghidra 12.1.3 auto-analysis candidate; boundary unreviewed,,"origin indeterminate: conditional object free sequence; IDA shows C++ object initialization or teardown; source-authored body versus compiler-generated lifecycle contribution remains unresolved (target-ida-origin-indeterminate-2026-09-18; reviewed target 0x0042CDB0, 18 bytes)."
0x0042CDF0,1128,0x0042D257,FUN_0042cdf0,FrontEndControllerView::Update,FrontEnd,unclassified,0.00,internal EAX FrontEndControllerView* / RET,int (),false,src/FrontEnd.cpp,"The EAX-bound controller dispatches 17 front-end screens, advances the +0x2B0 timer, and handles the 900-frame demo-replay rotation, title re-entry, resource cleanup and initial screen selection.",authored,"Reviewed physical owner 0x0042CDF0-0x0042D257: executable code ends at RET 0x0042D212, 0x0042D213 is a one-byte alignment NOP, and the directly referenced 17-entry absolute switch table occupies 0x0042D214-0x0042D257. 0x0042D258-0x0042D25F is CC padding before the independent 0x0042D260 entry. The private EAX receiver is optimizer context; original identifier, TU and exactness remain unknown."
0x0042D260,116,0x0042D2D3,raw_0042D260,FrontEndControllerView::Draw,FrontEnd,unclassified,0.00,internal EAX FrontEndControllerView* / RET,int (),false,src/FrontEnd.cpp,"The front-end draw dispatcher routes stage, practice, replay, score-entry and result screens through the target's eight-entry table for screen values 9 through 16.",authored,"Reviewed physical extent 0x0042D260-0x0042D2D3 = 116 bytes: executable code ends at 0x0042D2B3 and the eight-entry absolute switch table occupies 0x0042D2B4-0x0042D2D3. The 0x0042D2F0 adapter moves its ECX callback receiver into EAX before tail-jumping here. Original identifier/TU and exactness remain unknown."
0x0042D2E0,7,0x0042D2E6,raw_0042D2E0,,,unclassified,0.00,,,true,,"Target data reference at 0x0042CAA2 supplies this adapter; MOV EAX,ECX tail-jumps to 0x0042CDF0.",,"New denominator candidate missed by Ghidra. Reviewed physical extent 0x0042D2E0-0x0042D2E6 = 7 bytes; 0x0042D2E7-0x0042D2EF is CC padding. Source-written callback versus compiler-generated adapter origin remains unknown. origin indeterminate: forwarder to 0x42CDF0 held as a function pointer; IDA shows a short adapter, callback, forwarder, or outlined helper; original source declaration versus compiler-generated boundary remains unresolved (target-ida-origin-indeterminate-2026-09-18; reviewed target 0x0042D2E0, 7 bytes)."
0x0042D2F0,7,0x0042D2F6,raw_0042D2F0,,,unclassified,0.00,,,true,,"Target data reference at 0x0042CACA supplies this adapter; MOV EAX,ECX tail-jumps to 0x0042D260.",,"New denominator candidate missed by Ghidra. Reviewed physical extent 0x0042D2F0-0x0042D2F6 = 7 bytes; 0x0042D2F7-0x0042D2FF is CC padding. Source-written callback versus compiler-generated adapter origin remains unknown. origin indeterminate: short object state adapter held as a function pointer; IDA shows a short adapter, callback, forwarder, or outlined helper; original source declaration versus compiler-generated boundary remains unresolved (target-ida-origin-indeterminate-2026-09-18; reviewed target 0x0042D2F0, 7 bytes)."
0x0042D300,268,0x0042D40B,FUN_0042d300,,,unclassified,0.00,,,false,,Ghidra 12.1.3 auto-analysis candidate; boundary unreviewed,authored,"Complete target decode; directly calls reviewed authored 0x00448D00 and references shared game globals 0x00491C10, 0x00492590 (target-authored-call-and-globals-2026-09-17). Subsystem and source unit remain unknown."
0x0042D420,1195,0x0042D8CA,FUN_0042d420,,,unclassified,0.00,,,false,,Ghidra 12.1.3 auto-analysis candidate; boundary unreviewed,authored,"Complete target decode; directly calls reviewed authored 0x004491C0 and references shared game globals 0x00491C10, 0x00492590 (target-authored-call-and-globals-2026-09-17). Subsystem and source unit remain unknown."
0x0042D920,3188,0x0042E593,FUN_0042d920,FrontEndControllerView::UpdateOptions,FrontEnd,unclassified,0.00,1 stack FrontEndControllerView* / RET 4,int (FrontEndControllerView *),false,src/FrontEnd.cpp,"The five-state options controller owns a six-row cursor, color-depth selection, BGM/SFX volume adjustment and preview, defaults, key-configuration transition and return path.",authored,"Reviewed physical owner 0x0042D920-0x0042E593: the final executable path ends in RET 4 at 0x0042E57D-0x0042E57F, and the directly referenced five-entry absolute switch table occupies 0x0042E580-0x0042E593. 0x0042E594-0x0042E59F is CC padding before 0x0042E5A0. Ghidra reports nine body ranges and excludes interior alignment. Original identifier/TU and exactness remain unknown."
0x0042E5A0,3999,0x0042F53E,FUN_0042e5a0,FrontEndControllerView::RefreshOptionsDisplay,FrontEnd,unclassified,0.00,internal EDI FrontEndControllerView* / RET and tail JMP,void (),false,src/FrontEnd.cpp,"The retained EDI controller updates sound volume state, queues SetVol, assigns all BGM/SFX digit sprites, and toggles leading-digit draw flags on the options root VM children.",authored,"Reviewed physical extent 0x0042E5A0-0x0042F53E = 3999 bytes. Ghidra reports 3830 reachable bytes in twenty body ranges; the 169-byte difference is retained interior alignment between repeated child-lookup blocks. Calls from 0x0042D920 retain the controller in EDI, establishing a private interprocedural seam rather than a standalone source ABI. Original identifier/TU and exactness remain unknown."
0x0042F540,880,0x0042F8AF,FUN_0042f540,FrontEndControllerView::UpdateKeyConfig,FrontEnd,unclassified,0.00,internal EBX FrontEndControllerView* / RET,int (),false,src/FrontEnd.cpp,"The five-state key-configuration controller edits five action bindings, swaps duplicate controller buttons, drives its ANM cursor interrupts, supports reset/cancel/commit, and returns to options after the close timer.",authored,"Reviewed physical owner 0x0042F540-0x0042F8AF: executable code ends at RET 0x0042F89A, 0x0042F89B is a one-byte alignment NOP, and the directly referenced five-entry absolute state table occupies 0x0042F89C-0x0042F8AF. 0x0042F8B0 begins the independent display owner. The private EBX receiver is optimizer context; original identifier/TU and exactness remain unknown."
0x0042F8B0,2452,0x00430243,FUN_0042f8b0,FrontEndControllerView::RefreshKeyConfigDisplay,FrontEnd,unclassified,0.00,internal EAX FrontEndControllerView* / RET and tail JMP,void (),false,src/FrontEnd.cpp,The retained EAX controller resolves twenty ANM child digit VMs beneath key-config root slot 2 and writes tens/ones sprites for five editable bindings in normal and selected rows.,authored,"Reviewed physical extent 0x0042F8B0-0x00430243 = 2452 bytes, followed by twelve CC bytes. Forty FindVm transfers resolve twenty children; nineteen SetSprite calls plus one final tail jump update their digits. Ghidra reachable-body accounting excludes fifteen bytes of interior alignment. Original identifier/TU and exactness remain unknown."
0x00430250,200,0x00430317,FUN_00430250,FrontEndControllerView::AssignKeyConfigBinding,FrontEnd,unclassified,0.00,"internal EAX FrontEndControllerView*, ECX binding index, EDX button index / RET","void (int, int)",false,src/FrontEnd.cpp,"The binding helper preserves uniqueness across the five editable action slots by swapping the displaced button, refreshes all displayed digits, and plays the selection sound.",authored,"Reviewed physical extent 0x00430250-0x00430317 = 200 bytes, followed by eight CC bytes before 0x00430320. The EAX/ECX/EDX seam is an optimizer-private ABI observed at both call sites; original identifier/TU and exactness remain unknown."
0x00430320,888,0x00430697,FUN_00430320,FrontEndControllerView::UpdateDifficulty,FrontEnd,unclassified,0.00,1 stack FrontEndControllerView* / RET 4,int (FrontEndControllerView *),false,src/FrontEnd.cpp,"The five-state difficulty controller selects the normal or Extra ANM root, handles four normal difficulties versus one Extra entry, confirms the selected child VM, and transitions to character selection or back to the title menu.",authored,"Reviewed physical owner 0x00430320-0x00430697 = 888 bytes. Executable code ends in RET 4 at 0x0043067E-0x00430680, 0x00430681-0x00430683 is alignment, and the directly referenced five-entry state table occupies 0x00430684-0x00430697. The one-stack ABI is target-observed; original identifier/TU and exactness remain unknown."
0x004306A0,956,0x00430A5B,FUN_004306a0,FrontEndControllerView::UpdateCharacter,FrontEnd,unclassified,0.00,1 stack FrontEndControllerView* / RET 4,int (FrontEndControllerView *),false,src/FrontEnd.cpp,"The five-state character controller filters Extra-mode entries from six profile unlock bytes, drives the two-entry horizontal cursor and four child-VM confirmation interrupts, and transitions between difficulty and shot-type selection.",authored,Reviewed physical owner 0x004306A0-0x00430A5B = 956 bytes. Executable code ends in RET 4 at 0x00430A45-0x00430A47 and the directly referenced five-entry state table occupies 0x00430A48-0x00430A5B; four CC bytes follow before 0x00430A60. The one-stack ABI is target-observed; original identifier/TU and exactness remain unknown.
0x00430A60,1424,0x00430FEF,FUN_00430a60,FrontEndControllerView::UpdateShotType,FrontEnd,unclassified,0.00,1 stack FrontEndControllerView* / RET 4,int (FrontEndControllerView *),false,src/FrontEnd.cpp,"The five-state shot-type controller applies per-character Extra unlocks, hides three profile-record children, drives the three-entry ANM cursor, and commits normal-game or practice stage state after its confirmation transition.",authored,"Reviewed physical owner 0x00430A60-0x00430FEF = 1424 bytes. Executable code ends in RET 4 at 0x00430FD8-0x00430FDA, 0x00430FDB is a one-byte NOP, and the directly referenced five-entry state table occupies 0x00430FDC-0x00430FEF. The one-stack ABI is target-observed; original identifier/TU and exactness remain unknown."
0x00430FF0,1052,0x0043140B,FUN_00430ff0,FrontEndControllerView::UpdateStage,FrontEnd,unclassified,0.00,1 stack FrontEndControllerView* / RET 4,int (FrontEndControllerView *),false,src/FrontEnd.cpp,"The five-state stage controller restores a six-entry cursor, rejects unavailable profile stages, records numeric-key stage shortcuts, and transitions to game start or back to shot-type selection.",authored,"Reviewed physical owner 0x00430FF0-0x0043140B = 1052 bytes. Executable code ends in RET 4 at 0x004313F4-0x004313F6, 0x004313F7 is a one-byte NOP, and the directly indexed five-entry state table occupies 0x004313F8-0x0043140B. The one-stack ABI is target-observed; original identifier/TU and exactness remain unknown."
0x00431410,419,0x004315B2,FUN_00431410,FrontEndControllerView::DrawStageScores,FrontEnd,unclassified,0.00,internal EDI FrontEndControllerView* / RET,int (),false,src/FrontEnd.cpp,"The stage-selection display emits six profile-backed stage rows, distinguishes unavailable and selected entries by color, blinks the confirmed row, and restores ASCII draw state.",authored,"Reviewed physical extent 0x00431410-0x004315B2 = 419 bytes, followed by thirteen CC bytes. The front-end draw callback calls this owner at 0x0042D2A8 while retaining the controller in EDI; this private seam does not establish a source calling convention. Original identifier/TU and exactness remain unknown."
0x004315C0,1492,0x00431B93,FUN_004315c0,FrontEndControllerView::UpdateReplay,FrontEnd,unclassified,0.00,1 stack FrontEndControllerView* / RET 4,int (FrontEndControllerView *),false,src/FrontEnd.cpp,"The six-state replay controller loads twenty-five numbered slots plus bounded user replays, selects one of seven available stage streams, commits replay character/shot/difficulty and game-start globals, and releases all fifty replay owners on cancellation.",authored,"Reviewed physical owner 0x004315C0-0x00431B93 = 1492 bytes. Executable code ends in RET 4 at 0x00431B77-0x00431B79, 0x00431B7A-0x00431B7B is MOV EDI EDI alignment, and the directly indexed six-entry state table occupies 0x00431B7C-0x00431B93. Twelve CC bytes follow before 0x00431BA0. Original identifier/TU and exactness remain unknown."
0x00431BA0,825,0x00431ED8,FUN_00431ba0,FrontEndControllerView::DrawReplay,FrontEnd,unclassified,0.00,1 stack FrontEndControllerView* / RET 4,int (FrontEndControllerView *),false,src/FrontEnd.cpp,"The replay display draws twenty-five fixed replay rows with date, shot, rank, completion and slowdown metadata, then animates the selected replay and exposes seven stage score rows.",authored,"Reviewed physical extent 0x00431BA0-0x00431ED8 = 825 bytes, ending in RET 4 and followed by seven CC bytes before 0x00431EE0. The front-end draw callback pushes the controller at 0x0042D275 and calls this owner at 0x0042D276. Original identifier/TU and exactness remain unknown."
0x00431EE0,1968,0x0043268F,FUN_00431ee0,FrontEndControllerView::UpdatePractice,FrontEnd,unclassified,0.00,1 stack FrontEndControllerView* / RET 4,int (FrontEndControllerView *),false,src/FrontEnd.cpp,"The four-state practice-record controller coordinates shot, difficulty and page cursors; creates the ten-row ASCII ANM view; handles the hidden keyboard unlock sequence; and returns to the title menu.",authored,"Reviewed physical owner 0x00431EE0-0x0043268F = 1968 bytes. Executable code ends in RET 4 at 0x0043267A-0x0043267C, 0x0043267D-0x0043267F is LEA ECX,[ECX] alignment, and the directly indexed four-entry state table occupies 0x00432680-0x0043268F. Original identifier/TU and exactness remain unknown."
0x00432690,850,0x004329E1,FUN_00432690,FrontEndControllerView::RefreshPracticeRecords,FrontEnd,unclassified,0.00,internal ECX FrontEndControllerView* / RET,int (),false,src/FrontEnd.cpp,"The practice-record refresh filters 110 catalog rows by difficulty, skips earlier pages, formats up to ten unlocked names with two profile counters, and blanks unused ASCII ANM rows.",authored,"Reviewed physical extent 0x00432690-0x004329E1 = 850 bytes, ending in RET and followed by fourteen CC bytes before 0x004329F0. Three direct calls from UpdatePractice retain the controller in ECX; the private seam does not establish original source ownership or exactness."
0x004329F0,689,0x00432CA0,FUN_004329f0,FrontEndControllerView::DrawPractice,FrontEnd,unclassified,0.00,internal EDI FrontEndControllerView* / RET,int (),false,src/FrontEnd.cpp,"The practice display draws ten profile-backed score rows on its summary page and emits the selected shot's aggregate count, play time and difficulty-specific count.",authored,"Reviewed physical extent 0x004329F0-0x00432CA0 = 689 bytes, ending in RET and followed by fifteen CC bytes before 0x00432CB0. The front-end draw dispatcher calls this owner at 0x0042D282 with the controller retained in EDI; this private seam does not establish original source ownership or exactness."
0x00432CB0,1400,0x00433227,FUN_00432cb0,FrontEndControllerView::UpdateScoreEntry,FrontEnd,unclassified,0.00,1 stack FrontEndControllerView* / RET 4,int (FrontEndControllerView *),false,src/FrontEnd.cpp,"The four-state high-score entry controller inserts the current score, initializes an eight-character name from the profile, drives a 91-entry keyboard cursor, commits the chosen name, and transitions to the result screen.",authored,"Reviewed physical owner 0x00432CB0-0x00433227 = 1400 bytes. Executable code ends in RET 4 at 0x00433213-0x00433215, 0x00433216-0x00433217 is MOV EDI,EDI alignment, and the directly indexed four-entry state table occupies 0x00433218-0x00433227. Original identifier/TU and exactness remain unknown."
0x00433230,826,0x00433569,FUN_00433230,FrontEndControllerView::DrawScoreEntry,FrontEnd,unclassified,0.00,1 stack FrontEndControllerView* / RET 4,int (FrontEndControllerView *),false,src/FrontEnd.cpp,"The score-entry display draws ten profile-backed score rows, overlays the editable eight-character name and caret on the inserted row, and emits the 13-column keyboard with three control glyphs.",authored,"Reviewed physical extent 0x00433230-0x00433569 = 826 bytes, ending in RET 4 and followed by six CC bytes before 0x00433570. The front-end draw dispatcher pushes the controller at 0x0042D28E and calls this owner at 0x0042D28F. Original identifier/TU and exactness remain unknown."
0x00433570,1440,0x00433B0F,FUN_00433570,,,unclassified,0.00,,,false,,Ghidra 12.1.3 auto-analysis candidate; boundary unreviewed,authored,Complete target decode; directly calls reviewed authored 0x004294A0 and references shared game global 0x00492590 (target-authored-neighbor-and-global-2026-09-17). Subsystem and source unit remain unknown.
0x00433B30,955,0x00433EEA,FUN_00433b30,,,unclassified,0.00,,,false,,Ghidra 12.1.3 auto-analysis candidate; boundary unreviewed,authored,"Complete target decode; calls reviewed authored 0x00401630 and references target .data address 0x004776E0, used by at least two earlier reviewed authored bodies and no excluded body (target-authored-data-and-edge-2026-09-17). Subsystem and source unit remain unknown."
0x00433EF0,2778,0x004349C9,FUN_00433ef0,,,unclassified,0.00,,,false,,Ghidra 12.1.3 auto-analysis candidate; boundary unreviewed,authored,"Complete target decode; directly calls reviewed authored 0x00447A50 and references shared game globals 0x00491C10, 0x00491D78 (target-authored-call-and-globals-2026-09-17). Subsystem and source unit remain unknown."
0x004349E0,59,0x00434A1A,FUN_004349e0,,,unclassified,0.00,,,false,,Ghidra 12.1.3 auto-analysis candidate; boundary unreviewed,authored,Complete target decode; directly is called by reviewed authored 0x00433EF0. IDA behavior review shows game text token scan (target-ida-reviewed-game-component-2026-09-17). Original source unit and exact codegen remain unknown.
0x00434A20,92,0x00434A7B,FUN_00434a20,,,unclassified,0.00,,,false,,Ghidra 12.1.3 auto-analysis candidate; boundary unreviewed,authored,Complete target decode; directly is called by reviewed authored 0x00433EF0. IDA behavior review shows game text token copy (target-ida-reviewed-game-component-2026-09-17). Original source unit and exact codegen remain unknown.
0x00434A80,206,0x00434B4D,FUN_00434a80,,,unclassified,0.00,,,false,,Ghidra 12.1.3 auto-analysis candidate; boundary unreviewed,authored,Complete target decode; directly is called by reviewed authored 0x00433EF0. IDA behavior review shows game render object state assignment (target-ida-reviewed-game-component-2026-09-17). Original source unit and exact codegen remain unknown.
0x00434C10,16,0x00434C1F,raw_00434C10,PbgArchive::PbgArchive,,unclassified,0.00,ECX this / RET,,false,src/PbgArchive.cpp,Target static vector-constructor setup references this CC-delimited body as the 0x10-byte PbgArchive constructor; it clears all four object fields,authored,"New denominator candidate missed by Ghidra. Target startup uses 0x00434C10 with 0x00434C20 as constructor/destructor for twenty 0x10-byte objects at 0x004923B0. Canonical normal-COFF unit pbgarchive-constructor compares exact across the complete relocation-free 16-byte extent; production owner remains unknown."
0x00434C20,10,0x00434C29,FUN_00434c20,PbgArchive::~PbgArchive,,exact,100.00,ECX this / RET,,false,src/PbgArchive.cpp,Target static vector-destructor setup references this body; it moves this to ESI and calls reviewed archive Release,authored,"Reviewed 10-byte destructor extent. Under pinned VC7.1 SP1 LTCG with /EHsc /Ob1, the destructor remains a conventional ECX entry and bridges to the ESI-bound Release owner; two independent cold links replay all ten bytes and the sole Release REL32 field zero-difference."
0x00434C30,108,0x00434C9B,FUN_00434c30,PbgArchive::Load,,unclassified,0.00,internal ECX archive + EAX filename / RET,,false,src/PbgArchive.cpp,"Unique startup caller passes ECX=0x00497990 and EAX=""th10.dat""; target body releases prior state, allocates a 0x0C CPbgFile-shaped backend, parses the archive, copies the filename, and reopens it",authored,"Reviewed 108-byte authored archive load body. The target machine boundary is private/interprocedural, not promoted to a source fastcall claim. PbgArchive::Load is adjacent-supported naming after TH10 behavior was established. Maintained source compiles in both normal COFF and /GL families; physical owner/exactness remain unknown."
0x00434CA0,100,0x00434D03,FUN_00434ca0,PbgArchive::LoadFromResource,,unclassified,0.00,internal ECX archive + EAX resource name / RET,,false,src/PbgArchive.cpp,"Target CC-delimited sibling of PbgArchive::Load releases prior state, allocates a 0x10-byte resource-backed IPbgFile with vtable 0x0046F328, parses through the shared archive parser, copies the resource name, and releases on failure",authored,"Reviewed authored retained body with no direct/data/literal target entry reference. Maintained name is descriptive, not an original identifier/TU claim. Pinned normal-COFF source is also 100 bytes but mismatches because it uses ordinary stack argument/base-ctor calls while target consumes live-in EAX and inlines derived construction; same source compiles with /GL. Exactness/physical owner remain unknown."
0x00434D10,86,0x00434D65,FUN_00434d10,PbgArchive::Release,,exact,100.00,internal ESI archive / RET,,false,src/PbgArchive.cpp,"Target body frees archive filename, destroys/frees the 0x10-byte entry array, deletes the polymorphic backend through vtable slot +0x1C, and clears entries/count/backend",authored,"Reviewed 86-byte authored release body. Restoring unconditional owned-pointer clears and the duplicate filename clear, together with the target-supported /EHsc /Ob1 profile, reproduces the ESI owner, EDI zero value, EBX array-header temporary, vector-destructor helper and all 86 bytes. Two cold links replay all four fields zero-difference."
0x00434D70,93,0x00434DCC,raw_00434D70,,,unclassified,0.00,internal ESI object + stack flags / RET 4,,false,,CC-delimited target body dispatches MSVC scalar/vector deletion using flags 1/2 and the 0x10-byte PbgArchiveEntry destructor; pinned VC7.1 normal COFF automatically emits the same deleting-destructor class from maintained entry source,compiler,New denominator candidate missed by Ghidra. Extent 0x00434D70-0x00434DCC ends at RET 4 and is followed by CC padding before 0x00434DD0. Classified compiler-generated/excluded rather than authored; there is no direct modeled target xref and no source-present mapping.
0x00434DD0,281,0x00434EE8,FUN_00434dd0,PbgArchive::ReadDecompressEntry,,unclassified,0.00,internal ECX filename + 2 stack args / RET 8,,false,src/PbgArchive.cpp,"Target body finds an entry, computes compressed size from the next 0x10-byte sentinel-aware record, seeks/reads through the archive backend, selects one of eight filename-checksum decrypt profiles, transforms and conditionally decompresses data",authored,"Reviewed 281-byte physical extent 0x00434DD0-0x00434EE8; Ghidra reports 278 CFG body addresses because its unreachable analysis omits the real signed-mod correction at 0x00434E80-0x00434E84. Stack args are archive object and output buffer; source-level convention/physical owner remain unknown. Maintained source is source-present, not exact."
0x00434EF0,51,0x00434F22,FUN_00434ef0,PbgArchive::GetEntryDecompressedSize,,unclassified,0.00,internal EAX archive + EBX filename / RET,,false,src/PbgArchive.cpp,Target body searches 0x10-byte entries by case-insensitive filename and returns entry +0x08 decompressed size or zero,authored,"Reviewed 51-byte authored body. The lookup logic duplicates/inlines FindEntry under a private register ABI. Canonical linked-PE replay covers the complete PDB-owned extent and its sole REL32 _stricmp field with zero differences; production physical ownership remains unknown."
0x00434F30,53,0x00434F64,FUN_00434f30,PbgArchive::FindEntry,,unclassified,0.00,internal EAX archive + EBX filename / RET,,false,src/PbgArchive.cpp,Target body walks archive entries/count at +0/+4 in 0x10-byte strides and returns the case-insensitive filename match,authored,"Reviewed 53-byte authored entry lookup. Target machine inputs are live-in EAX archive and EBX filename. Canonical linked-PE replay covers the complete PDB-owned extent and its sole REL32 _stricmp field with zero differences; production physical ownership remains unknown."
0x00434F70,350,0x004350CD,FUN_00434f70,PbgArchive::ParseHeader,,unclassified,0.00,internal ESI archive + 1 stack filename / RET 4,,false,src/PbgArchive.cpp,"Target body opens and reads a 16-byte archive header, decrypts it, verifies THA1 magic, decodes table sizes/count, reads/decrypts/decompresses the file table, and builds the entry array",authored,"Reviewed 350-byte authored parser. TH10 target establishes THA1 magic 0x31414854 and encoded constants 123456789, 987654321, and 135792468 plus decrypt parameters. Adjacent TH095 source strongly corroborates source shape but transfers no ownership/exactness."
0x004350D0,327,0x00435216,FUN_004350d0,PbgArchive::AllocEntries,,unclassified,0.00,3 stack args / RET 0xC; source this unused,,false,src/PbgArchive.cpp,"Target allocates count+1 0x10-byte records, vector-constructs them, copies filename plus three file-table dwords into +0/+4/+8/+0xC, and writes the sentinel next data offset and zero decompressed size",authored,Reviewed 327-byte authored entry-table builder. Target machine body has only three stack inputs because the source-level member this is unused/elided. This closes the 0x10-byte entry layout and sentinel rule without adjacent-game transfer. Source mapping does not prove per-function LTCG ownership.
0x00435220,47,0x0043524E,FUN_00435220,PbgArchive::CopyFileName,,unclassified,0.00,internal EDI filename / RET,,false,src/PbgArchive.cpp,Target body allocates strlen(filename)+1 bytes and copies the NUL-terminated filename byte-for-byte,authored,"Reviewed 47-byte authored filename-copy helper. Target consumes filename through live-in EDI. Canonical linked-PE replay covers the complete PDB-owned extent and its sole REL32 malloc field with zero differences; production physical ownership remains unknown."
0x00435250,26,0x00435269,FUN_00435250,PbgArchiveEntry::~PbgArchiveEntry,,unclassified,0.00,ECX this / RET,,false,src/PbgArchive.cpp,Target body frees the entry filename when non-null and clears the filename field; vector destruction sites reference it as the 0x10-byte entry destructor,authored,Reviewed 26-byte authored entry destructor. Canonical normal-COFF unit pbgarchive-entry-destructor replays the REL32 free call and compares exact across the complete extent; production owner remains unknown.
0x00435270,12,0x0043527B,raw_00435270,PbgArchive::SeekPastInt,,unclassified,0.00,internal EAX void** / RET,,false,src/PbgArchive.cpp,CC-delimited retained target body advances a pointed file-table cursor by four bytes and returns the dword at the new cursor; AllocEntries contains the same operation inline,authored,"New denominator candidate missed by Ghidra. It has no direct entry xref, but the target AllocEntries body inlines the same cursor step and adjacent committed archive source defines SeekPastInt. Canonical linked-PE replay covers the complete 12-byte PDB extent with zero linked fields and raw byte equality; production physical ownership remains unknown."
0x00435280,51,0x004352B2,raw_00435280,PbgArchive::SeekPastString,,unclassified,0.00,internal EDX void** / RET,,false,src/PbgArchive.cpp,CC-delimited retained target body advances a pointed cursor past a NUL-terminated string and rounds the cursor to the next four-byte boundary; AllocEntries contains the same operation inline,authored,"New denominator candidate missed by Ghidra. No direct entry xref is modeled, but TH10 AllocEntries inlines the same aligned string advance and adjacent committed archive source corroborates SeekPastString. Canonical linked-PE replay covers the complete 51-byte PDB extent with zero linked fields and raw byte equality; production physical ownership remains unknown."
0x004352C0,9,0x004352C8,raw_004352C0,PbgArchiveEntry::PbgArchiveEntry,,unclassified,0.00,ECX this / RET,,false,src/PbgArchive.cpp,Target vector-constructor iterator references this CC-delimited body directly; it sets the entry filename field to null,authored,"New denominator candidate missed by Ghidra. Canonical normal-COFF unit pbgarchive-entry-constructor compares exact across the complete relocation-free nine-byte extent; production owner remains unknown."
0x00435300,21,0x00435314,raw_00435300,CPbgFile::CPbgFile,,exact,100.00,internal EAX this / RET,,false,src/PbgFile.cpp,"Target CC-delimited body writes the nine-slot CPbgFile vtable, INVALID_HANDLE_VALUE, and zero desired access; derived vtable and 0x0C layout are independently target-verified",authored,Canonical linked-PE unit uses maintained PbgArchive::Load as the real /GL caller context with src/PbgFile.cpp as the owned source and src/PbgArchive.cpp as support. Two independent cold links reproduce the complete 21-byte PDB extent; all 17 ordinary bytes match and the sole CPbgFile vtable DIR32 replays to 0x0046F230. This bounded codegen claim does not establish the production TU/link graph.
0x00435320,30,0x0043533D,FUN_00435320,,,unclassified,0.00,ECX this + stack flags / RET 4,,false,,Target CPbgFile vtable +0x1C points here; flags bit 0 dispatches object deletion after calling the reviewed non-deleting destructor,compiler,"Reviewed MSVC scalar deleting-destructor pattern. Classified compiler-generated/excluded; the maintained source compiler also emits this helper class, but code shape is optimizer-context dependent."
0x00435340,46,0x0043536D,FUN_00435340,CPbgFile::~CPbgFile,,unclassified,0.00,ECX this / RET,,false,src/PbgFile.cpp,"Target body restores the CPbgFile vptr, closes a valid Win32 handle, clears handle/access, then restores the IPbgFile base vptr",authored,"Reviewed authored destructor. Canonical normal-COFF unit pbgfile-destructor replays all three DIR32 relocations and compares exact across the complete 46-byte extent; production TU and LTCG physical ownership remain unknown."
0x00435370,239,0x0043545E,FUN_00435370,CPbgFile::Open,,exact,100.00,ECX this + 2 stack args / RET 8,,false,src/PbgFile.cpp,"Derived vtable +0x00 points here; target parses r/w/a modes, resolves a full path, and calls CreateFileA with the observed Win32 access/disposition/share/attribute values",authored,"Reviewed physical extent 0x00435370-0x0043545E = 239 bytes. Target prologue/epilogue establish a VC7.1 /GS security-cookie frame. Initializing creationDisposition to zero restores the target local lifetime: two independent pinned VC7.1 /GL+/GS cold links reproduce the full 239-byte PDB contribution zero-difference after replaying six security-cookie/import/helper link fields. All eight existing PbgFile normal-COFF exact units were rebuilt twice and remained structural-exact, and both existing linked PbgFile contexts remained normalized zero-difference."
0x00435460,34,0x00435481,FUN_00435460,CPbgFile::Close,,unclassified,0.00,ECX this / RET,,false,src/PbgFile.cpp,Derived vtable +0x04 points here; target closes a valid handle then writes INVALID_HANDLE_VALUE and zero desired access,authored,Reviewed authored Close body. Canonical normal-COFF unit pbgfile-close replays its DIR32 import relocation and compares exact across the complete 34-byte extent; production owner remains unknown.
0x00435490,57,0x004354C8,raw_00435490,CPbgFile::Read,,unclassified,0.00,ECX this + 2 stack args / RET 8,,false,src/PbgFile.cpp,"Derived vtable +0x08 points directly to this Ghidra-missed body; it requires GENERIC_READ, calls ReadFile, and returns bytes read",authored,"New denominator candidate missed by Ghidra. The ret 8 operands extend through 0x004354C8; 0x004354C9 onward is CC padding. Canonical normal-COFF unit pbgfile-read replays its DIR32 import relocation and compares exact across the complete 57-byte extent; production owner remains unknown."
0x004354D0,63,0x0043550E,raw_004354D0,CPbgFile::Write,,exact,100.00,ECX this + 2 stack args / RET 8,,false,src/PbgFile.cpp,"Derived vtable +0x0C points directly to this Ghidra-missed body; it requires GENERIC_WRITE, calls WriteFile, and returns whether the requested byte count was written",authored,New denominator candidate missed by Ghidra. The ret 8 operands end at 0x0043550E and 0x0043550F is CC padding. Writing the final equality as an explicit true/false branch makes pinned VC7.1 SP1 normal COFF emit the target direct memory compare and SETE form. Canonical unit pbgfile-write replays the complete 63-byte extent and sole __imp__WriteFile@20 DIR32 relocation with zero difference on two independent cold builds.
0x00435510,25,0x00435528,raw_00435510,CPbgFile::Tell,,unclassified,0.00,ECX this / RET,,false,src/PbgFile.cpp,"Derived vtable +0x10 points directly to this Ghidra-missed body; invalid handle returns zero, otherwise SetFilePointer uses FILE_CURRENT",authored,New denominator candidate missed by Ghidra. Canonical normal-COFF unit pbgfile-tell replays its DIR32 import relocation and compares exact across the complete 25-byte extent; production owner remains unknown.
0x00435530,21,0x00435544,raw_00435530,CPbgFile::GetSize,,unclassified,0.00,ECX this / RET,,false,src/PbgFile.cpp,"Derived vtable +0x14 points directly to this Ghidra-missed body; invalid handle returns zero, otherwise it calls GetFileSize",authored,New denominator candidate missed by Ghidra. Canonical normal-COFF unit pbgfile-get-size replays its DIR32 import relocation and compares exact across the complete 21-byte extent; production owner remains unknown.
0x00435550,37,0x00435574,raw_00435550,CPbgFile::Seek,,unclassified,0.00,ECX this + 2 stack args / RET 8,,false,src/PbgFile.cpp,"Derived vtable +0x18 points directly to this Ghidra-missed body; invalid handle returns false, otherwise SetFilePointer uses the supplied offset/origin and returns true",authored,"New denominator candidate missed by Ghidra. The ret 8 operands extend through 0x00435574. Canonical normal-COFF unit pbgfile-seek replays its DIR32 import relocation and compares exact across the complete 37-byte extent; production owner remains unknown."
0x00435580,137,0x00435608,FUN_00435580,CPbgFile::ReadWholeFile,,exact,100.00,ECX this + 1 stack arg / RET 4,,false,src/PbgFile.cpp,"Derived CPbgFile vtable +0x20 points here after the inherited destructor slot; target checks GENERIC_READ and max size, mallocs, saves/restores position, reads through virtual methods, and frees on read failure",authored,Replacing the two seek-origin table reads with their target-observed constant FILE_BEGIN value 0 lets pinned VC7.1 SP1 normal COFF reproduce the complete 137-byte body. Two independent cold compiles replay all 137 bytes and both malloc/free REL32 fields exactly; the seven pre-existing PbgFile.obj exact units remain exact.
0x00435610,121,0x00435688,FUN_00435610,CPbgFile::GetFullFilePath,,unclassified,0.00,internal EAX filename + ECX buffer / RET,,false,src/PbgFile.cpp,Unique reviewed Open call supplies filename in live-in EAX and destination buffer in ECX; target copies drive-qualified paths or prefixes the module directory,authored,"Reviewed authored path helper. Canonical linked-PE unit pbgfile-get-full-file-path replays REL32 calls to the reviewed target strchr/strrchr entries and the DIR32 GetModuleFileNameA IAT slot, comparing exact across the complete 121-byte PDB-owned extent; production owner remains unknown."
0x00435690,7,0x00435696,raw_00435690,IPbgFile::~IPbgFile,,unclassified,0.00,ECX this / RET,,false,,CC-delimited body writes the IPbgFile base vtable and returns; a pinned normal-COFF empty virtual base destructor has the same three comparable non-relocation bytes,,"New denominator candidate missed by Ghidra. Destructor-shaped interpretation is strongly source-shape corroborated, but original explicit/defaulted source origin and physical ownership are not established; remain unknown/review. origin indeterminate: seven-byte vtable restoration body; IDA shows C++ object initialization or teardown; source-authored body versus compiler-generated lifecycle contribution remains unresolved (target-ida-origin-indeterminate-2026-09-18; reviewed target 0x00435690, 7 bytes)."
0x004356A0,31,0x004356BE,raw_004356A0,,,unclassified,0.00,ECX this + stack flags / RET 4,,false,,"IPbgFile base vtable +0x1C points here; target writes the base vptr, conditionally deletes on flags bit 0, and returns this",compiler,New denominator candidate missed by Ghidra. Classified as the MSVC base scalar deleting destructor; pinned normal COFF emits the same 31-byte helper with 23/23 comparable non-relocation bytes.
0x004356C0,7,0x004356C6,raw_004356C0,IPbgFile::IPbgFile,,unclassified,0.00,internal EAX object / RET,,false,,CC-delimited body writes the IPbgFile base vtable through live-in EAX and returns; standalone normal COFF adds an ECX-to-EAX move,,"New denominator candidate missed by Ghidra. Constructor-shaped interpretation is plausible and adjacent source defines an IPbgFile constructor, but TH10 entry ownership/source origin remain unresolved; keep unknown/review. origin indeterminate: seven-byte vtable initialization body; IDA shows C++ object initialization or teardown; source-authored body versus compiler-generated lifecycle contribution remains unresolved (target-ida-origin-indeterminate-2026-09-18; reviewed target 0x004356C0, 7 bytes)."
0x004356D0,20,0x004356E3,raw_004356D0,,,unclassified,0.00,internal ESI path / RET,,false,,CC-delimited retained helper returns the byte after the first slash in live-in ESI or the original pointer when no slash exists,,"New denominator candidate missed by Ghidra. Behavior is directly observed, but no target entry xref or independent original identifier/source ownership has been established; keep unknown/review. origin indeterminate: short lifecycle-shaped extent with no usable IDA decompilation; the physical target extent is reviewed, but IDA lacks an independent entry anchor or usable function body for source attribution (target-ida-origin-indeterminate-2026-09-18; reviewed target 0x004356D0, 20 bytes)."
0x004356F0,212,0x004357C3,FUN_004356f0,,,unclassified,0.00,ECX path / RET,,false,,Target derives a .dat archive filename from the first path component and scans the active 0x10-byte PbgArchive array at 0x004923B0 using count 0x00477850,authored,"Reviewed central archive lookup helper. It is shared by the archive-aware read and size helpers; the target string .\src\pack\File.cpp exists but has no code xref, so no original source-file mapping or name is claimed."
0x004357D0,36,0x004357F3,raw_004357D0,,,unclassified,0.00,internal EAX archive filename / RET,,false,,"CC-delimited body selects the next 0x10-byte archive object from 0x004923B0 using count 0x00477850, calls reviewed PbgArchive::Load, and increments the count on success",authored,New denominator candidate missed by Ghidra. This is retained game-specific archive lifecycle logic with no direct entry xref; original identifier/source/TU ownership remain unknown.
0x00435800,214,0x004358D5,FUN_00435800,,,unclassified,0.00,ECX path + 1 stack output buffer / RET 4,,false,,"Target first resolves a matching loaded archive and reads the path suffix through PbgArchive::ReadDecompressEntry; otherwise it constructs a temporary CPbgFile, opens the disk path, and calls CPbgFile::ReadWholeFile",authored,"Reviewed archive-or-disk read helper. Unique direct consumer is the adjacent ResFile owner seam at 0x00436400. The observed target File.cpp path string has no code xref, so source mapping/name remain unknown."
0x004358E0,190,0x0043599D,FUN_004358e0,,,unclassified,0.00,ECX path / RET,,false,,"Target shares the archive lookup path with 0x00435800, returns PbgArchive decompressed size for archive entries, or opens a temporary CPbgFile and returns disk GetFileSize",authored,Reviewed required sibling size helper because the same ResFile caller at 0x00436400 immediately consumes it with the archive-or-disk reader. Original name/source/TU owner remain unknown.
0x004359B0,1029,0x00435DB4,FUN_004359b0,CompressData,,unclassified,0.00,3 stack args / RET 12,,false,src/Lzss.cpp,"Target CC-delimited encoder allocates inputSize*2, resets the shared 0x2000 dictionary and 0x2001-node tree, emits literal or 13-bit-offset/4-bit-length LZSS tokens, updates the sliding dictionary/tree, writes output size, and returns the compressed buffer",authored,"Reviewed authored encoder with two target callers. Maintained CompressData is descriptive/adjacent-supported after TH10-local algorithm and LzssUtil.cpp source-family evidence. Fixed normal COFF is also 1029 bytes but mismatches 23/913 comparable bytes; /GL compiles and target helper lowering is private/interprocedural, so profile/exactness remain unknown."
0x00435DC0,475,0x00435F9A,FUN_00435dc0,DecompressData,,unclassified,0.00,4 stack args / RET 16,,false,src/Decompress.cpp,"Target CC-delimited decoder consumes input/input-size/output-or-null/output-size, decodes 1-bit literal/backreference tags with 13-bit offsets and 4-bit lengths, and reads/writes the 0x2000-byte ring at 0x0048F868",authored,"Reviewed authored LZSS-style decoder. Maintained DecompressData is adjacent-supported naming after TH10 algorithm recovery. Fixed normal COFF is also 475 bytes but mismatches 53/459 comparable bytes; the same natural source compiles with /GL, so physical profile/exactness remain unknown."
0x00435FA0,36,0x00435FC3,raw_00435FA0,Lzss::InitTree,,unclassified,0.00,internal EAX root / RET,,false,src/Lzss.cpp,"Ghidra-missed CC-delimited body stores root in the 0x2000 sentinel node, sets tree[root].parent to 0x2000, and clears both child links; the encoder inlines the same logic",authored,"Reviewed retained authored helper now mapped with the coherent LZSS owner. Canonical linked-PE replay covers the complete 36-byte PDB extent and all four g_LzssTree DIR32 fields with zero differences; production physical ownership remains unknown."
0x00435FD0,42,0x00435FF9,raw_00435FD0,Lzss::InitEncoderState,,unclassified,0.00,no explicit args / RET,,false,src/Lzss.cpp,Ghidra-missed CC-delimited body clears exactly 0x2000 shared dictionary bytes and all 0x2001 three-dword tree nodes; the encoder inlines the same reset,authored,"Reviewed retained authored helper mapped with the coherent LZSS owner. Canonical normal-COFF unit lzss-init-encoder-state replays all three DIR32 data relocations and compares exact across the complete 42-byte extent; production owner remains unknown."
0x00436000,516,0x00436203,FUN_00436000,Lzss::AddString,,unclassified,0.00,internal EDX newNode + 1 stack matchPosition / RET 4,,false,src/Lzss.cpp,"Target searches the tree rooted at sentinel.right, compares up to 18 dictionary bytes with 0x1FFF wrapping, tracks the longest match/position, replaces a full 18-byte match, or inserts the new node into the left/right child slot",authored,Reviewed 516-byte authored tree matcher. Fixed normal COFF is also 516 bytes and matches 251/440 comparable bytes but uses ordinary source ABI; target consumes newNode in EDX and callee-pops only matchPosition. /GL compiles; exactness/physical owner remain unknown.
0x00436210,80,0x0043625F,FUN_00436210,Lzss::DeleteString,,unclassified,0.00,ECX node / RET,,false,src/Lzss.cpp,"Target removes a tree node: returns when parent is zero, contracts a one-child node, or finds/deletes a replacement and tail-dispatches ReplaceNode for the two-child case",authored,"Reviewed 80-byte authored recursive tree deletion helper. Direct target disassembly shows the node argument live in ECX, including the recursive call. Maintained static __fastcall source now encodes that ABI; exactness and production owner remain unknown."
0x00436260,79,0x004362AE,FUN_00436260,Lzss::ContractNode,,unclassified,0.00,internal ESI oldNode + EDX newNode / RET,,false,src/Lzss.cpp,"Target transfers oldNode parent to newNode, redirects the parent left/right child depending on which points to oldNode, then clears oldNode.parent",authored,"Reviewed 79-byte authored tree contraction helper. Canonical linked-PE replay covers the complete PDB extent and all eight g_LzssTree DIR32 fields with zero differences; production physical ownership remains unknown."
0x004362B0,117,0x00436324,FUN_004362b0,Lzss::ReplaceNode,,unclassified,0.00,internal EAX oldNode + ECX newNode / RET,,false,src/Lzss.cpp,"Target redirects oldNode parent to newNode, copies all three old-node fields into newNode, updates both child parent links, then clears oldNode.parent",authored,"Reviewed 117-byte authored tree replacement helper. Canonical linked-PE replay covers the complete PDB extent and all nine g_LzssTree DIR32 fields with zero differences; production physical ownership remains unknown."
0x00436330,49,0x00436360,FUN_00436330,Lzss::FindNextNode,,unclassified,0.00,internal EAX node / RET,,false,src/Lzss.cpp,"Target starts from node.left and follows right-child links until zero, returning the rightmost descendant in EAX",authored,"Reviewed physical extent is 49 bytes through RET at 0x00436360, including the retained six-byte alignment LEA at 0x0043634A. Canonical linked-PE replay covers all three g_LzssTree DIR32 fields with zero differences; production physical ownership remains unknown."
0x00436370,5,0x00436374,raw_00436370,CMemoryPbgFile::Write,,unclassified,0.00,ECX this + 2 stack args / RET 8,,false,src/ResFile.cpp,Both ResFile vtables +0x0C point to this CC-delimited body; target always returns false for the read-only memory-backed file implementation,authored,"New denominator candidate missed by Ghidra. Descriptive maintained-source name only; original identifier/TU owner unknown. Canonical normal-COFF unit memory-pbgfile-write compares exact across the complete relocation-free five-byte extent; production owner remains unknown."
0x00436380,18,0x00436391,raw_00436380,CMemoryPbgFile::CMemoryPbgFile,,exact,100.00,internal EAX this / RET,,false,src/ResFile.cpp,"CC-delimited body writes vtable 0x0046F308 and zeroes target fields +0x04/+0x08/+0x0C, establishing the 0x10-byte memory-file object layout",authored,"Reviewed physical extent 0x00436380-0x00436391 = 18 bytes. Two independent pinned VC7.1 /GL cold links using CMemoryPbgFile::Open as the real source entry produce the same 18-byte PDB contribution with the target EAX receiver; after replaying the sole vtable DIR32 field at +0x04 to ??_7CMemoryPbgFile@@6B@ = 0x0046F308, both extents are zero-difference. All six existing ResFile normal-COFF exact units were independently rebuilt twice and remain structural-exact. This bounded codegen result does not establish production physical ownership."
0x004363A0,30,0x004363BD,FUN_004363a0,,,unclassified,0.00,ECX this + stack flags / RET 4,,false,,ResFile vtable 0x0046F308 +0x1C points here; target calls 0x004363C0 and conditionally invokes operator delete when deleting flags bit 0 is set,compiler,Reviewed MSVC scalar deleting-destructor pattern for the memory-file implementation; compiler-generated/excluded and not source-present.
0x004363C0,49,0x004363F0,FUN_004363c0,CMemoryPbgFile::~CMemoryPbgFile,,unclassified,0.00,ECX this / RET,,false,src/ResFile.cpp,"Target installs vtable 0x0046F308, frees owned buffer +0x0C when non-null, clears size/current/data, then restores IPbgFile vtable 0x0046F210",authored,"Reviewed authored cleanup body. Descriptive maintained-source name only; original identifier/TU owner unknown. Canonical normal-COFF unit memory-pbgfile-destructor replays its two vtable DIR32 relocations and REL32 free call and compares exact across the complete 49-byte extent; production owner remains unknown."
0x00436400,46,0x0043642D,raw_00436400,CMemoryPbgFile::Open,,unclassified,0.00,ECX this + 2 stack args / RET 8,,false,src/ResFile.cpp,"ResFile vtable +0x00 points here; target passes filename to reviewed archive-or-disk read/size helpers, stores owned data at +0x0C, size at +0x04, cursor at +0x08, and returns data != NULL",authored,New denominator candidate missed by Ghidra. Second stack argument is ignored. Maintained helper names/calling convention are descriptive because original File.cpp helper identifiers/TU ownership remain unknown; normal-COFF probe mismatches while /GL compiles.
0x00436430,37,0x00436454,FUN_00436430,CMemoryPbgFile::Close,,unclassified,0.00,ECX this / RET,,false,src/ResFile.cpp,"Both ResFile vtables +0x04 point here; target frees owned buffer +0x0C when non-null then clears data, size, and cursor fields",authored,Reviewed authored Close body. Descriptive maintained-source name only. Canonical normal-COFF unit memory-pbgfile-close replays its REL32 free call and compares exact across the complete 37-byte extent; production owner remains unknown.
0x00436460,108,0x004364CB,raw_00436460,CMemoryPbgFile::Read,,unclassified,0.00,ECX this + 2 stack args / RET 8,,false,src/ResFile.cpp,"Both ResFile vtables +0x08 point here; target copies min(requested, remaining) bytes from cursor +0x08, advances the cursor, and returns bytes copied",authored,New denominator candidate missed by Ghidra. Descriptive maintained-source name only. Canonical normal-COFF unit memory-pbgfile-read compares exact across the complete relocation-free 108-byte extent; production owner remains unknown.
0x004364D0,7,0x004364D6,raw_004364D0,CMemoryPbgFile::Tell,,unclassified,0.00,ECX this / RET,,false,src/ResFile.cpp,Both ResFile vtables +0x10 point here; target returns current pointer +0x08 minus owned data pointer +0x0C,authored,New denominator candidate missed by Ghidra. Canonical normal-COFF unit memory-pbgfile-tell compares exact across the complete relocation-free seven-byte extent; source name is descriptive and production owner remains unknown.
0x004364E0,4,0x004364E3,raw_004364E0,CMemoryPbgFile::GetSize,,unclassified,0.00,ECX this / RET,,false,src/ResFile.cpp,Both ResFile vtables +0x14 point here; target returns the DWORD size field at +0x04,authored,New denominator candidate missed by Ghidra. Canonical normal-COFF unit memory-pbgfile-get-size compares exact across the complete relocation-free four-byte extent; source name is descriptive and production owner remains unknown.
0x004364F0,107,0x0043655A,raw_004364F0,CMemoryPbgFile::Seek,,unclassified,0.00,ECX this + 2 stack args / RET 8,,false,src/ResFile.cpp,"Both ResFile vtables +0x18 point here; target implements FILE_BEGIN/CURRENT/END cursor updates with strict target-observed bounds, including negative current offsets and rejecting exact-end/exact-beginning boundary cases",authored,New denominator candidate missed by Ghidra. Maintained source preserves the observed unusual bounds rather than normalizing them. Normal-COFF probe has the same 107-byte extent but a different control-flow/code shape; profile/owner/exactness unknown.
0x00436570,201,0x00436638,FUN_00436570,,,unclassified,0.00,,,false,,Ghidra 12.1.3 auto-analysis candidate; boundary unreviewed,,"origin indeterminate: CreateProcessA helper with no IDA entry xref; IDA shows executable behavior, but target references do not establish whether this extent came from game source, a linked helper, or optimizer outlining (target-ida-origin-indeterminate-2026-09-18; reviewed target 0x00436570, 201 bytes)."
0x00436640,18,0x00436651,raw_00436640,,,unclassified,0.00,internal EAX this / RET,,false,,CC-delimited body clears +0x04/+0x08/+0x0C and writes derived vtable 0x0046F328; independent allocation at 0x00434CA0 reserves exactly 0x10 bytes and performs the same construction inline,,"New denominator candidate missed by Ghidra. Constructor-shaped derived lifecycle body remains unknown/review: natural source with no explicit derived constructor makes pinned VC7.1 emit an implicit 18-byte CWin32ResourcePbgFile constructor, but its normal-COFF shape calls the base constructor while target uses private EAX input and inlines base construction. This corroborates compiler synthesis as plausible without excluding an explicit original source constructor. origin indeterminate: initializes fields in a small process-related object; IDA shows C++ object initialization or teardown; source-authored body versus compiler-generated lifecycle contribution remains unresolved (target-ida-origin-indeterminate-2026-09-18; reviewed target 0x00436640, 18 bytes)."
0x00436660,30,0x0043667D,FUN_00436660,,,unclassified,0.00,ECX this + stack flags / RET 4,,false,,Derived ResFile vtable 0x0046F328 +0x1C points here; target calls 0x00436680 and conditionally invokes operator delete when deleting flags bit 0 is set,compiler,"Reviewed MSVC scalar deleting-destructor pattern for the Win32-resource-derived implementation; compiler-generated/excluded. Pinned VC7.1 automatically emits the same 30-byte deleting destructor from maintained source and matches all 22 comparable non-relocation bytes; no function exactness credit because this is compiler-origin evidence, not an accepted canonical unit."
0x00436680,49,0x004366B0,FUN_00436680,,,unclassified,0.00,ECX this / RET,,false,,"Target first restores base memory-file vtable 0x0046F308, frees/clears the shared +0x0C/+0x04/+0x08 storage, then restores IPbgFile vtable 0x0046F210",,"Destructor-shaped derived lifecycle body remains unknown/review. Maintained source declares no explicit derived destructor; fixed normal COFF does not emit a separate derived non-deleting destructor symbol in this compile, while the target retains this 49-byte body. Compiler/context evidence is therefore insufficient to choose implicit compiler synthesis versus explicit original source. origin indeterminate: tears down a process-related object; IDA shows C++ object initialization or teardown; source-authored body versus compiler-generated lifecycle contribution remains unresolved (target-ida-origin-indeterminate-2026-09-18; reviewed target 0x00436680, 49 bytes)."
0x004366C0,168,0x00436767,FUN_004366c0,CWin32ResourcePbgFile::Open,,unclassified,0.00,ECX this + 2 stack args / RET 8,,false,src/ResFile.cpp,"Derived vtable 0x0046F328 +0x00 points here; target closes current data, loads RT_RCDATA with FindResourceA/LoadResource/LockResource, mallocs/copies SizeofResource bytes into the shared 0x10-byte memory-file storage, and returns true on observed failure paths",authored,"Reviewed authored resource-backed Open override; second stack mode argument is ignored. Class name is descriptive, not an original identifier claim. Normal-COFF source probe mismatches while the same source compiles with /GL; physical owner/exactness unknown."
0x00436A30,107,0x00436A9A,FUN_00436a30,,,unclassified,0.00,,,false,,Ghidra 12.1.3 auto-analysis candidate; boundary unreviewed,authored,Complete target decode; directly is called by reviewed authored 0x00437D10. IDA behavior review shows GDI glyph bitmap cleanup (target-ida-reviewed-game-component-2026-09-17). Original source unit and exact codegen remain unknown.
0x00436AF0,421,0x00436C94,FUN_00436af0,,,unclassified,0.00,,,false,,Ghidra 12.1.3 auto-analysis candidate; boundary unreviewed,authored,Complete target decode; directly calls reviewed authored 0x00436A30. IDA behavior review shows GDI glyph bitmap creation (target-ida-reviewed-game-component-2026-09-17). Original source unit and exact codegen remain unknown.
0x00436CA0,72,0x00436CE7,FUN_00436ca0,,,unclassified,0.00,,,false,,Ghidra 12.1.3 auto-analysis candidate; boundary unreviewed,authored,Complete target decode; directly is called by reviewed authored 0x00437FE0. IDA behavior review shows GDI glyph bitmap color fill (target-ida-reviewed-game-component-2026-09-17). Original source unit and exact codegen remain unknown.
0x00436DA0,946,0x00437151,FUN_00436da0,,,unclassified,0.00,,,false,,Ghidra 12.1.3 auto-analysis candidate; boundary unreviewed,authored,Complete target decode; directly is called by reviewed authored 0x00437DB0. IDA behavior review shows GDI glyph bitmap color conversion (target-ida-reviewed-game-component-2026-09-17). Original source unit and exact codegen remain unknown.
0x00437160,157,0x004371FC,FUN_00437160,,,unclassified,0.00,,,false,,Ghidra 12.1.3 auto-analysis candidate; boundary unreviewed,authored,Complete target decode; directly is called by reviewed authored 0x00437DB0. IDA behavior review shows GDI glyph bitmap alpha inversion (target-ida-reviewed-game-component-2026-09-17). Original source unit and exact codegen remain unknown.
0x00437750,645,0x004379D4,FUN_00437750,,,unclassified,0.00,,,false,,Ghidra 12.1.3 auto-analysis candidate; boundary unreviewed,,"origin indeterminate: GDI bitmap drawing/transform body with no IDA entry xref; IDA shows executable behavior, but target references do not establish whether this extent came from game source, a linked helper, or optimizer outlining (target-ida-origin-indeterminate-2026-09-18; reviewed target 0x00437750, 645 bytes)."
0x00437A00,781,0x00437D0C,FUN_00437a00,,,unclassified,0.00,,,false,,Ghidra 12.1.3 auto-analysis candidate; boundary unreviewed,authored,Complete target decode; directly calls reviewed authored 0x00436AF0. IDA behavior review shows GDI game font and bitmap setup (target-ida-reviewed-game-component-2026-09-17). Original source unit and exact codegen remain unknown.
0x00437D10,149,0x00437DA4,FUN_00437d10,,,unclassified,0.00,,,false,,Ghidra 12.1.3 auto-analysis candidate; boundary unreviewed,authored,Complete target decode; is directly called by reviewed authored 0x00420270. IDA behavior review shows game GDI font and bitmap cleanup (target-ida-reviewed-audio-render-2026-09-17). Original owner and source unit remain unknown.
0x00437DB0,554,0x00437FD9,FUN_00437db0,,,unclassified,0.00,,,false,,Ghidra 12.1.3 auto-analysis candidate; boundary unreviewed,authored,Complete target decode; is directly called by reviewed authored 0x004479D0. IDA behavior review shows GDI glyph rendering into the game texture (target-ida-reviewed-audio-render-2026-09-17). Original owner and source unit remain unknown.
0x00437FE0,509,0x004381DC,FUN_00437fe0,,,unclassified,0.00,,,false,,Ghidra 12.1.3 auto-analysis candidate; boundary unreviewed,authored,Complete target decode; is directly called by reviewed authored 0x004479D0. IDA behavior review shows GDI glyph rendering with alternate color path (target-ida-reviewed-audio-render-2026-09-17). Original owner and source unit remain unknown.
0x004381F0,38,0x00438215,FUN_004381f0,,CxxRuntime,excluded,0.00,,,false,,Ghidra 12.1.3 auto-analysis candidate; boundary unreviewed,library,Complete target decode and IDA behavior review identify the VC7.1 std::basic_string<char> small-string destructor/reset; small-string capacity is 0xF and the reviewed CRT call anchor is retained (target-vc71-string-implementation-2026-09-17). Exact library object provenance remains unknown.
0x00438260,227,0x00438342,FUN_00438260,,CxxRuntime,excluded,0.00,,,false,,Ghidra 12.1.3 auto-analysis candidate; boundary unreviewed,library,Complete target decode and IDA behavior review identify the VC7.1 std::basic_string<char> substring assign; small-string capacity is 0xF and the reviewed CRT call anchor is retained (target-vc71-string-implementation-2026-09-17). Exact library object provenance remains unknown.
0x00438350,37,0x00438374,FUN_00438350,,CxxRuntime,excluded,0.00,,,false,,Ghidra 12.1.3 auto-analysis candidate; boundary unreviewed,library,Complete target decode and IDA behavior review identify the VC7.1 std::basic_string<char> C-string assign; small-string capacity is 0xF and the reviewed CRT call anchor is retained (target-vc71-string-implementation-2026-09-17). Exact library object provenance remains unknown.
0x00438380,83,0x004383D2,FUN_00438380,,CxxRuntime,excluded,0.00,,,false,,Ghidra 12.1.3 auto-analysis candidate; boundary unreviewed,library,Complete target decode and IDA behavior review identify the VC7.1 std::basic_string<char> small-string storage tidy; small-string capacity is 0xF and the reviewed CRT call anchor is retained (target-vc71-string-implementation-2026-09-17). Exact library object provenance remains unknown.
0x00438420,234,0x00438509,FUN_00438420,,CxxRuntime,excluded,0.00,,,false,,Ghidra 12.1.3 auto-analysis candidate; boundary unreviewed,library,Complete target decode and IDA behavior review identify the VC7.1 std::basic_string<char> C-string range assign; small-string capacity is 0xF and the reviewed CRT call anchor is retained (target-vc71-string-implementation-2026-09-17). Exact library object provenance remains unknown.
0x00438510,117,0x00438584,FUN_00438510,,CxxRuntime,excluded,0.00,,,false,,Ghidra 12.1.3 auto-analysis candidate; boundary unreviewed,library,Complete target decode and IDA behavior review identify the VC7.1 std::basic_string<char> string erase; small-string capacity is 0xF and the reviewed CRT call anchor is retained (target-vc71-string-implementation-2026-09-17). Exact library object provenance remains unknown.
0x00438590,31,0x004385AE,FUN_00438590,,CxxRuntime,excluded,0.00,,,false,,Ghidra 12.1.3 auto-analysis candidate; boundary unreviewed,library,Complete target decode and IDA behavior review identify the VC7.1 std::basic_string<char> string size and terminator update; small-string capacity is 0xF and the reviewed CRT call anchor is retained (target-vc71-string-implementation-2026-09-17). Exact library object provenance remains unknown.
0x004386B0,115,0x00438722,FUN_004386b0,,CxxRuntime,excluded,0.00,,,false,,Ghidra 12.1.3 auto-analysis candidate; boundary unreviewed,library,Complete target decode and IDA behavior review identify the VC7.1 std::basic_string<char> string growth and EH entry; small-string capacity is 0xF and the reviewed CRT call anchor is retained (target-vc71-string-implementation-2026-09-17). Exact library object provenance remains unknown.
0x00438723,32,0x00438742,Catch@00438723,,CxxEH,excluded,0.00,,,false,,Ghidra 12.1.3 auto-analysis candidate; boundary unreviewed,compiler_generated,VC7.1 C++ FuncInfo 0x00471448 TryBlockMap entry 0x00471434 HandlerType entry 0x00471410 points to this complete generated catch body (target-cxx-eh-handler-map-2026-09-17).
0x0043874C,118,0x004387C1,FUN_0043874c,,CxxRuntime,excluded,0.00,,,false,,Ghidra 12.1.3 auto-analysis candidate; boundary unreviewed,library,Complete target decode and IDA behavior review identify the VC7.1 std::basic_string<char> string growth EH continuation; small-string capacity is 0xF and the reviewed CRT call anchor is retained (target-vc71-string-implementation-2026-09-17). Exact library object provenance remains unknown.
0x004387C2,48,0x004387F1,Catch@004387c2,,CxxEH,excluded,0.00,,,false,,Ghidra 12.1.3 auto-analysis candidate; boundary unreviewed,compiler_generated,VC7.1 C++ FuncInfo 0x00471448 TryBlockMap entry 0x00471420 HandlerType entry 0x00471400 points to this complete generated catch body (target-cxx-eh-handler-map-2026-09-17).
0x00438880,103,0x004388E6,FUN_00438880,,,unclassified,0.00,,,false,,Ghidra 12.1.3 auto-analysis candidate; boundary unreviewed,authored,Complete target decode; is directly called by reviewed authored 0x00438AD0. IDA behavior review shows game window state initialization (target-ida-reviewed-audio-render-2026-09-17). Original owner and source unit remain unknown.
0x00438A30,43,0x00438A5A,FUN_00438a30,,Rendering,unclassified,0.00,internal EAX object,,false,,Target-local disassembly: both reviewed callers load the same manager pointer into EAX before this 43-byte resource-release loop; no source or exactness claim,authored,Reviewed extent 0x00438A30-0x00438A5A ends at RET; 0x00438A5B-0x00438A5F is CC padding before independent 0x00438A60. The function releases and clears 32 COM resource pointers at object +0x3AD4E0. Physical object owner/name and source-level ABI remain unknown; the EAX object convention is evidence against assuming a standalone normal-COFF member boundary.
0x00438A60,111,0x00438ACE,FUN_00438a60,,,unclassified,0.00,,,false,,Ghidra 12.1.3 auto-analysis candidate; boundary unreviewed,authored,"Complete target decode; reviewed authored 0x004391F0 directly calls this entry, which directly calls reviewed authored 0x00448270 (target-authored-call-sandwich-2026-09-17). Subsystem and source unit remain unknown."
0x00438AD0,1389,0x0043903C,FUN_00438ad0,WinMain,Main,unclassified,0.00,__stdcall,"int WINAPI WinMain(HINSTANCE instance, HINSTANCE previousInstance, LPSTR commandLine, int showCommand)",false,src/Main.cpp,Unique CRT caller pushes the four WinMain arguments; target returns with RET 0x10 and owns the D3D9/message-loop/restart/shutdown lifecycle; boundary independently checked against target bytes,authored,"Reviewed extent 0x00438AD0-0x0043903C ends at RET 0x10; 0x0043903D-0x0043903F is CC padding. The following 0x00439040/60/80/A0 code blocks are not Ghidra functions and have no direct xrefs; treat them as unresolved compiler/LTCG cleanup-funclet candidates, not authored functions. Original TU ownership and exact codegen remain unknown. A direct reset-path callee at 0x00438A30 receives its object in EAX from two callers, supporting an interprocedural/LTCG hypothesis that cannot be accepted by the standalone normal-COFF Oracle. Maintained target-bound source now covers this owner in src/Main.cpp. Pinned VC7.1 /O2 /GS normal COFF is 1228 bytes versus the 1389-byte target and remains a mismatch with acceptance_authority=none; /GL compilation also passes without proving the production LTCG context or exactness."
0x004390E0,265,0x004391E8,FUN_004390e0,GameWindowView::WindowProc,Main,unclassified,0.00,__stdcall,"LRESULT CALLBACK WindowProc(HWND window, UINT message, WPARAM wparam, LPARAM lparam)",false,src/Main.cpp,Target registers this address as WNDCLASSA.lpfnWndProc; the body consumes exactly four Win32 stack arguments and every exit uses RET 0x10,authored,"Reviewed extent 0x004390E0-0x004391E8 ends with RET 0x10; 0x004391E9-0x004391EF is CC padding before 0x004391F0. Ghidra's provisional extra this parameter is rejected by the target ABI. GameWindow::WindowProc is an adjacent-supported proposed name only; no original identifier, TU owner, or exactness claim is made. Maintained target-bound source now covers this owner in src/Main.cpp. Pinned VC7.1 /O2 /GS normal COFF is 280 bytes versus the 265-byte target and remains a mismatch with acceptance_authority=none; /GL compilation also passes without proving the production LTCG context or exactness."
0x004391F0,236,0x004392DB,FUN_004391f0,GameWindowView::Present,Main,unclassified,0.00,,void (),false,src/Main.cpp,"Target-local body calls the D3D9 device Present method; on failure it releases manager resources, resets the device, reapplies render state, then services the snapshot/th%.3d.bmp capture path",authored,Reviewed extent 0x004391F0-0x004392DB ends at RET; 0x004392DC-0x004392DF is CC padding before independent 0x004392E0. The behavioral role is target-local; the proposed GameWindow::Present name/static owner is corroborated only by committed TH08/TH095 analogues and is not an original-symbol claim. Original TU ownership and exact codegen remain unknown. Maintained target-bound source now covers this owner in src/Main.cpp. Pinned VC7.1 /O2 /GS normal COFF is 242 bytes versus the 236-byte target and remains a mismatch with acceptance_authority=none; /GL compilation also passes without proving the production LTCG context or exactness.
0x004392E0,100,0x00439343,FUN_004392e0,MainInitializeSystemParameters,Main,exact,100.00,no explicit args / RET,void (),false,src/Main.cpp,"Target saves and disables three SystemParametersInfoA power states, then initializes performance frequency/start in the 0x004924F0 window/timing storage",authored,Reviewed 100-byte target extent ends at RET before CC padding. The natural source saves and disables three system power states and initializes the performance timer. Two cold normal-COFF replays reproduce all 100 bytes and eight declared relocations. Production COFF/LTCG ownership remains unknown.
0x00439350,62,0x0043938D,raw_00439350,MainRestoreSystemParameters,Main,exact,100.00,no explicit args / RET,void (),false,src/Main.cpp,Direct target body restores the three saved SystemParametersInfoA states and re-enables IME; it is CC-delimited and has no direct/literal target xref,authored,Reviewed 62-byte CC-delimited target extent densely decodes despite IDA lacking a function at this address. The helper restores the three saved system states and IME; WinMain contains analogous inline behavior. Two cold normal-COFF replays reproduce all 62 bytes and five declared fields. Original identifier and production owner remain unknown.
0x00439390,425,0x00439538,FUN_00439390,GameWindowView::Render,Main,unclassified,0.00,__stdcall,int __stdcall (GameWindowView *window),false,src/Main.cpp,"Target-local frame/render dispatcher receives one explicit storage pointer on the stack, returns with RET 4, advances frame timing, runs game/draw work, and calls the reviewed Present path",authored,"Reviewed extent 0x00439390-0x00439538 ends with RET 4; 0x00439539-0x0043953F is CC padding before 0x00439540. WinMain is the unique caller and pushes 0x004924F0, the base of the observed window/timing storage. The machine ABI is one pointer argument with callee cleanup. A pinned VC7.1 normal-COFF probe shows ordinary C++ member thiscall is not this shape, while explicit __stdcall member and static/free __stdcall forms are indistinguishable at the machine ABI; LTCG/private-ABI transformation also remains possible. GameWindow::Render is a proposed adjacent-supported name only. No original TU ownership or exactness claim. Maintained target-bound source now covers this owner in src/Main.cpp. Pinned VC7.1 /O2 /GS normal COFF is 433 bytes versus the 425-byte target and remains a mismatch with acceptance_authority=none; /GL compilation also passes without proving the production LTCG context or exactness."
0x00439540,282,0x00439659,FUN_00439540,GameWindowView::GetTimestamp,Main,exact,100.00,,double (),false,src/Main.cpp,"Target-local timing routine uses the game critical section, QueryPerformanceCounter/frequency when available, timeGetTime fallback, and the window/timing storage time origin",authored,"Reviewed extent 0x00439540-0x00439659 ends at RET; 0x0043965A-0x0043965F is CC padding. Normal and incomplete linked contexts differed only in three 0x10-versus-0x14 frame-size immediates. Restoring the target-proved FPS caller family supplies the real 8-byte-aligned /GL caller context: canonical unit main-get-timestamp-fps uses FpsCounterView::DrawFpsCounter as entry and two independent cold links reproduce all 282 bytes after replaying all 30 critical-section, timing, GameWindow, import, and floating-constant fields zero-difference."
0x00439660,152,0x004396F7,raw_00439660,MainGetTimestampUnlocked,Main,exact,100.00,no explicit args / x87 ST0 / RET,double (),false,src/Main.cpp,Direct target body computes elapsed time from QPC or timeGetTime using the 0x004924F0 timing storage; it is CC-delimited and has no direct/literal target xref,authored,Reviewed 152-byte CC-delimited target extent computes QPC or timeGetTime elapsed time without a direct target caller. Two cold normal-COFF replays reproduce all 152 bytes and 14 declared fields. Original identifier and production owner remain unknown.
0x00439700,45,0x0043972C,raw_00439700,GameWindow::InitD3DInterface,Main,unclassified,0.00,,,false,,"Direct target body calls Direct3DCreate9(0x20), stores the interface, logs the target D3D creation error on failure, and returns failure/success; it is CC-delimited and has no direct/literal target xref",authored,"New denominator candidate missed by Ghidra. Extent 0x00439700-0x0043972C ends at RET; 0x0043972D-0x0043972F is CC padding before 0x00439730. WinMain contains the same Direct3DCreate9/error sequence inline. The error logger receives its object through EDI in this seam, reinforcing private/interprocedural ABI evidence. GameWindow::InitD3DInterface is an adjacent-supported proposed name only; source mapping and exactness remain unknown."
0x00439730,341,0x00439884,FUN_00439730,GameWindowView::CreateGameWindow,Main,unclassified,0.00,internal EBX HINSTANCE,int (HINSTANCE instance),false,src/Main.cpp,"WinMain copies its HINSTANCE into EBX immediately before the unique call; the callee uses live-in EBX for WNDCLASSA.hInstance and CreateWindowExA, registers the reviewed WindowProc, and publishes the HWND",authored,"Reviewed extent 0x00439730-0x00439884 ends at RET; 0x00439885-0x0043988F is CC padding before 0x00439890. A pinned VC7.1 normal-COFF noinline HINSTANCE probe reads the explicit argument from [ESP+4], unlike this target body, so a normal standalone source ABI is excluded. The private EBX convention is evidence for interprocedural/LTCG context, not proof of a particular Rich input or TU. GameWindow::CreateGameWindow is an adjacent-supported proposed name only. Maintained target-bound source now covers this owner in src/Main.cpp. Pinned VC7.1 /O2 /GS normal COFF is 348 bytes versus the 341-byte target and remains a mismatch with acceptance_authority=none; /GL compilation also passes without proving the production LTCG context or exactness."
0x00439890,1159,0x00439D16,FUN_00439890,GameWindowView::InitD3DRendering,Main,unclassified,0.00,,int (),false,src/Main.cpp,"Target-local body constructs D3D9 presentation parameters, performs HAL hardware/software and REF CreateDevice fallbacks, installs view/projection matrices, queries caps, applies render state, and returns failure/success to WinMain",authored,Reviewed extent 0x00439890-0x00439D16 ends at RET; 0x00439D17-0x00439D1F is CC padding before independent 0x00439D20. The proposed GameWindow::InitD3DRendering name/static owner is an adjacent-game hypothesis whose role is independently corroborated by TH10 control flow. Original TU ownership and exact codegen remain unknown. Maintained target-bound source now covers this owner in src/Main.cpp. Pinned VC7.1 /O2 /GS normal COFF is 1051 bytes versus the 1159-byte target and remains a mismatch with acceptance_authority=none; /GL compilation also passes without proving the production LTCG context or exactness.
0x00439D20,710,0x00439FE5,FUN_00439d20,GameWindowView::ResetRenderState,Main,exact,100.00,,void (),false,src/Main.cpp,Target-local body applies a fixed D3D9 render/texture-stage/sampler state sequence after initialization and device reset; all three reviewed callers issue a zero-stack-argument call,authored,"Reviewed extent 0x00439D20-0x00439FE5 ends at RET; 0x00439FE6-0x00439FEF is CC padding before independent 0x00439FF0. Ghidra's provisional fastcall parameter is rejected: PUSH ECX reserves one local dword reused for 1.0f/1000.0f/5000.0f bit patterns and POP ECX releases it. Canonical normal-COFF unit main-reset-render-state cold-replays the complete 710-byte body and all 34 DIR32 fields zero-difference twice. This bounded codegen exact claim does not resolve original TU identity or normal-COFF versus LTCG production physical ownership."
0x00439FF0,442,0x0043A1A9,FUN_00439ff0,GameWindowView::CheckForRunningGameInstance,Main,unclassified,0.00,,int (),false,src/Main.cpp,"Unique WinMain caller; target creates the Touhou 10 App mutex, resolves startup/shortcut paths, compares against the module path, and writes window/timing storage +0x28 when the launch path differs",authored,"Reviewed extent 0x00439FF0-0x0043A1A9 ends at RET; 0x0043A1AA-0x0043A1AF is CC padding before a retained raw body at 0x0043A1B0. WinMain calls with no explicit argument. Committed adjacent source supports the proposed GameWindow::CheckForRunningGameInstance name/source role, but its unused HINSTANCE parameter cannot be transferred to TH10; pinned VC7.1 LTCG diagnostics show unused-argument elimination/private register ABIs are possible without proving this function's physical COFF/LTCG owner. No exactness claim. Maintained target-bound source now covers this owner in src/Main.cpp. Pinned VC7.1 /O2 /GS normal COFF is 435 bytes versus the 442-byte target and remains a mismatch with acceptance_authority=none; /GL compilation also passes without proving the production LTCG context or exactness."
0x0043A1B0,8,0x0043A1B7,raw_0043A1B0,GameWindow::ActivateWindow,Main,unclassified,0.00,internal EAX HWND,,false,,CC-delimited target body consumes live-in EAX as HWND and calls SetForegroundWindow; no direct/literal entry xref; reviewed WindowProc contains the same foreground-window action inline,authored,"New denominator candidate missed by Ghidra. Extent 0x0043A1B0-0x0043A1B7 ends at RET; 0x0043A1B8-0x0043A1BF is CC padding before 0x0043A1C0. A natural pinned normal-COFF HWND helper is 12 bytes and reads [ESP+4], unlike the target live-in EAX body. Generic pinned VC7.1 /LTCG diagnostics show such interprocedural register/signature transformations are possible, but do not establish this body's physical owner or exactness. GameWindow::ActivateWindow is an adjacent-supported proposed name only."
0x0043A1C0,207,0x0043A28E,FUN_0043a1c0,GameWindowView::CalcExecutableChecksum,Main,unclassified,0.00,,int (),false,src/Main.cpp,"Unique WinMain caller; target obtains its module path, loads the executable through the mixed-ABI file loader, sums all dwords except the final one, and stores checksum/size at 0x00492380/0x00492384",authored,"Reviewed extent 0x0043A1C0-0x0043A28E ends at RET; 0x0043A28F is CC before 0x0043A290. The call to 0x0044B360 passes filename in live-in EAX while size_out/mode are stack arguments; that loader uses the same mixed ABI at 15 target call sites. GameWindow::CalcExecutableChecksum is an adjacent-supported proposed name only. Original TU ownership, physical normal-COFF versus LTCG owner, and exactness remain unknown. Maintained target-bound source now covers this owner in src/Main.cpp. Pinned VC7.1 /O2 /GS normal COFF is 173 bytes versus the 207-byte target and remains a mismatch with acceptance_authority=none; /GL compilation also passes without proving the production LTCG context or exactness."
0x0043A290,272,0x0043A39F,FUN_0043a290,GameWindow::ResolveShortcut,Main,unclassified,0.00,internal EBX/EDI + stack,,false,,Unique caller 0x00439FF0 passes shortcut path on the stack while live-in EBX is the destination buffer and EDI is destination capacity; target resolves shell links through COM,authored,"Reviewed extent 0x0043A290-0x0043A39F returns with RET 4; the unique caller supplies one stack path argument plus live-in EBX destination and EDI=0x104 capacity. The body initializes COM, creates/queries ShellLink interfaces, converts the input path, loads the shortcut, obtains the resolved path, releases interfaces, and uninitializes COM. GameWindow::ResolveShortcut is an adjacent-supported proposed name only; source declaration, TU, physical COFF/LTCG owner, and exactness remain unknown."
0x0043A3A0,233,0x0043A488,raw_0043A3A0,,Main,unclassified,0.00,__stdcall,"INT_PTR CALLBACK (HWND dialog, UINT message, WPARAM wparam, LPARAM lparam)",false,,WinMain passes the target address directly as the DLGPROC argument to DialogBoxParamA; the body handles WM_INITDIALOG/WM_COMMAND and all exits use RET 0x10,authored,"New denominator candidate missed by Ghidra. Reviewed raw extent 0x0043A3A0-0x0043A488 ends with RET 0x10; 0x0043A489-0x0043A48F is CC padding before unrelated following code. Target imports and body calls establish DialogBoxParamA, SendMessageA, GetDlgItem, EndDialog, and IsDlgButtonChecked behavior. Original identifier, source mapping/TU, and exactness remain unknown."
0x0043A730,26,0x0043A749,FUN_0043a730,,,unclassified,0.00,,,false,,Ghidra 12.1.3 auto-analysis candidate; boundary unreviewed,authored,Complete target decode; directly is called by reviewed authored 0x0043B110. IDA behavior review shows MIDI variable-length quantity decode (target-ida-reviewed-game-component-2026-09-17). Original source unit and exact codegen remain unknown.
0x0043A910,156,0x0043A9AB,FUN_0043a910,,,unclassified,0.00,,,false,,Ghidra 12.1.3 auto-analysis candidate; boundary unreviewed,authored,Complete target decode; is directly called by reviewed authored 0x00438AD0. IDA behavior review shows game MIDI output object cleanup (target-ida-reviewed-audio-render-2026-09-17). Original owner and source unit remain unknown.
0x0043AA60,107,0x0043AACA,FUN_0043aa60,,,unclassified,0.00,,,false,,Ghidra 12.1.3 auto-analysis candidate; boundary unreviewed,authored,Complete target decode; directly is called by reviewed authored 0x0043A910. IDA behavior review shows game MIDI track buffer cleanup (target-ida-reviewed-game-component-2026-09-17). Original source unit and exact codegen remain unknown.
0x0043AAD0,448,0x0043AC8F,FUN_0043aad0,,,unclassified,0.00,,,false,,Ghidra 12.1.3 auto-analysis candidate; boundary unreviewed,authored,Complete target decode; directly calls reviewed authored 0x0043AA60. IDA behavior review shows MIDI track header decode (target-ida-reviewed-game-component-2026-09-17). Original source unit and exact codegen remain unknown.
0x0043ACE0,132,0x0043AD63,FUN_0043ace0,,,unclassified,0.00,,,false,,Ghidra 12.1.3 auto-analysis candidate; boundary unreviewed,authored,Complete target decode; directly is called by reviewed authored 0x0043AF30. IDA behavior review shows MIDI track cursor reset (target-ida-reviewed-game-component-2026-09-17). Original source unit and exact codegen remain unknown.
0x0043AE20,129,0x0043AEA0,FUN_0043ae20,,,unclassified,0.00,,,false,,Ghidra 12.1.3 auto-analysis candidate; boundary unreviewed,authored,Complete target decode; is directly called by reviewed authored 0x00438AD0. IDA behavior review shows game MIDI output reset (target-ida-reviewed-audio-render-2026-09-17). Original owner and source unit remain unknown.
0x0043AEB0,79,0x0043AEFE,FUN_0043aeb0,,,unclassified,0.00,,,false,,Ghidra 12.1.3 auto-analysis candidate; boundary unreviewed,authored,Complete target decode; is directly called by reviewed authored 0x004390E0. IDA behavior review shows game MIDI output header release (target-ida-reviewed-audio-render-2026-09-17). Original owner and source unit remain unknown.
0x0043AF30,473,0x0043B108,FUN_0043af30,,,unclassified,0.00,,,false,,Ghidra 12.1.3 auto-analysis candidate; boundary unreviewed,authored,Complete target decode; directly calls reviewed authored 0x0043B110. IDA behavior review shows MIDI timed event runner (target-ida-reviewed-game-component-2026-09-17). Original source unit and exact codegen remain unknown.
0x0043B110,1323,0x0043B63A,FUN_0043b110,,,unclassified,0.00,,,false,,Ghidra 12.1.3 auto-analysis candidate; boundary unreviewed,authored,Complete target decode; directly calls reviewed authored 0x0043AEB0. IDA behavior review shows game MIDI event dispatch (target-ida-reviewed-game-component-2026-09-17). Original source unit and exact codegen remain unknown.
0x0043B7A0,140,0x0043B82B,FUN_0043b7a0,,,unclassified,0.00,,,false,,Ghidra 12.1.3 auto-analysis candidate; boundary unreviewed,authored,Complete target decode; directly is called by reviewed authored 0x0043AF30. IDA behavior review shows MIDI channel volume update (target-ida-reviewed-game-component-2026-09-17). Original source unit and exact codegen remain unknown.
0x0043B8D0,439,0x0043BA86,FUN_0043b8d0,,,unclassified,0.00,,,false,,Ghidra 12.1.3 auto-analysis candidate; boundary unreviewed,authored,Complete target decode; is directly called by reviewed authored 0x0043BA90. IDA behavior review shows game DirectInput initialization (target-ida-game-input-chain-2026-09-17). Source unit and exact codegen remain unknown.
0x0043BA90,83,0x0043BAE2,raw_0043BA90,,,unclassified,0.00,,,false,,target-ida-missed-pointer-boundary-2026-09-17,authored,Complete target dense decode ends in RET; independent push pointer at 0x00420222; hash-attested IDA contiguous extent agrees; no tracked overlap. Authored versus compiler/library origin remains under review. Complete target decode; is passed as a function pointer by reviewed authored 0x004201B0 at 0x00420222. IDA behavior review shows game input polling thread entry (target-ida-game-input-chain-2026-09-17). Source unit and exact codegen remain unknown.
0x0043BB30,98,0x0043BB91,raw_0043BB30,,,unclassified,0.00,,,false,,target-ida-missed-pointer-boundary-2026-09-17,authored,Complete target dense decode ends in RET; independent push pointer at 0x0043BA66; hash-attested IDA contiguous extent agrees; no tracked overlap. Authored versus compiler/library origin remains under review. Complete target decode; is passed as a function pointer by reviewed authored 0x0043B8D0 at 0x0043BA66. IDA behavior review shows game DirectInput device callback (target-ida-game-input-chain-2026-09-17). Source unit and exact codegen remain unknown.
0x0043BC40,135,0x0043BCC6,FUN_0043bc40,,,unclassified,0.00,,,false,,Ghidra 12.1.3 auto-analysis candidate; boundary unreviewed,authored,Complete target decode; is directly called by reviewed authored 0x0043BCD0. IDA behavior review shows game D3D draw-state update (target-ida-reviewed-audio-render-2026-09-17). Original owner and source unit remain unknown.
0x0043BCD0,108,0x0043BD3B,FUN_0043bcd0,,,unclassified,0.00,,,false,,Ghidra 12.1.3 auto-analysis candidate; boundary unreviewed,authored,"Complete target decode; directly calls reviewed authored 0x00442F50 and references shared game globals 0x00491C10, 0x00491C30 (target-authored-call-and-globals-2026-09-17). Subsystem and source unit remain unknown."
0x0043BDA0,483,0x0043BF82,FUN_0043bda0,,,unclassified,0.00,,,false,,Ghidra 12.1.3 auto-analysis candidate; boundary unreviewed,authored,"Complete target decode; directly calls reviewed authored 0x00442F50 and references shared game globals 0x00491C10, 0x00491C30 (target-authored-call-and-globals-2026-09-17). Subsystem and source unit remain unknown."
0x0043BFA0,501,0x0043C194,FUN_0043bfa0,,,unclassified,0.00,,,false,,Ghidra 12.1.3 auto-analysis candidate; boundary unreviewed,authored,"Complete target decode; directly calls reviewed authored 0x00442F50 and references shared game globals 0x00491C10, 0x00491C30 (target-authored-call-and-globals-2026-09-17). Subsystem and source unit remain unknown."
0x0043C1A0,134,0x0043C225,FUN_0043c1a0,,,unclassified,0.00,,,false,,Ghidra 12.1.3 auto-analysis candidate; boundary unreviewed,authored,"Complete target decode; directly calls reviewed authored 0x00442F50 and references shared game globals 0x00491C10, 0x00491C30 (target-authored-call-and-globals-2026-09-17). Subsystem and source unit remain unknown."
0x0043C2C0,68,0x0043C303,FUN_0043c2c0,,,unclassified,0.00,,,false,,Ghidra 12.1.3 auto-analysis candidate; boundary unreviewed,authored,Complete target decode; directly calls reviewed authored 0x0043BDA0. IDA behavior review shows game D3D draw wrapper (target-ida-reviewed-audio-render-2026-09-17). Original owner and source unit remain unknown.
0x0043C410,68,0x0043C453,FUN_0043c410,,,unclassified,0.00,,,false,,Ghidra 12.1.3 auto-analysis candidate; boundary unreviewed,authored,Complete target decode; directly calls reviewed authored 0x0043BDA0. IDA behavior review shows game D3D draw wrapper (target-ida-reviewed-audio-render-2026-09-17). Original owner and source unit remain unknown.
0x0043C500,74,0x0043C549,FUN_0043c500,,,unclassified,0.00,,,false,,Ghidra 12.1.3 auto-analysis candidate; boundary unreviewed,authored,Complete target decode; directly calls reviewed authored 0x0043BDA0. IDA behavior review shows game D3D draw wrapper (target-ida-reviewed-audio-render-2026-09-17). Original owner and source unit remain unknown.
0x0043C870,26,0x0043C889,FUN_0043c870,,,unclassified,0.00,,,false,,Ghidra 12.1.3 auto-analysis candidate; boundary unreviewed,,"origin indeterminate: conditional free wrapper held as a function pointer; IDA shows C++ object initialization or teardown; source-authored body versus compiler-generated lifecycle contribution remains unresolved (target-ida-origin-indeterminate-2026-09-18; reviewed target 0x0043C870, 26 bytes)."
0x0043C8B0,82,0x0043C901,FUN_0043c8b0,,,unclassified,0.00,,,false,,Ghidra 12.1.3 auto-analysis candidate; boundary unreviewed,authored,Complete target decode; is directly called by reviewed authored 0x00402850. IDA behavior review shows game sprite state allocation (target-ida-reviewed-audio-render-2026-09-17). Original owner and source unit remain unknown.
0x0043C970,357,0x0043CAD4,FUN_0043c970,,,unclassified,0.00,,,false,,Ghidra 12.1.3 auto-analysis candidate; boundary unreviewed,authored,Complete target decode; directly is called by reviewed authored 0x0043C8B0. IDA behavior review shows game sprite rendering state setup (target-ida-reviewed-game-component-2026-09-17). Original source unit and exact codegen remain unknown.
0x0043CB00,127,0x0043CB7E,FUN_0043cb00,,,unclassified,0.00,,,false,,Ghidra 12.1.3 auto-analysis candidate; boundary unreviewed,authored,Complete target decode; directly calls reviewed authored 0x00449F60. IDA behavior review shows game sprite task-node cleanup (target-ida-reviewed-game-component-2026-09-17). Original source unit and exact codegen remain unknown.
0x0043CB80,88,0x0043CBD7,FUN_0043cb80,,,unclassified,0.00,,,false,,Ghidra 12.1.3 auto-analysis candidate; boundary unreviewed,authored,Complete target decode; is directly called by reviewed authored 0x0043EE30. IDA behavior review shows game script random-state update (target-ida-reviewed-audio-render-2026-09-17). Original owner and source unit remain unknown.
0x0043CC40,175,0x0043CCEE,FUN_0043cc40,,,unclassified,0.00,,,false,,Ghidra 12.1.3 auto-analysis candidate; boundary unreviewed,authored,Complete target decode; is directly called by reviewed authored 0x00438AD0. IDA behavior review shows game sound worker cleanup (target-ida-reviewed-audio-render-2026-09-17). Original owner and source unit remain unknown.
0x0043CCF0,57,0x0043CD28,raw_0043CCF0,,,unclassified,0.00,,,false,,target-ida-missed-pointer-boundary-2026-09-17,authored,Complete target dense decode ends in RET; independent push pointer at 0x00438C08; hash-attested IDA contiguous extent agrees; no tracked overlap. Authored versus compiler/library origin remains under review. Complete target decode; reviewed authored 0x00438AD0 passes this entry pointer at 0x00438C08. IDA behavior review shows game sound setup thread entry (target-ida-game-worker-pointer-2026-09-17). Source unit and exactness remain unknown.
0x0043CD30,786,0x0043D041,FUN_0043cd30,,,unclassified,0.00,,,false,,Ghidra 12.1.3 auto-analysis candidate; boundary unreviewed,authored,Complete target decode; directly is called by reviewed authored 0x0043CCF0. IDA behavior review shows game sound device and WAV resource setup (target-ida-reviewed-game-component-2026-09-17). Original source unit and exact codegen remain unknown.
0x0043D080,107,0x0043D0EA,raw_0043D080,SoundDataLoaderThread,,unclassified,0.00,thread-start body / plain RET,,false,,"Direct target body is CC-delimited and is passed as the CreateThread start address by 0x00420100; it loads all 37 target se_*.wav names through 0x0044B360, stores their buffers, observes the sound stop-state, and sleeps while waiting for shutdown",authored,"New denominator candidate missed by Ghidra. Extent 0x0043D080-0x0043D0EA begins after CC padding and ends at RET; 0x0043D0EB-0x0043D0EF is CC padding before 0x0043D0F0. The KERNEL32 IAT binds 0x004660AC to Sleep and 0x00466118 to CreateThread. The target body returns with plain RET and ignores the API thread argument, so no standard LPTHREAD_START_ROUTINE source ABI is claimed. SoundDataLoaderThread is an adjacent-supported proposed name only; source mapping and exactness remain unknown."
0x0043D0F0,34,0x0043D111,raw_0043D0F0,StartSoundLoadThread,,unclassified,0.00,no explicit args / RET,,false,,"Direct target body is CC-delimited; it calls CreateThread with 0x0043D080 as the start address and 0x00492590 as the thread parameter, stores the returned handle at 0x004977AC, and returns it in EAX",authored,"New denominator candidate missed by Ghidra. Extent 0x0043D0F0-0x0043D111 ends at RET; 0x0043D112-0x0043D11F is CC padding before the existing 0x0043D120 candidate. It has no modeled direct Ghidra entry xref, while 0x00420100 contains the same CreateThread launcher sequence inline. StartSoundLoadThread is an adjacent-supported proposed name only; physical owner, source mapping, and exactness remain unknown."
0x0043D120,301,0x0043D24C,FUN_0043d120,,,unclassified,0.00,,,false,,Ghidra 12.1.3 auto-analysis candidate; boundary unreviewed,authored,Complete target decode; is directly called by reviewed authored 0x00438AD0. IDA behavior review shows game sound manager cleanup (target-ida-reviewed-audio-render-2026-09-17). Original owner and source unit remain unknown.
0x0043D250,71,0x0043D296,FUN_0043d250,,,unclassified,0.00,,,false,,Ghidra 12.1.3 auto-analysis candidate; boundary unreviewed,authored,Complete target decode; directly is called by reviewed authored 0x0043D390. IDA behavior review shows game WAV chunk scan (target-ida-reviewed-game-component-2026-09-17). Original source unit and exact codegen remain unknown.
0x0043D2A0,227,0x0043D382,FUN_0043d2a0,,,unclassified,0.00,,,false,,Ghidra 12.1.3 auto-analysis candidate; boundary unreviewed,authored,Complete target decode; is directly called by reviewed authored 0x0043DDF0. IDA behavior review shows game sound filename lookup (target-ida-reviewed-audio-render-2026-09-17). Original owner and source unit remain unknown.
0x0043D390,684,0x0043D63B,FUN_0043d390,,,unclassified,0.00,,,false,,Ghidra 12.1.3 auto-analysis candidate; boundary unreviewed,authored,Complete target decode; directly is called by reviewed authored 0x0043CD30. IDA behavior review shows game WAV format and DirectSound buffer setup (target-ida-reviewed-game-component-2026-09-17). Original source unit and exact codegen remain unknown.
0x0043D690,241,0x0043D780,FUN_0043d690,,,unclassified,0.00,,,false,,Ghidra 12.1.3 auto-analysis candidate; boundary unreviewed,authored,Complete target decode; is directly called by reviewed authored 0x0041F990. IDA behavior review shows game sound stream thread setup (target-ida-reviewed-audio-render-2026-09-17). Original owner and source unit remain unknown.
0x0043D790,55,0x0043D7C6,FUN_0043d790,,,unclassified,0.00,,,false,,Ghidra 12.1.3 auto-analysis candidate; boundary unreviewed,authored,Complete target decode; directly calls reviewed authored 0x0043D2A0. IDA behavior review shows game sound filename stream lookup (target-ida-reviewed-game-component-2026-09-17). Original source unit and exact codegen remain unknown.
0x0043D7D0,369,0x0043D940,FUN_0043d7d0,,,unclassified,0.00,,,false,,Ghidra 12.1.3 auto-analysis candidate; boundary unreviewed,authored,Complete target decode; is directly called by reviewed authored 0x0043DDF0. IDA behavior review shows game sound cue name and buffer update (target-ida-reviewed-game-behavior-2026-09-17). Original owner and source unit remain unknown.
0x0043D950,298,0x0043DA79,FUN_0043d950,,,unclassified,0.00,,,false,,Ghidra 12.1.3 auto-analysis candidate; boundary unreviewed,authored,Complete target decode; is directly called by reviewed authored 0x0043DDF0. IDA behavior review shows game sound manager state and playback (target-ida-reviewed-game-behavior-2026-09-17). Original owner and source unit remain unknown.
0x0043DAB0,176,0x0043DB5F,FUN_0043dab0,,,unclassified,0.00,,,false,,Ghidra 12.1.3 auto-analysis candidate; boundary unreviewed,authored,Complete target decode; is directly called by reviewed authored 0x0043DDF0. IDA behavior review shows game sound stream thread cleanup (target-ida-reviewed-audio-render-2026-09-17). Original owner and source unit remain unknown.
0x0043DB60,295,0x0043DC86,FUN_0043db60,,,unclassified,0.00,,,false,,Ghidra 12.1.3 auto-analysis candidate; boundary unreviewed,authored,Complete target decode; is directly called by reviewed authored 0x0041F990 and references shared game global 0x00492590 (target-authored-neighbor-and-global-2026-09-17). Subsystem and source unit remain unknown.
0x0043DC90,123,0x0043DD0A,FUN_0043dc90,,,unclassified,0.00,,,false,,Ghidra 12.1.3 auto-analysis candidate; boundary unreviewed,authored,Complete target decode; is directly called by reviewed authored 0x00407A30. IDA behavior review shows game sound cue queue update (target-ida-reviewed-audio-render-2026-09-17). Original owner and source unit remain unknown.
0x0043DD10,149,0x0043DDA4,FUN_0043dd10,,,unclassified,0.00,,,false,,Ghidra 12.1.3 auto-analysis candidate; boundary unreviewed,authored,Complete target decode; is directly called by reviewed authored 0x00405860. IDA behavior review shows game sound cue queue with timing (target-ida-reviewed-audio-render-2026-09-17). Original owner and source unit remain unknown.
0x0043DDF0,1419,0x0043E37A,FUN_0043ddf0,,,unclassified,0.00,,,false,,Ghidra 12.1.3 auto-analysis candidate; boundary unreviewed,authored,Complete target decode; is directly called by reviewed authored 0x00438AD0 and references shared game global 0x00491D78 (target-authored-neighbor-and-global-2026-09-17). Subsystem and source unit remain unknown.
0x0043E3A0,189,0x0043E45C,FUN_0043e3a0,,,unclassified,0.00,,,false,,Ghidra 12.1.3 auto-analysis candidate; boundary unreviewed,authored,Complete target decode; reviewed authored 0x0043D690 passes this entry pointer at 0x0043D704. IDA behavior review shows game sound stream worker entry (target-ida-game-worker-pointer-2026-09-17). Source unit and exactness remain unknown.
0x0043E460,104,0x0043E4C7,FUN_0043e460,,,unclassified,0.00,,,false,,Ghidra 12.1.3 auto-analysis candidate; boundary unreviewed,authored,Complete target decode; is directly called by reviewed authored 0x00417C80. IDA behavior review shows game sound filename slot assignment (target-ida-reviewed-audio-render-2026-09-17). Original owner and source unit remain unknown.
0x0043E5A0,356,0x0043E703,FUN_0043e5a0,AnmLoadedView::SetSprite,AnmManager,matching,100.00,internal ECX AnmLoadedView* + EAX VM + EDX sprite index / RET,"int (AnmVmView *, int)",false,src/AnmManager.cpp,"Binds a loaded sprite to a VM, copies its dimensions and rebuilds the VM texture-space matrices.",authored,"Reviewed physical extent 0x0043E5A0-0x0043E703 = 356 bytes. File-state guards, sprite stride/offsets, VM writes, matrix constants and the executor call are direct TH10 observations. Canonical artifact_kind=linked-pe unit cold-built twice with pinned VC7.1 SP1 build6030 in the full ANM executor context; the complete 356-byte PDB extent and both shared 1/256 constant fields replay zero-difference."
0x0043E710,203,0x0043E7DA,FUN_0043e710,AnmLoadedView::InitializeAndExecuteScriptIndex,AnmManager,unclassified,0.00,internal ECX AnmLoadedView* + EAX AnmVmView* + EBX script index / RET,"void (AnmVmView *, int)",false,src/AnmManager.cpp,"Initializes a reusable VM while retaining its caller-selected position and layer, then binds and starts one loaded ANM script.",authored,"Reviewed physical extent 0x0043E710-0x0043E7DA = 203 bytes; the following padding/body boundary is target-observed. Allocation, position stores, script initialization and list insertion calls are direct TH10 observations."
0x0043E7E0,194,0x0043E8A1,FUN_0043e7e0,AnmLoadedView::SetAndExecuteScriptIndex,AnmManager,exact,100.00,internal EAX AnmLoadedView* + EDX AnmVmView* + ECX script index / RET,"void (AnmVmView *, int)",false,src/AnmManager.cpp,"Binds a VM to a loaded ANM script, initializes its script timer, executes frame zero and clears invalid entries.",authored,"Reviewed physical extent 0x0043E7E0-0x0043E8A1 = 194 bytes; 0x0043E8A2 begins CC padding. Script table lookup, pending-load rejection, VM script fields, timer setup, ExecuteScript call, manager counter increment and full 0x3AC-byte failure clear are direct target observations."
0x0043E8B0,287,0x0043E9CE,FUN_0043e8b0,AnmLoadedView::SetAndExecuteScriptIdx,AnmManager,unclassified,0.00,internal EAX AnmVmView* + EDX AnmLoadedView* + ECX script index / RET,"void (AnmVmView *, int)",false,src/AnmManager.cpp,Restarts an existing VM on another loaded script while retaining placement and list identity.,authored,"Reviewed physical extent 0x0043E8B0-0x0043E9CE = 287 bytes; 0x0043E9CF begins CC padding. Script validation, flip correction, color/timer/interpolation reset, script binding, ExecuteScript call and manager counter increment are direct TH10 observations."
0x0043EAC0,424,0x0043EC67,FUN_0043eac0,AnmVmView::GetFloatVar,AnmManager,exact,100.00,internal ESI AnmVmView* + stack float / RET 4,float (float),false,src/AnmManager.cpp,"Resolves VM integer, float, counter and position variables, two RNG families, and two global Float3 families for ANM script operands.",authored,"Reviewed physical contribution 0x0043EAC0-0x0043EC67 = 424 bytes: code ends at 0x0043EC0D, 0x0043EC0E-0F is alignment, and the 22-entry absolute jump table occupies 0x0043EC10-67. Variable values and all local/global sources are direct TH10 reads; TH095 corroborates only the source shape and names through POSITION_Z. Canonical linked-PE replay reproduces all 424 bytes and 44 linkage fields after restoring the target's random, random-signed, random-angle physical case order."
0x0043EC70,144,0x0043ECFF,FUN_0043ec70,AnmVmView::GetIntVar,AnmManager,matching,100.00,internal ECX AnmVmView* + EAX variable / RET,int (int),false,src/AnmManager.cpp,"Resolves four integer variables, converts four float variables to integers, and resolves two counter variables for ANM script operands.",authored,"Reviewed physical contribution 0x0043EC70-0x0043ECFF = 144 bytes: code ends at 0x0043ECD7 and the ten-entry absolute jump table occupies 0x0043ECD8-FF. All VM offsets and the four float-to-int tail calls are direct TH10 observations. Canonical linked-PE replay covers the complete contribution and every external or self-relative link field exactly."
0x0043ED00,156,0x0043ED9B,FUN_0043ed00,AnmVmView::GetFloatVarPtr,AnmManager,matching,100.00,internal ESI AnmVmView* + EDI value + CL argument number + stack mask / RET 4,"float * (float *, unsigned short, unsigned int)",false,src/AnmManager.cpp,"Redirects a masked writable float instruction argument to one of four VM float variables or three position components.",authored,"Reviewed physical contribution 0x0043ED00-0x0043ED9B = 156 bytes: code ends at 0x0043ED69, two alignment bytes precede the 12-entry absolute jump table at 0x0043ED6C-9B. Mask test, variable IDs and result offsets are direct TH10 observations. Canonical linked-PE replay covers the complete contribution and every external or self-relative link field exactly."
0x0043EDA0,132,0x0043EE23,FUN_0043eda0,AnmVmView::GetIntVarPtr,AnmManager,matching,100.00,internal EDX AnmVmView* + EAX value + CL argument number + stack mask / RET 4,"int * (int *, unsigned short, unsigned int)",false,src/AnmManager.cpp,"Redirects a masked writable integer instruction argument to one of four VM integer variables or two counter variables.",authored,"Reviewed physical contribution 0x0043EDA0-0x0043EE23 = 132 bytes: code ends at 0x0043EDF9, two alignment bytes precede the ten-entry absolute jump table at 0x0043EDFC-0x0043EE23. Mask test, variable IDs and result offsets are direct TH10 observations. Canonical linked-PE replay covers the complete contribution and every external or self-relative link field exactly."
0x0043EE30,9587,0x004413A2,FUN_0043ee30,AnmRenderManagerView::ExecuteScript,AnmManager,unclassified,0.00,internal stack AnmVmView* / RET 4,static int (AnmVmView *),false,src/AnmManager.cpp,"Executes the complete TH10 variable-length ANM opcode set, handles interrupts and advances all VM animation state once per frame.",authored,"Reviewed physical contribution 0x0043EE30-0x004413A2 = 9587 bytes; the separate absolute opcode table begins at 0x004413A4. Opcode dispatch, all VM offsets, helper calls, flags, interpolation order, generated geometry and timer update are direct TH10 observations; committed TH095 supplies only a later source-shape hypothesis."
0x00441600,820,0x00441933,FUN_00441600,AnmVmColorInterpolationView::Evaluate,AnmManager,unclassified,0.00,internal EAX AnmVmColorInterpolationView* + stack output / RET 4,AnmInt3View * (AnmInt3View *),false,src/AnmManager.cpp,"Evaluates an integer BGR interpolation, including component-wise truncation for eased and Hermite modes.",authored,"Reviewed physical extent 0x00441600-0x00441933 = 820 bytes. The target executor is the unique caller; integer-triplet offsets, timer transitions, four weighted-vector calls and component sums are direct target observations."
0x00441950,370,0x00441AC1,FUN_00441950,AnmVmAlphaInterpolationView::Evaluate,AnmManager,unclassified,0.00,internal ESI AnmVmAlphaInterpolationView* / RET,int (),false,src/AnmManager.cpp,"Evaluates a scalar alpha interpolation while advancing its embedded timer and handling additive, Hermite, acceleration, and eased modes.",authored,"Reviewed physical extent 0x00441950-0x00441AC1 = 370 bytes. The target executor is the unique caller; scalar offsets, timer transitions, integer conversions and all mode branches are direct target observations."
0x00441AD0,652,0x00441D5B,FUN_00441ad0,AnmVmFloat2InterpolationView::Evaluate,AnmManager,unclassified,0.00,internal ESI AnmVmFloat2InterpolationView* + EDI output / RET,AnmFloat2View * (AnmFloat2View *),false,src/AnmManager.cpp,"Evaluates a two-component interpolation while advancing its embedded timer and handling additive, Hermite, acceleration, and eased modes.",authored,"Reviewed physical extent 0x00441AD0-0x00441D5B = 652 bytes. The target executor is the unique caller; Float2 offsets, timer transitions and all mode branches are direct target observations."
0x00441E50,56,0x00441E87,FUN_00441e50,AnmInt3View::operator*,AnmManager,exact,100.00,internal EDI input + ESI output + stack float / RET 4,AnmInt3View (float) const,false,src/AnmManager.cpp,Multiplies one integer triplet by a float and returns the truncated triplet; the unique Hermite-color caller establishes final-before-initial call order.,authored,"Reviewed physical extent 0x00441E50-0x00441E87 = 56 bytes. Restoring the value-returning AnmInt3View::operator* abstraction, X/Z/Y constructor argument slots, and final-before-initial Hermite local order makes pinned VC7.1 SP1 LTCG reproduce the complete target body. Two cold ExecuteScript-context links are stable; all three __ftol2 REL32 fields normalize zero-difference, and 16 pre-existing exact units in the same context remain zero-difference."
0x00441EF0,30,0x00441F0D,FUN_00441ef0,,,unclassified,0.00,,,false,,Ghidra 12.1.3 auto-analysis candidate; boundary unreviewed,authored,Complete target decode; directly is called by reviewed authored 0x0043EE30. IDA behavior review shows game polar-to-Cartesian vector update (target-ida-reviewed-game-component-2026-09-17). Original source unit and exact codegen remain unknown.
0x00441F50,116,0x00441FC3,FUN_00441f50,AnmVmView::StartSecondaryAlphaInterpolation,AnmManager,matching,100.00,internal EAX AnmVmView* + ECX duration + DL mode + stack initial/final / RET 8,"void (int, unsigned char, unsigned char, unsigned char)",false,src/AnmManager.cpp,"Installs the scalar secondary-alpha interpolation endpoints, duration and mode, then resets its embedded timer.",authored,Reviewed physical extent 0x00441F50-0x00441FC3 = 116 bytes. VM offsets +0x208..+0x230 and the private argument seam are direct target observations; opcode 79 is the target caller. Canonical full-extent linked unit cold-built twice with pinned VC7.1 SP1 build6030; the replay is zero-difference in the target ExecuteScript context.
0x00442050,208,0x0044211F,FUN_00442050,AnmVmView::StartSecondaryColorInterpolation,AnmManager,matching,100.00,internal EAX AnmVmView* + ECX final + EDX initial + stack duration/mode / RET 8,"void (const AnmColorView *, const AnmColorView *, int, unsigned char)",false,src/AnmManager.cpp,"Expands packed secondary-color BGR endpoints into integer triplets, clears both tangent triplets, and starts the interpolation timer.",authored,"Reviewed physical extent 0x00442050-0x0044211F = 208 bytes. VM offsets +0x1BC..+0x204, byte channel order, arguments and inlined timer reset are direct target observations; opcode 78 is the target caller. Canonical full-extent linked unit cold-built twice with pinned VC7.1 SP1 build6030; the replay is zero-difference in the target ExecuteScript context."
0x00442220,208,0x004422EF,FUN_00442220,AnmVmView::StartPrimaryColorInterpolation,AnmManager,matching,100.00,internal EAX AnmVmView* + ECX final + EDX initial + stack duration/mode / RET 8,"void (const AnmColorView *, const AnmColorView *, int, unsigned char)",false,src/AnmManager.cpp,"Expands packed primary-color BGR endpoints into integer triplets, clears both tangent triplets, and starts the interpolation timer.",authored,"Reviewed physical extent 0x00442220-0x004422EF = 208 bytes. VM offsets +0x0BC..+0x104, byte channel order, arguments and inlined timer reset are direct target observations; opcode 57 is the target caller. Canonical full-extent linked unit cold-built twice with pinned VC7.1 SP1 build6030; the replay is zero-difference in the target ExecuteScript context."
0x00442300,130,0x00442381,FUN_00442300,AnmVmView::StartPrimaryAlphaInterpolation,AnmManager,unclassified,0.00,internal EAX AnmVmView* + ECX duration + stack mode/initial/final / RET 12,"void (int, unsigned char, unsigned char, unsigned char)",false,src/AnmManager.cpp,"Installs the scalar primary-alpha interpolation endpoints, clears both tangent values, and starts the interpolation timer.",authored,Reviewed physical extent 0x00442300-0x00442381 = 130 bytes. VM offsets +0x108..+0x130 and the private argument seam are direct target observations; opcodes 55 and 58 are target callers.
0x004423C0,25,0x004423D8,FUN_004423c0,MixAnmColor,AnmManager,unclassified,0.00,internal AL source byte + CL multiplier byte / RET,"unsigned char (unsigned char, unsigned char)",false,src/AnmManager.cpp,"Multiplies two unsigned color channels, divides by 128, saturates results of 256 or greater to 255, and returns the byte in AL.",authored,"Reviewed physical extent 0x004423C0-0x004423D8 = 25 bytes; 0x004423D9 begins CC padding. Four calls in DrawInner pass the source channel in AL and renderer mix channel in CL."
0x004423E0,440,0x00442597,FUN_004423e0,AnmRenderManagerView::SetRenderStateForVm3D,AnmManager,exact,100.00,internal EAX AnmRenderManagerView* + EBX AnmVmView* / RET,void (AnmVmView *),false,src/AnmManager.cpp,"Maintains the direct-3D blend, texture-factor color, and sampler-filter caches, flushing pending 2D sprites before incompatible state changes and incrementing the renderer state-change count.",authored,"Reviewed physical extent 0x004423E0-0x00442597 = 440 bytes; 0x00442598 begins CC padding. The Draw3D caller establishes the EAX/EBX private ABI. Texture-factor cache +0x3ADA60 and D3D9 render/sampler calls are direct target reads. Canonical linked-PE replay reproduces the complete 440-byte PDB contribution and all eight linked fields, including the MainSupervisorView +0x8 device access in the texture-factor path."
0x004425A0,201,0x00442668,FUN_004425a0,AnmRenderManagerView::SetRenderStateForVm,AnmManager,unclassified,0.00,internal EAX AnmRenderManagerView* + EDI AnmVmView* / RET,void (AnmVmView *),false,src/AnmManager.cpp,"Flushes before blend-mode or texture-filter changes, updates D3D9 destination blending and min/mag filtering, and increments the per-frame render-state-change count.",authored,"Reviewed physical extent 0x004425A0-0x00442668 = 201 bytes; 0x00442669 begins CC padding. DrawInner supplies the manager in EAX while retaining the VM in EDI; the flags at VM +0x35C supply blend bits 4-5 and texture-filter bit 31."
0x00442670,1111,0x00442AC6,FUN_00442670,AnmRenderManagerView::DrawInner,AnmManager,unclassified,0.00,internal ECX AnmRenderManagerView* + EAX AnmVmView* + stack flags / RET 4,"int (AnmVmView *, int)",false,src/AnmManager.cpp,"Applies screen shake and optional D3D9 half-pixel rounding to the shared quad, assigns sprite UVs, culls against the active viewport, updates texture and render state, resolves/mixes VM color, and queues six packed vertices.",authored,"Reviewed physical extent 0x00442670-0x00442AC6 = 1111 bytes; 0x00442AC7 begins CC padding. Seven renderer draw callers retain only the low-bit flags argument on the stack while passing VM in EAX through the private LTCG seam."
0x00442F30,29,0x00442F4C,raw_00442F30,AnmRenderManagerView::ClearVertexBuffer,AnmManager,unclassified,0.00,internal EAX AnmRenderManagerView* / RET,void (),false,src/AnmManager.cpp,"Clears the shared sprite count and points both packed-vertex cursors back to the 0x20000-entry buffer at renderer +0x3ADACC.",authored,"New CC-delimited candidate missed by Ghidra. Reviewed extent 0x00442F30-0x00442F4C = 29 bytes; 0x00442F4D begins padding. No direct/data xref was found, so the private EAX ABI remains a codegen observation."
0x00442F50,133,0x00442FD4,FUN_00442f50,AnmRenderManagerView::FlushVertexBuffer,AnmManager,unclassified,0.00,internal ESI AnmRenderManagerView* / RET,void (),false,src/AnmManager.cpp,"When spritesToDraw is nonzero, configures D3D9 diffuse texture-stage arguments/FVF, submits two triangle-list primitives per sprite from the current range, advances the start cursor, clears the count, and increments the frame flush counter.",authored,"Reviewed extent 0x00442F50-0x00442FD4 = 133 bytes; 0x00442FD5 begins padding. Twenty-two direct callers and the four D3D9 vtable slots establish the owner/role; natural normal COFF is the same target body plus an ordinary ECX-to-ESI save/restore wrapper."
0x00442FE0,157,0x0044307C,FUN_00442fe0,AnmRenderManagerView::AddSpriteToDrawBuffer,AnmManager,unclassified,0.00,internal EAX AnmRenderManagerView* + EDX AnmRenderVertexView* / RET,int (AnmRenderVertexView *),false,src/AnmManager.cpp,"Copies quad corners 0/1/2/1/2/3 into six consecutive 0x1C-byte packed vertices, advances the end cursor by 0xA8, increments spritesToDraw, and returns zero.",authored,"Reviewed physical extent 0x00442FE0-0x0044307C = 157 bytes; 0x0044307D begins CC padding. The caller seam at 0x00442F16 passes renderer in EAX and the shared four-vertex array in EDX; the following draw helpers call the same buffer owner."
0x00443080,515,0x00443282,FUN_00443080,AnmRenderManagerView::DrawNoRotation,AnmManager,unclassified,0.00,internal ESI AnmVmView* + stack AnmRenderManagerView* / RET 4,int (AnmVmView *),false,src/AnmManager.cpp,"Places an axis-aligned quad from scaled sprite dimensions and three VM position vectors, floors centered axes, writes a common Z to all four shared vertices, and calls DrawInner with rounding flag one.",authored,"Reviewed physical extent 0x00443080-0x00443282 = 515 bytes; 0x00443283 begins CC padding. Five callers and final private-ABI call to 0x00442670 establish VM/renderer roles. Horizontal/vertical modes are flags +0x35C bits 18-19/20-21."
0x00443290,486,0x00443475,FUN_00443290,AnmRenderManagerView::DrawNoRotationNoRound,AnmManager,unclassified,0.00,internal EAX AnmVmView* + stack AnmRenderManagerView* / RET 4,int (AnmVmView *),false,src/AnmManager.cpp,"Places the same axis-aligned quad without flooring centered coordinates, writes a common Z to all four shared vertices, and calls DrawInner with rounding flag zero.",authored,"Reviewed physical extent 0x00443290-0x00443475 = 486 bytes; 0x00443476 begins CC padding. Two callers distinguish this owner from the rounded path. Unlike the rounded sibling, its final Z expression reads spriteOffset.y at VM +0x350 rather than spriteOffset.z at +0x354; canonical source preserves that target behavior."
0x00443680,52,0x004436B3,raw_00443680,AnmRenderManagerView::TranslateRotation,AnmManager,exact,100.00,internal EAX AnmRenderVertexView* + 6 stack floats / RET 24,"void (AnmRenderVertexView *, float, float, float, float, float, float)",false,src/AnmManager.cpp,Applies a two-dimensional sine/cosine rotation followed by X/Y translation to one shared textured vertex.,authored,New CC-delimited target function missed by the initial Ghidra inventory. Reviewed physical extent 0x00443680-0x004436B3 = 52 bytes; 0x004436B4 begins padding. The member receiver is unused and LTCG passes the vertex in EAX. Canonical linked-image replay covers the complete 52-byte PDB contribution exactly; the corrected physical owner includes the complete RET 24 immediate.
0x004436C0,591,0x0044390E,raw_004436C0,AnmRenderManagerView::Draw2D,AnmManager,exact,100.00,internal EDX AnmVmView* + ECX AnmRenderManagerView* / RET,int (AnmVmView *),false,src/AnmManager.cpp,"Places a rotated two-dimensional quad from scaled sprite dimensions, all three VM position vectors, and horizontal/vertical anchor modes, then calls DrawInner without pixel rounding.",authored,"Reviewed physical extent 0x004436C0-0x0044390E = 591 bytes; 0x0044390F is CC separation. Draw render mode 1 reaches this block by an unconditional jump at 0x00445203. It is instruction-identical to the mode-3 block at 0x00443910 apart from the two REL32 displacements. Canonical linked-PE replay reproduces the complete 591-byte PDB contribution and all 21 linked fields after preserving the target source expression shape for the three-term coordinate sums."
0x00443910,591,0x00443B5E,raw_00443910,AnmRenderManagerView::Draw2DRotatedOrAxisAligned,AnmManager,exact,100.00,internal EDX AnmVmView* + ECX AnmRenderManagerView* / RET,int (AnmVmView *),false,src/AnmManager.cpp,"Places the same rotated two-dimensional quad used by Draw2D and enters DrawInner without pixel rounding.",authored,"Reviewed physical extent 0x00443910-0x00443B5E = 591 bytes; 0x00443B5F is CC separation. Draw render mode 3 reaches this distinct entry by an unconditional jump at 0x00445263. Its target body is instruction-identical to Draw2D apart from two address-dependent REL32 displacements; the maintained name is a TH08-corroborated hypothesis. Canonical linked-PE replay reproduces the complete 591-byte PDB contribution and all 21 linked fields after preserving the target source expression shape for the three-term coordinate sums."
0x00443B60,1047,0x00443F76,FUN_00443b60,AnmRenderManagerView::ProjectCameraFacingQuad,AnmManager,unclassified,0.00,internal EAX AnmVmView* / RET,int (AnmVmView *),false,src/AnmManager.cpp,"Projects the VM's accumulated position and the active camera-right vector through the current view/projection/viewport, rejects depth outside [0,1], scales and rotates the shared quad, and writes projected depth to all vertices.",authored,"Reviewed physical extent 0x00443B60-0x00443F76 = 1047 bytes; 0x00443F77 begins CC padding. Two D3DXVec3Project calls use the active viewport owner at 0x00491FAC, and the private LTCG seam passes the VM in EAX."
0x00443F80,33,0x00443FA0,FUN_00443f80,AnmRenderManagerView::DrawCameraFacingQuad,AnmManager,unclassified,0.00,internal ESI AnmVmView* + stack AnmRenderManagerView* / RET 4,int (AnmVmView *),false,src/AnmManager.cpp,"Returns -1 when camera-facing projection fails; otherwise calls DrawInner with flags zero and propagates its result.",authored,"Reviewed physical extent 0x00443F80-0x00443FA0 = 33 bytes; 0x00443FA1 begins CC padding. The wrapper calls 0x00443B60 and the established common renderer at 0x00442670."
0x00443FB0,643,0x00444232,FUN_00443fb0,AnmRenderManagerView::DrawMode6,AnmManager,unclassified,0.00,internal EDI AnmVmView* + ESI AnmRenderManagerView* / RET,int (AnmVmView *),false,src/AnmManager.cpp,"Render mode 6 projects a camera-facing quad, computes its distance from the active camera, optionally applies the renderer color multiplier, fades RGB toward three global float channels and alpha toward zero across the configured range, and draws while preserving the generated vertex color.",authored,"Reviewed physical extent 0x00443FB0-0x00444232 = 643 bytes; 0x00444233 begins CC padding. Dispatcher mode 6 establishes the EDI/ESI private ABI. Camera position 0x00491D7C, distance interval 0x00491E78/7C, and float RGB targets 0x00491E80/84/88 are direct TH10 reads."
0x00444240,818,0x00444571,FUN_00444240,AnmRenderManagerView::Project3DQuad,AnmManager,unclassified,0.00,internal EAX AnmVmView* + stack AnmRenderManagerView* / RET 4,int (AnmVmView *),false,src/AnmManager.cpp,"Maintains the VM's transformed matrix, applies dirty scale and Euler rotations, translates a local 256-by-256 quad by all three VM position vectors, projects all four vertices, and caches the completed world matrix on the renderer.",authored,"Reviewed physical extent 0x00444240-0x00444571 = 818 bytes; 0x00444572 begins CC padding. Four D3DXVec3Project calls use the active viewport owner, bit 14 skips matrix recomputation, and the private LTCG seam passes the VM in EAX while consuming the renderer stack argument."
0x00444580,60,0x004445BB,FUN_00444580,AnmRenderManagerView::DrawProjected3DQuad,AnmManager,unclassified,0.00,internal ESI AnmVmView* + EDI AnmRenderManagerView* / RET,int (AnmVmView *),false,src/AnmManager.cpp,"Projects a 3D quad, draws it through DrawInner with no pixel rounding, restores all four shared RHW values to one, and returns the draw result.",authored,"Reviewed physical extent 0x00444580-0x004445BB = 60 bytes; 0x004445BC begins CC padding. Direct calls close Project3DQuad and DrawInner, and four immediate stores restore shared vertex RHW fields at +0x0C."
0x004445C0,402,0x00444751,FUN_004445c0,AnmRenderManagerView::DrawMode7,AnmManager,exact,100.00,internal stack AnmRenderManagerView* + AnmVmView* / RET 8,int (AnmVmView *),false,src/AnmManager.cpp,"Render mode 7 projects the 3D quad, transforms each renderer-local source vertex through the cached world matrix, applies the background photo blend independently by per-vertex camera distance, submits with preserved colors, and restores shared RHW values.",authored,"Reviewed physical extent 0x004445C0-0x00444751 = 402 bytes; 0x00444752 begins CC padding. Dispatcher mode 7 pushes VM then renderer and the callee returns with RET 8. Renderer source vertices at +0x3ADA78 stride 0x14, cached matrix +0x3AD0F0, camera 0x00491D7C, photo interval/channels 0x00491E78-0x00491E90, and D3DXVec4Transform call are direct TH10 reads. Canonical linked-PE replay reproduces the complete 402-byte PDB contribution and all 24 linked fields in the real two-VM draw-callback context."
0x00444760,929,0x00444B00,FUN_00444760,AnmRenderManagerView::Draw3D,AnmManager,exact,100.00,internal EAX AnmVmView* + stack AnmRenderManagerView* / RET 4,int (AnmVmView *),false,src/AnmManager.cpp,"Flushes the 2D batch, updates the VM world matrix and anchor translation, applies direct-3D render state, refreshes texture/world transforms and fixed-function stream state, then draws the four renderer-local vertices as a triangle strip.",authored,"Reviewed physical extent 0x00444760-0x00444B00 = 929 bytes; 0x00444B01 begins CC padding. Dispatcher mode 8 supplies VM in EAX and renderer on the stack. D3D9 vtable slots +0xB0/+0x104/+0x10C/+0x144/+0x164/+0x190 and renderer caches +0x3ADA60-0x3ADA78 are direct TH10 observations. Canonical linked-PE replay reproduces the complete 929-byte PDB contribution and all 25 linked fields, including the MainSupervisorView +0x8 device access."
0x00444B10,201,0x00444BD8,FUN_00444b10,AnmRenderManagerView::InitializeHorizontalTextureStrip,AnmManager,matching,100.00,internal ECX AnmVmView* + EBX vertices + EAX count / RET,"int (AnmVmView *, AnmRenderVertexView *, int)",false,src/AnmManager.cpp,"Initializes alternating top and bottom rows of a generated textured strip, stepping U from the sprite endpoint toward its start while assigning VM primary color and unit RHW.",authored,"Canonical linked-PE replay reproduces the complete relocation-free 201-byte PDB contribution. The manager receiver is unused at the target seam. TH08 supplied the method-name hypothesis after TH10 UV fields, loops, stride and ABI were established."
0x00444BE0,201,0x00444CA8,FUN_00444be0,AnmRenderManagerView::InitializeVerticalTextureStrip,AnmManager,matching,100.00,internal ECX AnmVmView* + EBX vertices + EAX count / RET,"int (AnmVmView *, AnmRenderVertexView *, int)",false,src/AnmManager.cpp,"Initializes alternating left and right columns of a generated textured strip, stepping V from the sprite endpoint toward its start while assigning VM primary color and unit RHW.",authored,"Canonical linked-PE replay reproduces the complete relocation-free 201-byte PDB contribution. The body is the coordinate-transposed sibling of 0x00444B10 and is absent from the Ghidra call graph."
0x00444CB0,34,0x00444CD1,raw_00444CB0,AnmRenderManagerView::SetGeneratedVertexColor,AnmManager,matching,100.00,internal EDX AnmVmView* + EAX vertices + ECX count / RET,"int (AnmVmView *, AnmRenderVertexView *, int)",false,src/AnmManager.cpp,"Copies the VM primary color to the diffuse-color field of each 0x1C-byte generated vertex.",authored,"Canonical linked-PE replay reproduces the complete relocation-free 34-byte PDB contribution. This is a Ghidra-missed CC-delimited body with no target entry xref; the unused manager receiver is absent from the private register seam."
0x00444CE0,224,0x00444DBF,FUN_00444ce0,AnmRenderManagerView::DrawGeneratedVertices,AnmManager,exact,100.00,internal ECX AnmRenderManagerView* + EAX AnmVmView* + stack vertices/count / RET 8,"int (AnmVmView *, AnmRenderVertexView *, int)",false,src/AnmManager.cpp,"Validates the VM, installs its texture and the XYZRHW/diffuse/texture FVF, applies cached render state, then submits caller-provided vertices as a textured triangle strip.",authored,"Reviewed physical extent 0x00444CE0-0x00444DBF = 224 bytes. Dispatcher mode 9 is the direct caller and passes VM generatedVertices plus twice generatedVertexCount; D3D9 calls and constants are direct target reads. Canonical linked-PE replay reproduces the complete 224-byte PDB contribution and all seven linked fields, including the MainSupervisorView +0x8 texture-bind access."
0x00444DC0,145,0x00444E50,raw_00444DC0,AnmRenderManagerView::QueueSpriteQuad,AnmManager,exact,100.00,internal ECX AnmRenderManagerView* + EAX AnmVmView* + stack vertices / RET 4,"int (AnmVmView *, AnmRenderVertexView *)",false,src/AnmManager.cpp,"Validates the VM, updates texture and batched-sprite state with required flushes, applies the VM render state, and expands a caller-provided quad into the shared buffer.",authored,Ghidra-missed CC-delimited body 0x00444DC0-0x00444E50 = 145 bytes; 0x00444E51 begins padding. No target entry xref was found. TH08 supplied the method-name hypothesis after TH10 behavior was established. Canonical linked-image replay covers the complete 145-byte PDB contribution and all five linked fields exactly; the corrected physical owner includes the complete RET 4 immediate.
0x00444E60,315,0x00444F9A,raw_00444E60,AnmRenderManagerView::DrawUntexturedTriangleStrip,AnmManager,exact,100.00,internal EAX AnmRenderManagerView* + EDI AnmVmView* + stack vertices/count / RET 8,"int (AnmVmView *, AnmUntexturedVertexView *, int)",false,src/AnmManager.cpp,"Installs the untextured diffuse pipeline, temporarily disables Z writes, submits a caller-provided triangle strip, invalidates renderer caches, and restores normal texture-stage operations.",authored,Ghidra-missed CC-delimited body 0x00444E60-0x00444F9A = 315 bytes; 0x00444F9B begins padding. No target entry xref was found; the D3D9 state sequence and 0x14 vertex stride are direct observations. Canonical linked-image replay covers the complete 315-byte PDB contribution and all sixteen linked fields exactly; the corrected physical owner includes the complete RET 8 immediate.
0x00444FA0,315,0x004450DA,raw_00444FA0,AnmRenderManagerView::DrawUntexturedTriangleFan,AnmManager,exact,100.00,internal EAX AnmRenderManagerView* + EDI AnmVmView* + stack vertices/count / RET 8,"int (AnmVmView *, AnmUntexturedVertexView *, int)",false,src/AnmManager.cpp,"Installs the untextured diffuse pipeline, temporarily disables Z writes, submits a caller-provided triangle fan, invalidates renderer caches, and restores normal texture-stage operations.",authored,Ghidra-missed CC-delimited body 0x00444FA0-0x004450DA = 315 bytes; 0x004450DB begins padding. It is instruction-identical to the strip sibling apart from the primitive-type immediate and address-dependent calls. Canonical linked-image replay covers the complete 315-byte PDB contribution and all sixteen linked fields exactly; the corrected physical owner includes the complete RET 8 immediate.
0x004450E0,211,0x004451B2,FUN_004450e0,AnmRenderManagerView::DrawTexturedTriangleFan,AnmManager,exact,100.00,internal ECX AnmRenderManagerView* + EAX AnmVmView* + stack vertices/count / RET 8,"int (AnmVmView *, AnmRenderVertexView *, int)",false,src/AnmManager.cpp,"Installs textured XYZRHW/diffuse vertex state, applies the VM render state and texture, disables Z writes, and submits a caller-provided triangle fan.",authored,"Reviewed physical extent 0x004450E0-0x004451B2 = 211 bytes; 0x004451B3 begins CC padding. The 33-vertex callback at 0x00445880 is the unique target caller; D3D9 calls, constants and vertex stride are direct observations. Canonical linked-PE replay reproduces the complete 211-byte PDB contribution and all ten linked fields, including the MainSupervisorView +0x8 texture-bind access."
0x004451C0,216,0x00445297,FUN_004451c0,AnmRenderManagerView::Draw,AnmManager,exact,100.00,internal EAX AnmVmView* + ECX AnmRenderManagerView* / RET,int (AnmVmView *),false,src/AnmManager.cpp,"Rejects invisible, disabled, or zero-primary-alpha VMs, extracts the four-bit render mode from flags bits 22-25, and dispatches modes 0-9 through the complete ANM draw family.",authored,"Reviewed physical owner 0x004451C0-0x00445297 = 216 bytes: executable code ends at 0x0044526C, 0x0044526D-0x0044526F is a three-byte alignment instruction, and 0x00445270-0x00445297 is the ten-entry jump table directly referenced at 0x004451ED. This corrects the initial Ghidra 173-byte code-only candidate; 0x00445298 begins CC padding. Canonical linked-PE replay reproduces the complete 216-byte PDB contribution, including the three-byte alignment instruction and ten-entry absolute jump table, with all 21 linked fields."
0x004452E0,10,0x004452E9,raw_004452E0,,AnmManager,unclassified,0.00,,,false,,Reads VM flags +0x35C and returns bit zero.,,"Reviewed CC-delimited extent 0x004452E0-0x004452E9; no direct-call or absolute-pointer target reference. Accessor-like shape alone does not establish source origin or original name. origin indeterminate: ten-byte state accessor with no IDA entry xref; the physical target extent is reviewed, but IDA lacks an independent entry anchor or usable function body for source attribution (target-ida-origin-indeterminate-2026-09-18; reviewed target 0x004452E0, 10 bytes)."
0x004452F0,803,0x00445612,FUN_004452f0,AnmVmView::InitializePulsingRadialTrail,AnmManager,unclassified,0.00,internal EDI AnmVmView* / RET,int (),false,src/AnmManager.cpp,"Allocates and initializes the 0x4B0-byte pulsing radial-trail payload, then installs its update and draw callbacks.",authored,"Reviewed physical extent 0x004452F0-0x00445612 = 803 bytes; 0x00445613 begins CC padding. Payload offsets, callback addresses, RNG owner, constants, loop bounds and vector helper calls are direct TH10 observations; TH095 supplied the source-shape hypothesis after TH10 behavior was established."
0x00445620,598,0x00445875,FUN_00445620,UpdatePulsingRadialTrail,AnmManager,exact,100.00,__fastcall ECX AnmVmView* / RET,int (AnmVmView *),false,src/AnmManager.cpp,"Advances radial-trail radii, scrolls both UV axes with the payload X velocity, rebuilds ring positions, and closes the 33-vertex fan.",authored,Reviewed physical extent 0x00445620-0x00445875 = 598 bytes. Restoring four independent wrap-loop counters preserves the original local lifetimes and makes pinned VC7.1 normal COFF reproduce all 598 bytes; two cold builds replay all 526 ordinary bytes and all 18 DIR32/REL32 fields zero-difference. TH095 independently preserves the same four-counter source shape.
0x00445880,25,0x00445898,raw_00445880,DrawPulsingRadialTrail,AnmManager,matching,100.00,__fastcall ECX AnmVmView* / RET,int (AnmVmView *),false,src/AnmManager.cpp,Submits the VM generated-vertex payload as a 33-vertex textured triangle fan and returns zero.,authored,"New CC-delimited target function missed by the initial Ghidra inventory. Reviewed physical extent 0x00445880-0x00445898 = 25 bytes; 0x00445899 begins padding. Its address is stored at VM +0x39C by 0x004452F0, and its only call reaches 0x004450E0. Canonical linked-PE replay in the initializer context covers the complete PDB contribution and both resolved fields exactly."
0x004458A0,7,0x004458A6,raw_004458A0,,AnmManager,unclassified,0.00,,,false,,Returns the VM primary-color dword at +0x2FC.,,"Reviewed CC-delimited extent 0x004458A0-0x004458A6; no direct-call or absolute-pointer target reference. Accessor-like shape alone does not establish source origin or original name. origin indeterminate: seven-byte state accessor with no IDA entry xref; the physical target extent is reviewed, but IDA lacks an independent entry anchor or usable function body for source attribution (target-ida-origin-indeterminate-2026-09-18; reviewed target 0x004458A0, 7 bytes)."
0x004458B0,30,0x004458CD,FUN_004458b0,AnmFloat3View::FromAngleMagnitude,AnmManager,matching,100.00,__thiscall ECX AnmFloat3View* + stack angle/magnitude / RET 8,"void (float, float)",false,src/AnmManager.cpp,Uses one x87 FSINCOS to write cosine times magnitude to X and sine times magnitude to Y.,authored,Reviewed physical extent 0x004458B0-0x004458CD = 30 bytes; 0x004458CE begins CC padding. Both radial-trail functions call the helper. Canonical linked-PE replay in the radial-trail initializer context reproduces all 30 relocation-free bytes exactly.
0x00445900,2315,0x0044620A,FUN_00445900,AnmRenderManagerView::AnmRenderManagerView,AnmManager,unclassified,0.00,internal stack AnmRenderManagerView* / RET 4,,false,src/AnmManager.cpp,"Constructs the VM members, clears the complete manager, initializes both global quad templates and all 4096 pool VMs, registers two update and eighteen layer-draw callbacks, and clears the active D3D9 vertex shader.",authored,"Reviewed physical extent 0x00445900-0x0044620A = 2315 bytes; 0x0044620B begins CC padding and a separate retained identity helper starts at 0x00446210. Target member-construction calls establish an embedded primary VM at +0x3AD130, with its generatedVertices field at manager +0x3AD488. Callback addresses, priorities, layer set, all manager offsets and the final D3D9 call are direct TH10 observations; source exactness remains open."
0x00446220,206,0x004462ED,FUN_00446220,AnmRenderManagerView::~AnmRenderManagerView,AnmManager,unclassified,0.00,internal stack AnmRenderManagerView* / RET 4,,false,src/AnmManager.cpp,"Drains both VM order lists through RemoveVm, then destroys the 20 draw-layer sentinels, the embedded primary VM whose generated-vertex pointer is at manager +0x3AD488, and all 4096 inline-pool VMs.",authored,Reviewed physical extent 0x00446220-0x004462ED = 206 bytes; the following body begins at 0x004462F0. The shutdown owner at 0x00438AD0 calls this body immediately before freeing the manager. Constructor member calls and the inline VM constructor establish primaryVm at +0x3AD130 and generatedVertices at relative +0x358; SEH states and vector-destructor calls establish destruction order. Current natural /GL source compiles but exactness remains unclaimed.
0x004462F0,472,0x004464C7,FUN_004462f0,AnmRenderManagerView::SetupVertexBuffer,AnmManager,unclassified,0.00,internal EAX AnmRenderManagerView* / RET,void (),false,src/AnmManager.cpp,"Builds the fixed -128 to +128 XYZ/UV quad, mirrors it into the background-quad storage, creates and fills an 80-byte managed D3D9 vertex buffer, and binds stream zero at 0x14-byte stride.",authored,"Reviewed physical extent 0x004462F0-0x004464C7 = 472 bytes; 0x004464C8 begins CC padding and the next retained helper starts at 0x004464D0. Raw target REL32 review found the owning call at 0x0042025B after the caller loads global manager 0x00491C10 into EAX; Ghidra did not recover that caller function. All constants, mirrored addresses and D3D9 vtable slots are direct TH10 observations; source exactness remains open."
0x004465B0,1463,0x00446B66,FUN_004465b0,AnmRenderManagerView::ApplyTextureAlphaBleed,AnmManager,unclassified,0.00,internal EAX AnmTextureEntryView* / RET,void (AnmTextureEntryView *),false,src/AnmManager.cpp,"Fills RGB channels of transparent texture pixels from nontransparent orthogonal neighbors for A8R8G8B8, A1R5G5B5 and A4R4G4B4 surfaces while preserving zero alpha.",authored,"Reviewed physical contribution 0x004465B0-0x00446B66 = 1463 bytes: executable code returns at 0x00446B38, followed by three alignment bytes, a four-entry absolute jump table at 0x00446B3C-0x00446B4B and a 27-byte selector table at 0x00446B4C-0x00446B66; 0x00446B67 begins CC padding. Four direct calls at 0x00446C38, 0x00446D48, 0x00446E92 and 0x00446F1F pass an AnmTextureEntryView in EAX. Surface calls, formats, pitch arithmetic, edge tests and channel widths are direct TH10 observations; source exactness remains open."
0x00446C70,243,0x00446D62,FUN_00446c70,AnmRenderManagerView::LoadTexture,AnmManager,unclassified,0.00,internal EAX format + EDI entry + EBX size + ESI data + 2 stack args / RET 8,"int (AnmTextureEntryView *, unsigned char *, int, int, int, int)",false,src/AnmManager.cpp,"Uploads external or embedded ANM texture data into an existing D3D9 texture, applies alpha bleed, and records the target format byte stride.",authored,"Reviewed physical extent 0x00446C70-0x00446D62 = 243 bytes; direct TH10 disassembly establishes all named offsets, branches, D3D9 calls and allocation behavior. Maintained source is semantic and source exactness remains open."
0x00446D70,320,0x00446EAF,FUN_00446d70,AnmRenderManagerView::LoadTextureRegion,AnmManager,unclassified,0.00,internal EAX format + ECX top + EDI data + ESI entry + EBP size + 4 stack args / RET 16,"int (AnmTextureEntryView *, unsigned char *, int, int, int, int, int)",false,src/AnmManager.cpp,"Uploads an external or embedded image into a vertically offset destination region, then applies alpha bleed and records byte stride.",authored,"Reviewed physical extent 0x00446D70-0x00446EAF = 320 bytes; direct TH10 disassembly establishes all named offsets, branches, D3D9 calls and allocation behavior. Maintained source is semantic and source exactness remains open."
0x00446EB0,132,0x00446F33,FUN_00446eb0,AnmRenderManagerView::CreateTextureFromFile,AnmManager,exact,100.00,internal EAX format + ESI entry + EDX height + 3 stack args / RET 12,"int (AnmTextureEntryView *, int, unsigned int, int, int)",false,src/AnmManager.cpp,"Creates an explicitly-sized managed D3D9 texture from external file bytes, applies alpha bleed, and records byte stride.",authored,"Reviewed physical extent 0x00446EB0-0x00446F33 = 132 bytes; direct TH10 disassembly establishes all named offsets, branches, D3D9 calls and allocation behavior. Maintained source is semantic and source exactness remains open. Canonical linked-PE unit anm-resource-create-texture-from-file covers the complete 132-byte PDB-owned extent and all 7 linked fields with zero differences."
0x00446F40,264,0x00447047,FUN_00446f40,AnmRenderManagerView::CreateTextureFromAnm,AnmManager,exact,100.00,internal EAX format + ECX data + EBX output + 2 stack args / RET 8,"int (D3d9TextureView **, void *, int, int, int)",false,src/AnmManager.cpp,Creates a managed texture at caller dimensions and uploads pixels described by the embedded ANM texture header.,authored,"Reviewed physical extent 0x00446F40-0x00447047 = 264 bytes; direct TH10 disassembly establishes all named offsets, branches, D3D9 calls and allocation behavior. Canonical linked-PE replay reproduces the complete extent and all nine fields after restoring the shared source/destination header rectangle passed to D3DXLoadSurfaceFromMemory."
0x00447050,41,0x00447078,FUN_00447050,AnmRenderManagerView::CreateEmptyTexture,AnmManager,exact,100.00,internal ESI format + EDI entry + EDX width + ECX height / RET,"int (D3d9TextureView **, int, int, int)",false,src/AnmManager.cpp,Creates a blank managed D3D9 texture and records its serialized-format byte stride.,authored,"Reviewed physical extent 0x00447050-0x00447078 = 41 bytes; direct TH10 disassembly establishes all named offsets, branches, D3D9 calls and allocation behavior. Maintained source is semantic and source exactness remains open. Canonical linked-PE unit anm-resource-create-empty-texture covers the complete 41-byte PDB-owned extent and all 4 linked fields with zero differences."
0x00447080,50,0x004470B1,raw_00447080,AnmRenderManagerView::LoadAnm,AnmManager,exact,100.00,internal ESI manager + ECX index + EAX path / RET,"AnmLoadedView * (int, const char *)",false,src/AnmManager.cpp,Runs the synchronous two-phase ANM loader by reading all entries and repeatedly postloading until the pending counter clears.,authored,"New denominator candidate missed by Ghidra. Reviewed CC-delimited extent 0x00447080-0x004470B1 = 50 bytes; 0x004470B2 begins padding. No direct or absolute target xref was found, but the body is the complete synchronous counterpart of the independently called read/postload pipeline.  Canonical linked-PE unit anm-resource-load-anm covers the complete 50-byte PDB-owned extent and all 2 linked fields with zero differences."
0x004470C0,433,0x00447270,FUN_004470c0,AnmRenderManagerView::ReadAnmEntries,AnmManager,unclassified,0.00,3 stack args manager/index/path / RET 12,"AnmLoadedView * (int, const char *)",false,src/AnmManager.cpp,"Reads an ANM blob, allocates its 0x130-byte owner and aggregate texture/sprite/script tables, inventories every linked entry, and preloads external image bytes.",authored,"Reviewed physical extent 0x004470C0-0x00447270 = 433 bytes; direct TH10 disassembly establishes all named offsets, branches, D3D9 calls and allocation behavior. Maintained source is semantic and source exactness remains open."
0x00447280,81,0x004472D0,FUN_00447280,AnmRenderManagerView::PreloadAnm,AnmManager,unclassified,0.00,internal EDX manager + ECX index + stack path / RET 4,"AnmLoadedView * (int, const char *)",false,src/AnmManager.cpp,Starts two-phase ANM loading and waits for the main-thread service callback unless the shared stop byte becomes negative.,authored,"Reviewed physical extent 0x00447280-0x004472D0 = 81 bytes; direct TH10 disassembly establishes all named offsets, branches, D3D9 calls and allocation behavior. Maintained source is semantic and source exactness remains open."
0x004472E0,214,0x004473B5,FUN_004472e0,AnmRenderManagerView::LoadExternalTextureData,AnmManager,unclassified,0.00,internal ECX entry index + EDX loaded ANM + stack raw entry / RET 4,"int (AnmLoadedView *, int, int *, int *, AnmRawEntryView *)",false,src/AnmManager.cpp,Validates a version-four raw entry and opens its external texture file when the entry has no embedded data and is not an @ blank texture.,authored,"Reviewed physical extent 0x004472E0-0x004473B5 = 214 bytes; direct TH10 disassembly establishes all named offsets, branches, D3D9 calls and allocation behavior. Maintained source is semantic and source exactness remains open."
0x004473C0,174,0x0044746D,FUN_004473c0,AnmRenderManagerView::PostloadAnmEntry,AnmManager,exact,100.00,2 stack args manager/loaded ANM / RET 8,AnmLoadedView * (AnmLoadedView *),false,src/AnmManager.cpp,"Consumes exactly one pending raw ANM entry, advances aggregate sprite/script indices, and clears or increments the pending counter.",authored,"Reviewed physical extent 0x004473C0-0x0044746D = 174 bytes; direct TH10 disassembly establishes all named offsets, branches, D3D9 calls and allocation behavior. Maintained source is semantic and source exactness remains open. Canonical linked-PE unit anm-resource-postload-entry covers the complete 174-byte PDB-owned extent and all 1 linked fields with zero differences."
0x00447470,650,0x004476F9,FUN_00447470,AnmRenderManagerView::LoadTextureData,AnmManager,unclassified,0.00,internal EAX entry index + 5 stack args / RET 20,"int (AnmLoadedView *, int, int, int, AnmRawEntryView *)",false,src/AnmManager.cpp,"Creates one raw entry texture, applies priority/preload, builds every normalized sprite, and records every script instruction pointer.",authored,"Reviewed physical extent 0x00447470-0x004476F9 = 650 bytes; direct TH10 disassembly establishes all named offsets, branches, D3D9 calls and allocation behavior. Maintained source is semantic and source exactness remains open."
0x00447700,135,0x00447786,FUN_00447700,AnmRenderManagerView::ServicePreloadedAnms,AnmManager,unclassified,0.00,stack manager / RET 4,int (),false,src/AnmManager.cpp,Services one pending ANM entry per tick or releases a slot marked pending; the target release branch retains a null-slot write.,authored,"Reviewed physical extent 0x00447700-0x00447786 = 135 bytes; direct TH10 disassembly establishes all named offsets, branches, D3D9 calls and allocation behavior. Maintained source is semantic and source exactness remains open."
0x004477D0,55,0x00447806,FUN_004477d0,AnmRenderManagerView::ReleaseAnm,AnmManager,unclassified,0.00,internal EBX manager + ESI index / RET,void (int),false,src/AnmManager.cpp,"Validates a 33-slot index, releases the loaded ANM owner, deletes it, and clears the manager slot.",authored,"Reviewed physical extent 0x004477D0-0x00447806 = 55 bytes; direct TH10 disassembly establishes all named offsets, branches, D3D9 calls and allocation behavior. Maintained source is semantic and source exactness remains open."
0x00447810,242,0x00447901,FUN_00447810,AnmLoadedView::Release,AnmManager,unclassified,0.00,internal EDI loaded ANM / RET,void (),false,src/AnmManager.cpp,"Marks dependent VMs for deletion and frees every texture, external image, aggregate table, optional map allocation, and raw ANM blob.",authored,"Reviewed physical extent 0x00447810-0x00447901 = 242 bytes; direct TH10 disassembly establishes all named offsets, branches, D3D9 calls and allocation behavior. Maintained source is semantic and source exactness remains open."
0x00447940,143,0x004479CE,FUN_00447940,AnmLoadedView::LoadSprite,AnmManager,exact,100.00,internal EAX sprite index + EDX loaded ANM + EBX sprite / RET,"void (int, AnmSpriteView *)",false,src/AnmManager.cpp,Copies one 0x44-byte sprite and derives normalized UV coordinates and unscaled pixel dimensions.,authored,"Reviewed physical extent 0x00447940-0x004479CE = 143 bytes; direct TH10 disassembly establishes all named offsets, branches, D3D9 calls and allocation behavior. Maintained source is semantic and source exactness remains open. Canonical linked-PE unit anm-resource-load-sprite is raw-equal across the complete relocation-free 143-byte PDB extent."
0x004479D0,127,0x00447A4E,FUN_004479d0,AnmRenderManagerView::DrawTextInner,AnmManager,exact,100.00,internal EAX glyph width + EDI sprite + EBX text + 4 stack args / RET 16,"void (D3d9TextureView *, AnmSpriteView *, int, int, unsigned int, const char *, int)",false,src/AnmManager.cpp,"Converts the loaded sprite source rectangle to integer pixels, normalizes the glyph width, and dispatches formatted text to one of two texture rasterizers.",authored,"Ghidra extent 0x004479D0-0x00447A4E = 127 bytes includes two trailing CC bytes; the physical body ends at 0x00447A4C. Direct TH10 disassembly establishes the rectangle conversions, 17-pixel default, <=8 early return, helper arguments and VM-independent ABI. Canonical /GS linked-PE unit cold-built twice with pinned VC7.1 SP1 build6030; the complete 127-byte PDB-owned extent and all 6 declared linked fields replay zero-difference."
0x00447A50,141,0x00447ADC,FUN_00447a50,AnmRenderManagerView::DrawTextLeft,AnmManager,exact,100.00,internal ESI VM + stack manager/color/format/varargs / caller cleanup,"void (AnmVmView *, unsigned int, const char *, ...)",false,src/AnmManager.cpp,"Formats a 128-byte text buffer, draws it at horizontal offset zero, selects the alternate rasterizer from VM text flag bit one, and makes the VM visible.",authored,"Reviewed physical extent 0x00447A50-0x00447ADC = 141 bytes. The three-argument callers, VM offsets +0x360/+0x394/+0x3A0, vsprintf call and DrawTextInner seam are direct TH10 evidence. Canonical /GS linked-PE unit cold-built twice with pinned VC7.1 SP1 build6030; the complete 141-byte PDB-owned extent and all 4 declared linked fields replay zero-difference."
0x00447AE0,204,0x00447BAB,FUN_00447ae0,AnmRenderManagerView::DrawTextRight,AnmManager,exact,100.00,internal ESI VM + stack manager/color/format/varargs / caller cleanup,"void (AnmVmView *, unsigned int, const char *, ...)",false,src/AnmManager.cpp,Formats text and right-aligns it within the unscaled sprite width using a one-pixel overlap between adjacent glyph cells.,authored,"Reviewed physical extent 0x00447AE0-0x00447BAB = 204 bytes. Direct TH10 disassembly establishes the 17-pixel default, inline strlen, integer half-span, float width subtraction, text-renderer selector and visibility publication. Canonical /GS linked-PE unit cold-built twice with pinned VC7.1 SP1 build6030; the complete 204-byte PDB-owned extent and all 6 declared linked fields replay zero-difference."
0x00447BB0,194,0x00447C71,FUN_00447bb0,AnmRenderManagerView::DrawTextCentered,AnmManager,exact,100.00,internal ESI VM + stack manager/color/format/varargs / caller cleanup,"void (AnmVmView *, unsigned int, const char *, ...)",false,src/AnmManager.cpp,Formats text and centers it using half the integer sprite width minus one quarter of the overlapped glyph span.,authored,"Reviewed physical extent 0x00447BB0-0x00447C71 = 194 bytes. Direct TH10 disassembly establishes the two independent integer divisions, 17-pixel default, renderer selector and visibility publication. Canonical /GS linked-PE unit cold-built twice with pinned VC7.1 SP1 build6030; the complete 194-byte PDB-owned extent and all 5 declared linked fields replay zero-difference."
0x00447C80,576,0x00447EBF,raw_00447C80,AnmRenderManagerView::LoadSurface,AnmManager,unclassified,0.00,internal ECX manager + EDX path + stack index / RET 4,"int (int, const char *)",false,src/AnmManager.cpp,"Loads an image from staged or synchronous file bytes, decodes it through a temporary surface, and creates primary plus offscreen backup surfaces.",authored,"New CC-delimited denominator candidate missed by Ghidra. Reviewed physical extent 0x00447C80-0x00447EBF = 576 bytes; 0x00447EC0 begins the next function. All owner offsets, D3D9 slots, D3DX calls, cleanup branches and the preloaded-data transfer are direct TH10 observations."
0x00447EC0,169,0x00447F68,raw_00447EC0,AnmRenderManagerView::PreloadSurface,AnmManager,unclassified,0.00,internal ECX index + EDX manager + EBX path / RET,"int (int, const char *)",false,src/AnmManager.cpp,Reads image bytes into one staged surface slot for a later LoadSurface call.,authored,"New CC-delimited denominator candidate missed by Ghidra. Reviewed physical extent 0x00447EC0-0x00447F68 = 169 bytes; 0x00447F69 begins padding. Direct TH10 disassembly establishes the private ABI, release behavior, file mode, error path and staged data/size offsets."
0x00447F70,87,0x00447FC6,FUN_00447f70,AnmRenderManagerView::ReleaseSurface,AnmManager,exact,100.00,internal EDI manager + ESI index / RET,void (int),false,src/AnmManager.cpp,"Releases one primary surface, its offscreen backup and any staged image bytes, clearing each owned pointer.",authored,Reviewed physical extent 0x00447F70-0x00447FC6 = 87 bytes. All three 32-slot owner arrays and both COM releases are directly target-observed. Canonical /GS linked-PE unit cold-built twice with pinned VC7.1 SP1 build6030; the complete 87-byte PDB-owned extent and its sole declared linked field replay zero-difference.
0x00447FD0,330,0x00448119,FUN_00447fd0,AnmRenderManagerView::CopySurfaceToBackbuffer,AnmManager,unclassified,0.00,internal EBX manager + EAX index + 4 stack coordinates / RET 16,"void (int, int, int, int, int)",false,src/AnmManager.cpp,Lazily restores a primary surface from its backup and updates a source rectangle into the current backbuffer.,authored,"Ghidra extent 0x00447FD0-0x00448119 = 330 bytes includes two trailing CC bytes; the physical body ends at 0x00448117. Direct TH10 disassembly establishes surface recreation, backup copy, rectangle/point construction and UpdateSurface."
0x00448120,325,0x00448264,FUN_00448120,AnmRenderManagerView::CopySurfaceToBackbuffer2,AnmManager,unclassified,0.00,internal EBX index + stack manager/6 coordinates / RET 28,"void (int, int, int, int, int, int, int)",false,src/AnmManager.cpp,Copies a bounded source rectangle from a lazily restored surface to a caller-selected backbuffer point.,authored,Ghidra extent 0x00448120-0x00448264 = 325 bytes includes two trailing CC bytes; the physical body ends at 0x00448262. The private ABI and bounded rectangle arithmetic are direct TH10 observations; the maintained name is corroborated by the structurally equivalent adjacent-game owner.
0x00448270,240,0x0044835F,FUN_00448270,AnmRenderManagerView::CaptureToTexture,AnmManager,unclassified,0.00,internal ECX manager + EBX ANM index + EAX entry index + 8 stack coordinates / RET 32,"void (int, int, int, int, int, int, int, int, int, int)",false,src/AnmManager.cpp,Flushes pending sprites and copies a scaled backbuffer rectangle into one loaded ANM texture entry.,authored,"Ghidra extent 0x00448270-0x0044835F = 240 bytes includes two trailing padding bytes after RET. Direct TH10 disassembly establishes both resource indices, all eight rectangle coordinates, point filter value two and COM cleanup."
0x00448360,227,0x00448442,raw_00448360,AnmRenderManagerView::CopyTextureRect,AnmManager,unclassified,0.00,internal EDX manager + EAX destination entry + ECX source entry + 4 stack args / RET 16,"void (int, int, int, int, D3d9RectView *, D3d9RectView *)",false,src/AnmManager.cpp,Flushes pending sprites and copies caller-selected rectangles between two loaded ANM texture entries.,authored,"New CC-delimited denominator candidate missed by Ghidra. Reviewed physical extent 0x00448360-0x00448442 = 227 bytes; 0x00448443 begins padding. Two loaded-ANM lookups, both surface-level acquisitions, D3DX filter -1 and release order are direct TH10 observations."
0x00448450,379,0x004485CA,FUN_00448450,AnmRenderManagerView::CaptureToSurface,AnmManager,exact,100.00,internal EAX manager + 9 stack args / RET 36,"void (int, int, int, int, int, int, int, int, int)",false,src/AnmManager.cpp,"Flushes pending sprites, captures a backbuffer rectangle into a fresh primary surface, and mirrors it to the offscreen backup.",authored,"Reviewed physical extent 0x00448450-0x004485CA = 379 bytes; the final three bytes are RET 36 at 0x004485C8-0x004485CA. Direct TH10 disassembly establishes rectangle arithmetic, surface-info dimensions, render-target fallback, backup creation, filter -1 and cleanup. Canonical linked-PE replay reproduces the complete PDB contribution and all 11 Supervisor, D3DX and internal-call fields exactly."
0x00448860,149,0x004488F4,FUN_00448860,AnmRenderManagerView::UpdatePrimaryVms,AnmManager,exact,100.00,internal EAX AnmRenderManagerView* / RET,int (),false,src/AnmManager.cpp,"Rebuilds transient draw layers 0 through 18 while updating the primary manager list, removing marked or completed VMs, and counting every visited VM.",authored,"Reviewed physical extent 0x00448860-0x004488F4 = 149 bytes; 0x004488F5 begins padding. Callback 0x004485D0 transfers its ECX argument to the target-private EAX receiver. Canonical linked-image replay covers all 149 PDB-owned bytes and both RemoveVm plus ExecuteScript link fields exactly."
0x00448900,123,0x0044897A,FUN_00448900,AnmRenderManagerView::UpdateSecondaryVms,AnmManager,exact,100.00,internal EAX AnmRenderManagerView* / RET,int (),false,src/AnmManager.cpp,"Resets the processed-VM count and rebuilds reserved draw layer 19 while updating and pruning the secondary manager list.",authored,"Reviewed physical extent 0x00448900-0x0044897A = 123 bytes; 0x0044897B begins padding. Callback 0x004485E0 transfers its ECX argument to the target-private EAX receiver. Canonical linked-image replay covers all 123 PDB-owned bytes and both RemoveVm plus ExecuteScript link fields exactly."
0x00448980,67,0x004489C2,FUN_00448980,AnmRenderManagerView::DrawLayer,AnmManager,exact,100.00,internal EDI AnmRenderManagerView* + EAX layer / RET,int (int),false,src/AnmManager.cpp,"Walks one transient draw layer, skipping removal-marked VMs and invoking each surviving VM's draw callback before the common Draw dispatcher.",authored,"Reviewed physical extent 0x00448980-0x004489C2 = 67 bytes; 0x004489C3 begins padding. Nineteen target callbacks plus two external callers supply the private EDI manager and EAX layer inputs. Canonical linked-image replay covers the complete PDB contribution and Draw REL32 field exactly."
0x004489D0,118,0x00448A45,FUN_004489d0,AnmRenderManagerView::AddVmVariant0,AnmManager,exact,100.00,internal EAX return storage + EBX VM + EDX manager / RET,AnmVmIdView (AnmVmView *),false,src/AnmManager.cpp,Appends a VM to the primary manager list and assigns the next nonzero VM id.,authored,"Reviewed physical extent 0x004489D0-0x00448A45 = 118 bytes; 0x00448A46 begins CC padding. Node owner/links, primary head/tail offsets, nonzero id rollover and VM id write are direct target observations."
0x00448A50,112,0x00448ABF,FUN_00448a50,AnmRenderManagerView::AddVmVariant2,AnmManager,unclassified,0.00,internal EAX return storage + EBX VM + EDX manager / RET,AnmVmIdView (AnmVmView *),false,src/AnmManager.cpp,Prepends a VM to the primary manager list and assigns the next nonzero VM id.,authored,"Reviewed physical extent 0x00448A50-0x00448ABF = 112 bytes; the following body begins at 0x00448AC0. Node owner/links, primary head/tail offsets and id assignment are direct target observations."
0x00448AC0,118,0x00448B35,FUN_00448ac0,AnmRenderManagerView::AddVmVariant1,AnmManager,exact,100.00,internal EAX return storage + EBX VM + EDX manager / RET,AnmVmIdView (AnmVmView *),false,src/AnmManager.cpp,Appends a VM to the secondary manager list and assigns the next nonzero VM id.,authored,Reviewed physical extent 0x00448AC0-0x00448B35 = 118 bytes; 0x00448B36 begins CC padding. It is the secondary-list counterpart of 0x004489D0 and is called by the opcode-91 creator.
0x00448B40,112,0x00448BAF,FUN_00448b40,AnmRenderManagerView::AddVmVariant3,AnmManager,unclassified,0.00,internal EAX return storage + EBX VM + EDX manager / RET,AnmVmIdView (AnmVmView *),false,src/AnmManager.cpp,Prepends a VM to the secondary manager list and assigns the next nonzero VM id.,authored,Reviewed physical extent 0x00448B40-0x00448BAF = 112 bytes; the removal body begins at 0x00448BB0. It is the secondary-list counterpart of 0x00448A50 and is called by the opcode-92 creator.
0x00448BB0,268,0x00448CBB,FUN_00448bb0,AnmRenderManagerView::RemoveVm,AnmManager,exact,100.00,internal EDI manager + ESI AnmVmView* / RET,int (AnmVmView *),false,src/AnmManager.cpp,"Unlinks a VM from its manager-order and parent/child nodes, then resets an inline-pool VM in place or deletes a heap fallback.",authored,"Reviewed physical extent 0x00448BB0-0x00448CBB = 268 bytes; 0x00448CBC begins padding. All six target calls preserve the private EDI/ESI inputs. Canonical linked-image replay covers all 268 PDB-owned bytes and the four free, Initialize and operator-delete link fields exactly."
0x00448D00,73,0x00448D48,FUN_00448d00,AnmLoadedView::CreateVmVariant0,AnmManager,unclassified,0.00,internal EDI return storage + 3 stack args / RET 0xC,"AnmVmIdView (int, unsigned int)",false,src/AnmManager.cpp,"Allocates and initializes a VM, assigns its render layer, and inserts it at the back of the primary manager list.",authored,"Reviewed physical extent 0x00448D00-0x00448D48 = 73 bytes; 0x00448D49 begins CC padding. ExecuteScript opcode 88 is a direct caller and supplies loaded ANM, script index, render layer, and hidden return storage. The allocation, initialization and primary-tail insertion callees are target-local."
0x00448D50,95,0x00448DAE,FUN_00448d50,AnmLoadedView::CreateVmAtScreenVariant0,AnmManager,unclassified,0.00,LTCG-private position/return registers + 3 stack args / RET 0xC,"AnmVmIdView (int, const AnmFloat3View *)",false,src/AnmManager.cpp,Allocates a screen-positioned VM and appends it to the primary manager list.,authored,"Reviewed physical extent 0x00448D50-0x00448DAE = 95 bytes; the following padding/body boundary is target-observed. Allocation, position stores, script initialization and list insertion calls are direct TH10 observations."
0x00448DB0,118,0x00448E25,FUN_00448db0,AnmLoadedView::CreateVmAtWorldVariant0,AnmManager,unclassified,0.00,LTCG-private position/return registers + 3 stack args / RET 0xC,"AnmVmIdView (int, const AnmFloat3View *)",false,src/AnmManager.cpp,"Allocates a world-positioned VM, converts it by the playfield origin, and appends it to the primary manager list.",authored,"Reviewed physical extent 0x00448DB0-0x00448E25 = 118 bytes; the following padding/body boundary is target-observed. Allocation, position stores, script initialization and list insertion calls are direct TH10 observations."
0x00448E30,73,0x00448E78,FUN_00448e30,AnmLoadedView::CreateVmVariant2,AnmManager,unclassified,0.00,internal EDI return storage + 3 stack args / RET 0xC,"AnmVmIdView (int, unsigned int)",false,src/AnmManager.cpp,"Allocates and initializes a VM, assigns its render layer, and inserts it at the front of the primary manager list.",authored,Reviewed physical extent 0x00448E30-0x00448E78 = 73 bytes; 0x00448E79 begins CC padding. ExecuteScript opcode 90 directly supplies the three source arguments plus hidden return storage. The final callee is the target-proved primary-head insertion primitive.
0x00448E80,95,0x00448EDE,FUN_00448e80,AnmLoadedView::CreateVmAtScreenVariant2,AnmManager,unclassified,0.00,LTCG-private position/return registers + 3 stack args / RET 0xC,"AnmVmIdView (int, const AnmFloat3View *)",false,src/AnmManager.cpp,Allocates a screen-positioned VM and prepends it to the primary manager list.,authored,"Reviewed physical extent 0x00448E80-0x00448EDE = 95 bytes; the following padding/body boundary is target-observed. Allocation, position stores, script initialization and list insertion calls are direct TH10 observations."
0x00448EE0,118,0x00448F55,FUN_00448ee0,AnmLoadedView::CreateVmAtWorldVariant2,AnmManager,unclassified,0.00,LTCG-private position/return registers + 3 stack args / RET 0xC,"AnmVmIdView (int, const AnmFloat3View *)",false,src/AnmManager.cpp,"Allocates a world-positioned VM, converts it by the playfield origin, and prepends it to the primary manager list.",authored,"Reviewed physical extent 0x00448EE0-0x00448F55 = 118 bytes; the following padding/body boundary is target-observed. Allocation, position stores, script initialization and list insertion calls are direct TH10 observations."
0x00448F60,73,0x00448FA8,FUN_00448f60,AnmLoadedView::CreateVmVariant1,AnmManager,unclassified,0.00,internal EDI return storage + 3 stack args / RET 0xC,"AnmVmIdView (int, unsigned int)",false,src/AnmManager.cpp,"Allocates and initializes a VM, assigns its render layer, and inserts it at the back of the secondary manager list.",authored,Reviewed physical extent 0x00448F60-0x00448FA8 = 73 bytes; 0x00448FA9 begins CC padding. ExecuteScript opcode 91 directly supplies the three source arguments plus hidden return storage. The final callee is the target-proved secondary-tail insertion primitive.
0x00448FB0,95,0x0044900E,FUN_00448fb0,AnmLoadedView::CreateVmAtScreenVariant1,AnmManager,unclassified,0.00,LTCG-private position/return registers + 3 stack args / RET 0xC,"AnmVmIdView (int, const AnmFloat3View *)",false,src/AnmManager.cpp,Allocates a screen-positioned VM and appends it to the secondary manager list.,authored,"Reviewed physical extent 0x00448FB0-0x0044900E = 95 bytes; the following padding/body boundary is target-observed. Allocation, position stores, script initialization and list insertion calls are direct TH10 observations."
0x00449010,118,0x00449085,FUN_00449010,AnmLoadedView::CreateVmAtWorldVariant1,AnmManager,unclassified,0.00,LTCG-private position/return registers + 3 stack args / RET 0xC,"AnmVmIdView (int, const AnmFloat3View *)",false,src/AnmManager.cpp,"Allocates a world-positioned VM, converts it by the playfield origin, and appends it to the secondary manager list.",authored,"Reviewed physical extent 0x00449010-0x00449085 = 118 bytes; the following padding/body boundary is target-observed. Allocation, position stores, script initialization and list insertion calls are direct TH10 observations."
0x00449090,73,0x004490D8,FUN_00449090,AnmLoadedView::CreateVmVariant3,AnmManager,unclassified,0.00,internal EDI return storage + 3 stack args / RET 0xC,"AnmVmIdView (int, unsigned int)",false,src/AnmManager.cpp,"Allocates and initializes a VM, assigns its render layer, and inserts it at the front of the secondary manager list.",authored,Reviewed physical extent 0x00449090-0x004490D8 = 73 bytes; 0x004490D9 begins CC padding. ExecuteScript opcode 92 directly supplies the three source arguments plus hidden return storage. The final callee is the target-proved secondary-head insertion primitive.
0x004490E0,95,0x0044913E,FUN_004490e0,AnmLoadedView::CreateVmAtScreenVariant3,AnmManager,unclassified,0.00,LTCG-private position/return registers + 3 stack args / RET 0xC,"AnmVmIdView (int, const AnmFloat3View *)",false,src/AnmManager.cpp,Allocates a screen-positioned VM and prepends it to the secondary manager list.,authored,"Reviewed physical extent 0x004490E0-0x0044913E = 95 bytes; the following padding/body boundary is target-observed. Allocation, position stores, script initialization and list insertion calls are direct TH10 observations."
0x00449140,118,0x004491B5,FUN_00449140,AnmLoadedView::CreateVmAtWorldVariant3,AnmManager,unclassified,0.00,LTCG-private position/return registers + 3 stack args / RET 0xC,"AnmVmIdView (int, const AnmFloat3View *)",false,src/AnmManager.cpp,"Allocates a world-positioned VM, converts it by the playfield origin, and prepends it to the secondary manager list.",authored,"Reviewed physical extent 0x00449140-0x004491B5 = 118 bytes; the following padding/body boundary is target-observed. Allocation, position stores, script initialization and list insertion calls are direct TH10 observations."
0x004491C0,73,0x00449208,FUN_004491c0,AnmRenderManagerView::FindVm,AnmManager,unclassified,0.00,internal EDX manager + stack id / RET 4,AnmVmView *(int),false,src/AnmManager.cpp,Finds a nonzero VM id by walking the primary list and then the secondary list.,authored,"Reviewed physical extent 0x004491C0-0x00449208 = 73 bytes; 0x00449209 begins CC padding. Both list heads, node owner/next fields and VM id offset are direct target observations; AnmVmIdView::GetVm is a direct caller."
0x00449210,54,0x00449245,FUN_00449210,AnmRenderManagerView::SetVmPendingInterrupt,AnmManager,unclassified,0.00,internal EDX manager + ESI interrupt + stack id / RET 4,"void (int, short)",false,src/AnmManager.cpp,Sets a VM pending interrupt and propagates it through a root VM child chain.,authored,"Reviewed physical extent 0x00449210-0x00449245 = 54 bytes. FindVm, manager-list traversal, VM field accesses and child-chain propagation are direct TH10 observations."
0x00449250,76,0x0044929B,FUN_00449250,AnmRenderManagerView::SetVmPendingInterruptAndExecute,AnmManager,unclassified,0.00,internal EDX manager + EDI interrupt + stack id / RET 4,"void (int, short)",false,src/AnmManager.cpp,Sets and immediately executes an interrupt across a root VM child chain.,authored,"Reviewed physical extent 0x00449250-0x0044929B = 76 bytes. FindVm, manager-list traversal, VM field accesses and child-chain propagation are direct TH10 observations."
0x004492A0,66,0x004492E1,FUN_004492a0,AnmRenderManagerView::MarkVmForDeletion,AnmManager,exact,100.00,internal EDX manager + stack id / RET 4,void (int),false,src/AnmManager.cpp,Marks a VM and its root child chain for deferred deletion.,authored,"Reviewed physical extent 0x004492A0-0x004492E1 = 66 bytes. FindVm, manager-list traversal, VM field accesses and child-chain propagation are direct TH10 observations. Canonical normal-COFF replay covers all 66 bytes and the sole FindVm REL32 relocation exactly."
0x004492F0,90,0x00449349,FUN_004492f0,AnmRenderManagerView::SetVmPosition,AnmManager,unclassified,0.00,internal EDX manager + ESI position + stack id / RET 4,"void (int, const AnmFloat3View *)",false,src/AnmManager.cpp,Copies a screen-space position to a VM and its root child chain.,authored,"Reviewed physical extent 0x004492F0-0x00449349 = 90 bytes. FindVm, manager-list traversal, VM field accesses and child-chain propagation are direct TH10 observations."
0x00449350,111,0x004493BE,FUN_00449350,AnmRenderManagerView::SetVmWorldPosition,AnmManager,unclassified,0.00,internal EDX manager + ESI position + stack id / RET 4,"void (int, const AnmFloat3View *)",false,src/AnmManager.cpp,Applies the playfield origin to a world position and propagates it through a VM tree.,authored,"Reviewed physical extent 0x00449350-0x004493BE = 111 bytes. FindVm, manager-list traversal, VM field accesses and child-chain propagation are direct TH10 observations."
0x004493C0,27,0x004493DA,FUN_004493c0,AnmRenderManagerView::GetVmPosition,AnmManager,exact,100.00,internal EDX manager + stack id / RET 4,AnmFloat3View *(int),false,src/AnmManager.cpp,Returns the position-offset field of a live VM id.,authored,"Reviewed physical extent 0x004493C0-0x004493DA = 27 bytes. Writing the null result as an explicit branch makes pinned VC7.1 SP1 normal COFF reproduce the complete target body; canonical unit anm-manager-get-vm-position cold-replays 27/27 bytes and its sole FindVm REL32 relocation zero-difference twice."
0x004493E0,92,0x0044943B,FUN_004493e0,AnmRenderManagerView::MarkLoadedVmsForDeletion,AnmManager,unclassified,0.00,internal EAX manager + EDX loaded ANM / RET,void (AnmLoadedView *),false,src/AnmManager.cpp,Marks every VM owned by one loaded ANM resource across both manager lists.,authored,"Reviewed physical extent 0x004493E0-0x0044943B = 92 bytes. FindVm, manager-list traversal, VM field accesses and child-chain propagation are direct TH10 observations."
0x00449450,21,0x00449464,FUN_00449450,AnmVmIdView::GetVm,AnmManager,unclassified,0.00,internal ESI AnmVmIdView* / RET,AnmVmView *(),false,src/AnmManager.cpp,Resolves the stored VM id through both manager lists and clears the id when it is stale.,authored,"Reviewed physical extent 0x00449450-0x00449464 = 21 bytes; 0x00449465 begins CC padding. ExecuteScript calls it immediately after all four child creators. The global manager pointer, id load, lookup call, null test and stale-id clear are direct TH10 observations."
0x00449470,65,0x004494B0,FUN_00449470,,,unclassified,0.00,,,false,,Ghidra 12.1.3 auto-analysis candidate; boundary unreviewed,authored,Complete target decode; directly calls reviewed authored 0x004491C0 and references shared game global 0x00491C10 (target-authored-neighbor-and-global-2026-09-17). Subsystem and source unit remain unknown.
0x00449590,67,0x004495D2,FUN_00449590,,,unclassified,0.00,,,false,,Ghidra 12.1.3 auto-analysis candidate; boundary unreviewed,authored,Complete target decode; directly calls reviewed authored 0x004491C0 and references shared game global 0x00491C10 (target-authored-neighbor-and-global-2026-09-17). Subsystem and source unit remain unknown.
0x004495E0,67,0x00449622,FUN_004495e0,,,unclassified,0.00,,,false,,Ghidra 12.1.3 auto-analysis candidate; boundary unreviewed,authored,Complete target decode; directly calls reviewed authored 0x004491C0 and references shared game global 0x00491C10 (target-authored-neighbor-and-global-2026-09-17). Subsystem and source unit remain unknown.
0x00449630,21,0x00449644,FUN_00449630,,,unclassified,0.00,,,false,,Ghidra 12.1.3 auto-analysis candidate; boundary unreviewed,authored,Complete target decode; directly is called by reviewed authored 0x0040E770. IDA behavior review shows game resource handle release (target-ida-reviewed-game-component-2026-09-17). Original source unit and exact codegen remain unknown.
0x00449670,36,0x00449693,FUN_00449670,,,unclassified,0.00,,,false,,Ghidra 12.1.3 auto-analysis candidate; boundary unreviewed,authored,Complete target decode; directly calls reviewed authored 0x0043E5A0 and references shared game global 0x00491C10 (target-authored-neighbor-and-global-2026-09-17). Subsystem and source unit remain unknown.
0x004496A0,34,0x004496C1,FUN_004496a0,,,unclassified,0.00,,,false,,Ghidra 12.1.3 auto-analysis candidate; boundary unreviewed,authored,Complete target decode; directly calls reviewed authored 0x0043E5A0 and references shared game global 0x00491C10 (target-authored-neighbor-and-global-2026-09-17). Subsystem and source unit remain unknown.
0x004496D0,36,0x004496F3,FUN_004496d0,,,unclassified,0.00,,,false,,Ghidra 12.1.3 auto-analysis candidate; boundary unreviewed,authored,Complete target decode; directly calls reviewed authored 0x0043E8B0 and references shared game global 0x00491C10 (target-authored-neighbor-and-global-2026-09-17). Subsystem and source unit remain unknown.
0x004497D0,70,0x00449815,FUN_004497d0,,,unclassified,0.00,,,false,,Ghidra 12.1.3 auto-analysis candidate; boundary unreviewed,authored,Complete target decode; directly calls reviewed authored 0x004491C0 and references shared game global 0x00491C10 (target-authored-neighbor-and-global-2026-09-17). Subsystem and source unit remain unknown.
0x00449870,217,0x00449948,FUN_00449870,AnmLoadedView::InitializeVm,AnmManager,unclassified,0.00,ECX AnmLoadedView* + 2 stack args / RET 8,"void (AnmVmView *, int)",false,src/AnmManager.cpp,"Initializes the three spawn position vectors, allocation flag, script index and glyph dimensions before starting the loaded script.",authored,"Reviewed physical extent 0x00449870-0x00449948 = 217 bytes; 0x00449949 begins CC padding. Twelve creator frontends call this body. Target stores close the VM offsets and the final call consumes loaded ANM, VM and script index."
0x00449950,161,0x004499F0,FUN_00449950,AnmRenderManagerView::AllocateVm,AnmManager,unclassified,0.00,internal ESI manager / RET,AnmVmView *(),false,src/AnmManager.cpp,Allocates a VM from the 4096-slot inline pool with heap fallback when two consecutive slots are occupied.,authored,"Reviewed physical extent 0x00449950-0x004499F0 = 161 bytes; 0x004499F1 begins CC padding. Target arithmetic proves 0x3AC-byte slots, 4096 occupancy bytes, index wrap at 0x1000, and constructor/reset calls on the heap fallback."
0x00449A90,12,0x00449A9B,FUN_00449a90,,,unclassified,0.00,,,false,,Ghidra 12.1.3 auto-analysis candidate; boundary unreviewed,,"origin indeterminate: zeroes two object fields; IDA shows C++ object initialization or teardown; source-authored body versus compiler-generated lifecycle contribution remains unresolved (target-ida-origin-indeterminate-2026-09-18; reviewed target 0x00449A90, 12 bytes)."
0x00449AA0,59,0x00449ADA,FUN_00449aa0,,,unclassified,0.00,,,false,,Ghidra 12.1.3 auto-analysis candidate; boundary unreviewed,authored,Complete target decode; directly is called by reviewed authored 0x00438AD0. IDA behavior review shows game scheduler node reset (target-ida-reviewed-game-component-2026-09-17). Original source unit and exact codegen remain unknown.
0x00449AE0,131,0x00449B62,FUN_00449ae0,,,unclassified,0.00,,,false,,Ghidra 12.1.3 auto-analysis candidate; boundary unreviewed,authored,Complete target decode; is directly called by reviewed authored 0x00401110 and references shared game global 0x00492274 (target-authored-neighbor-and-global-2026-09-17). Subsystem and source unit remain unknown.
0x00449B70,131,0x00449BF2,FUN_00449b70,,,unclassified,0.00,,,false,,Ghidra 12.1.3 auto-analysis candidate; boundary unreviewed,authored,Complete target decode; is directly called by reviewed authored 0x00401110 and references shared game global 0x00492274 (target-authored-neighbor-and-global-2026-09-17). Subsystem and source unit remain unknown.
0x00449C00,273,0x00449D10,FUN_00449c00,,,unclassified,0.00,,,false,,Ghidra 12.1.3 auto-analysis candidate; boundary unreviewed,authored,Complete target decode; is directly called by reviewed authored 0x00439390 and references shared game global 0x00492274 (target-authored-neighbor-and-global-2026-09-17). Subsystem and source unit remain unknown.
0x00449D40,241,0x00449E30,FUN_00449d40,,,unclassified,0.00,,,false,,Ghidra 12.1.3 auto-analysis candidate; boundary unreviewed,authored,Complete target decode; is directly called by reviewed authored 0x00439390 and references shared game global 0x00492274 (target-authored-neighbor-and-global-2026-09-17). Subsystem and source unit remain unknown.
0x00449E50,82,0x00449EA1,FUN_00449e50,,,unclassified,0.00,,,false,,Ghidra 12.1.3 auto-analysis candidate; boundary unreviewed,authored,Complete target decode; directly is called by reviewed authored 0x00438880. IDA behavior review shows game scheduler node cleanup (target-ida-reviewed-game-component-2026-09-17). Original source unit and exact codegen remain unknown.
0x00449ED0,74,0x00449F19,FUN_00449ed0,,,unclassified,0.00,,,false,,Ghidra 12.1.3 auto-analysis candidate; boundary unreviewed,authored,Complete target decode; directly is called by reviewed authored 0x00402230. IDA behavior review shows game scheduler node allocation (target-ida-reviewed-game-component-2026-09-17). Original source unit and exact codegen remain unknown.
0x00449F60,114,0x00449FD1,FUN_00449f60,,,unclassified,0.00,,,false,,Ghidra 12.1.3 auto-analysis candidate; boundary unreviewed,authored,Complete target decode; directly is called by reviewed authored 0x00401260. IDA behavior review shows game scheduler node removal (target-ida-reviewed-game-component-2026-09-17). Original source unit and exact codegen remain unknown.
0x0044A000,43,0x0044A02A,FUN_0044a000,,,unclassified,0.00,,,false,,Ghidra 12.1.3 auto-analysis candidate; boundary unreviewed,authored,Complete target decode; directly is called by reviewed authored 0x0043C970. IDA behavior review shows game sprite task node insertion (target-ida-reviewed-game-component-2026-09-17). Original source unit and exact codegen remain unknown.
0x0044A030,43,0x0044A05A,FUN_0044a030,,,unclassified,0.00,,,false,,Ghidra 12.1.3 auto-analysis candidate; boundary unreviewed,authored,Complete target decode; directly is called by reviewed authored 0x0043C970. IDA behavior review shows game sprite task node insertion (target-ida-reviewed-game-component-2026-09-17). Original source unit and exact codegen remain unknown.
0x0044A0C0,105,0x0044A128,FUN_0044a0c0,,,unclassified,0.00,,,false,,Ghidra 12.1.3 auto-analysis candidate; boundary unreviewed,authored,"Complete target decode; is called by reviewed authored 0x00438AD0 and references target .data address 0x00474F70, used by at least two earlier reviewed authored bodies and no excluded body (target-authored-data-and-edge-2026-09-17). Subsystem and source unit remain unknown."
0x0044A190,833,0x0044A4D0,FUN_0044a190,,,unclassified,0.00,,,false,,Ghidra 12.1.3 auto-analysis candidate; boundary unreviewed,authored,Complete target decode; directly is called by reviewed authored 0x0044A5F0. IDA behavior review shows game joystick state and button mapping (target-ida-reviewed-game-component-2026-09-17). Original source unit and exact codegen remain unknown.
0x0044A4E0,264,0x0044A5E7,FUN_0044a4e0,,,unclassified,0.00,,,false,,Ghidra 12.1.3 auto-analysis candidate; boundary unreviewed,authored,Complete target decode; is directly called by reviewed authored 0x0042F540. IDA behavior review shows game controller state through DirectInput (target-ida-reviewed-game-behavior-2026-09-17). Original owner and source unit remain unknown.
0x0044A5F0,850,0x0044A941,FUN_0044a5f0,,,unclassified,0.00,,,false,,Ghidra 12.1.3 auto-analysis candidate; boundary unreviewed,authored,Complete target decode; is directly called by reviewed authored 0x0041FF80. IDA behavior review shows keyboard state and game input transition update (target-ida-reviewed-game-behavior-2026-09-17). Original owner and source unit remain unknown.
0x0044B010,103,0x0044B076,FUN_0044b010,,,unclassified,0.00,,,false,,Ghidra 12.1.3 auto-analysis candidate; boundary unreviewed,authored,Complete target decode; directly is called by reviewed authored 0x00430FF0. IDA behavior review shows game keyboard state acquisition (target-ida-reviewed-game-component-2026-09-17). Original source unit and exact codegen remain unknown.
0x0044B080,75,0x0044B0CA,FUN_0044b080,,,unclassified,0.00,,,false,,Ghidra 12.1.3 auto-analysis candidate; boundary unreviewed,authored,Complete target decode; directly is called by reviewed authored 0x00438AD0. IDA behavior review shows game keyboard state reset (target-ida-reviewed-game-component-2026-09-17). Original source unit and exact codegen remain unknown.
0x0044B0D0,323,0x0044B212,FUN_0044b0d0,FileSystem::Decrypt,,unclassified,0.00,internal AL xor seed + 5 stack args / RET 20,,false,src/FileSystem.cpp,"All six target calls load the initial XOR seed into AL and push data/size/xor-increment/chunk-size/max-bytes; target copies a bounded prefix, writes each chunk back in reverse odd/even byte order while evolving the XOR key, frees scratch, and returns the original buffer",authored,"Reviewed authored in-place transform. FileSystem::Decrypt is adjacent-supported naming after TH10 caller/algorithm recovery. Fixed normal COFF is also 323 bytes but mismatches 13/315 comparable bytes; /GL compiles, and the target private AL input prevents any standalone-COFF ownership claim."
0x0044B220,307,0x0044B352,FUN_0044b220,FileSystem::Encrypt,,unclassified,0.00,internal AL xor seed + 5 stack args / RET 20,,false,src/FileSystem.cpp,"All three target calls load the initial XOR seed into AL and push data/size/xor-increment/chunk-size/max-bytes; target copies a bounded prefix, reads each scratch chunk in reverse odd/even byte order while writing sequential output and evolving the XOR key, frees scratch, and returns the original buffer",authored,"Reviewed physical extent 0x0044B220-0x0044B352 ends at RET 20; 0x0044B353-0x0044B35F is CC padding before 0x0044B360. Two target callers contain three call sites: replay save applies profiles (0x3D,0x7A,0x80) then (0xAA,0xE1,0x400), and score save applies (0xAC,0x35,0x10), with maxBytes equal to size in all observed calls. Maintained FileSystem::Encrypt is adjacent-supported naming after TH10 behavior recovery, not an original-symbol/TU claim. Fixed normal COFF is also 307 owned bytes but mismatches 3/299 comparable bytes; /GL compiles. Physical normal/LTCG owner, production profile, and exactness remain unknown."
0x0044B360,360,0x0044B4C7,FUN_0044b360,FileSystem::OpenFile,,unclassified,0.00,internal EAX path + 2 stack args / RET 8,,false,,"Reviewed target extent uses live-in EAX as path plus stack size_out/mode, holds the file-system critical section, loads from the archive table when mode is zero, and otherwise uses CreateFileA/GetFileSize/ReadFile",authored,"Reviewed extent 0x0044B360-0x0044B4C7 ends at RET 8; 0x0044B4C8-0x0044B4CF is CC padding before 0x0044B4D0. Archive mode strips path separators, searches 0x10-byte records rooted at 0x00497990, uses record +0x8 as decompressed size, allocates a buffer, and calls 0x00434DD0. External mode opens the path with GENERIC_READ/FILE_SHARE_READ/OPEN_EXISTING and sequential-normal flags, reads the file, and closes it. A fixed natural VC7.1 normal-COFF probe uses three stack arguments; the same probe under /GL+/LTCG promotes all three surviving arguments to registers and does not reproduce this target EAX+two-stack/RET8 shape. This negative diagnostic does not exclude a different LTCG context and gives no exactness credit. FileSystem::OpenFile is an adjacent-supported proposed name only; source-level convention, TU/profile, source mapping, and exactness remain unknown."
0x0044B4D0,111,0x0044B53E,FUN_0044b4d0,FileSystem::CheckIfFileAlreadyExists,,unclassified,0.00,1 stack arg / RET 4,,false,,"Reviewed target extent holds the same file-system critical section/count as 0x0044B360, opens the supplied path read-only with CreateFileA, closes a valid handle, and returns 1/0",authored,Reviewed extent 0x0044B4D0-0x0044B53E ends at RET 4; 0x0044B53F is CC padding before 0x0044B540. Direct callers include reviewed GameWindow::Present and GameWindow::CheckForRunningGameInstance plus file/sound startup code. The machine callee pops its one stack argument; this is not promoted to a source-level __stdcall claim because physical compiler/LTCG ownership remains unresolved. FileSystem::CheckIfFileAlreadyExists is an adjacent-supported proposed name only; source mapping and exactness remain unknown.
0x0044B540,218,0x0044B619,FUN_0044b540,,,unclassified,0.00,,,false,,Ghidra 12.1.3 auto-analysis candidate; boundary unreviewed,authored,Complete target decode; is directly called by reviewed authored 0x00438AD0 and references shared game global 0x004922A4 (target-authored-neighbor-and-global-2026-09-17). Subsystem and source unit remain unknown.
0x0044B620,137,0x0044B6A8,FUN_0044b620,,,unclassified,0.00,,,false,,Ghidra 12.1.3 auto-analysis candidate; boundary unreviewed,authored,Complete target decode; is directly called by reviewed authored 0x00429B60 and references shared game global 0x004922A4 (target-authored-neighbor-and-global-2026-09-17). Subsystem and source unit remain unknown.
0x0044B6B0,137,0x0044B738,FUN_0044b6b0,ReplayFile::Open,FileSystem,unclassified,0.00,1 stack path / RET 4,,false,,"Reviewed TH10 stateful replay read-open seam. The body enters the shared file critical section, increments the shared active-file count, opens the supplied path GENERIC_READ/FILE_SHARE_READ/OPEN_EXISTING with sequential-scan attributes, stores the handle at 0x00474C38, and unwinds the critical state only on failure.",authored,"Physical extent 0x0044B6B0-0x0044B738 ends in RET 4 and is followed by CC padding through 0x0044B73F. Replay loader is the sole modeled caller. Committed TH095 ReplayFile::Open source is used only for naming/source-shape corroboration after TH10 behavior recovery; original TH10 identifier/TU, source mapping, compiler profile, and exactness remain unknown."
0x0044B740,76,0x0044B78B,FUN_0044b740,,,unclassified,0.00,,,false,,Ghidra 12.1.3 auto-analysis candidate; boundary unreviewed,authored,Complete target decode; directly is called by reviewed authored 0x0041A200. IDA behavior review shows game hint-file write and close (target-ida-reviewed-game-component-2026-09-17). Original source unit and exact codegen remain unknown.
0x0044B790,74,0x0044B7D9,FUN_0044b790,ReplayFile::Read,FileSystem,unclassified,0.00,internal EDI byte count / RET,,false,,"Reviewed TH10 replay read helper. With the shared read handle valid it allocates the live-in EDI byte count, reads that many bytes from the handle into the allocation, and returns the heap buffer; invalid-handle and allocation-failure paths return NULL, with allocation failure also closing the handle.",authored,"Physical extent 0x0044B790-0x0044B7D9 ends in RET and is followed by CC padding through 0x0044B7DF. Replay loader is the sole modeled caller. Committed TH095 ReplayFile::Read corroborates the descriptive name only; the EDI machine input is not promoted to a source calling convention, and original TH10 TU/source owner/exactness remain unknown."
0x0044B7E0,37,0x0044B804,FUN_0044b7e0,FileSystem::CloseWriteFile,FileSystem,exact,100.00,no args / RET,,false,src/FileSystem.cpp,"Reviewed TH10 shared open-file close body. If the global handle at 0x00474C38 is valid it closes the handle, leaves the shared file critical section, decrements the shared active-file count, then returns zero; the replay loader calls it after disk replay reads and on invalid replay headers.",authored,"Physical extent 0x0044B7E0-0x0044B804 ends in RET and is followed by CC padding from 0x0044B805. The replay writer contains equivalent close behavior inline, while committed TH095 source corroborates the retained FileSystem::CloseWriteFile name. Original TH10 identifier/TU and production compiler ownership remain unknown; the maintained normal-COFF unit is exact under its declared profile."
0x0044B810,201,0x0044B8D8,FUN_0044b810,,,unclassified,0.00,,,false,,Ghidra 12.1.3 auto-analysis candidate; boundary unreviewed,authored,Complete target decode; directly is called by reviewed authored 0x00401110. IDA behavior review shows game shared log formatting (target-ida-reviewed-game-component-2026-09-17). Original source unit and exact codegen remain unknown.
0x0044B8E0,201,0x0044B9A8,FUN_0044b8e0,,,unclassified,0.00,,,false,,Ghidra 12.1.3 auto-analysis candidate; boundary unreviewed,authored,Complete target decode; directly is called by reviewed authored 0x00438AD0. IDA behavior review shows game shared log formatting with state flag (target-ida-reviewed-game-component-2026-09-17). Original source unit and exact codegen remain unknown.
0x0044B9B0,39,0x0044B9D6,raw_0044B9B0,RngView::GetRandomU16,RandomMath,matching,100.00,__thiscall ECX RngView* / RET,unsigned short (),false,src/RandomMath.cpp,"Advances the 16-bit RNG seed by the target recurrence, increments the generation counter, and returns the new seed.",authored,New CC-delimited target function missed by the initial Ghidra inventory. Reviewed physical extent 0x0044B9B0-0x0044B9D6 = 39 bytes; 0x0044B9D7 begins padding. Canonical normal-COFF replay reproduces all 39 relocation-free bytes.
0x0044B9E0,78,0x0044BA2D,FUN_0044b9e0,RngView::GetRandomU32,RandomMath,matching,100.00,__thiscall ECX RngView* / RET,unsigned int (),false,src/RandomMath.cpp,Concatenates two successive 16-bit RNG results into one 32-bit result.,authored,Reviewed physical extent 0x0044B9E0-0x0044BA2D = 78 bytes; 0x0044BA2E begins padding. Canonical normal-COFF replay reproduces all 78 relocation-free bytes.
0x0044BA30,78,0x0044BA7D,raw_0044BA30,,RandomMath,unclassified,0.00,,,false,,Implements the same two-step 32-bit RNG recurrence as 0x0044B9E0.,,"Reviewed CC-delimited extent 0x0044BA30-0x0044BA7D; no direct-call or absolute-pointer target reference. Instruction identity with an authored RNG method is insufficient to establish the retained duplicate's physical source origin. origin indeterminate: CC-delimited entry absent from IDA function inventory; the physical target extent is reviewed, but IDA lacks an independent entry anchor or usable function body for source attribution (target-ida-origin-indeterminate-2026-09-18; reviewed target 0x0044BA30, 78 bytes)."
0x0044BA80,155,0x0044BB1A,FUN_0044ba80,,,unclassified,0.00,,,false,,Ghidra 12.1.3 auto-analysis candidate; boundary unreviewed,,"origin indeterminate: state helper with no IDA entry xref; IDA shows executable behavior, but target references do not establish whether this extent came from game source, a linked helper, or optimizer outlining (target-ida-origin-indeterminate-2026-09-18; reviewed target 0x0044BA80, 155 bytes)."
0x0044BB20,109,0x0044BB8C,FUN_0044bb20,RngView::GetRandomF32,RandomMath,matching,100.00,__thiscall ECX RngView* / RET,float (),false,src/RandomMath.cpp,Generates a 32-bit RNG value and scales it to the inclusive unsigned unit interval.,authored,Reviewed physical extent 0x0044BB20-0x0044BB8C = 109 bytes; 0x0044BB8D begins padding. Canonical normal-COFF replay reproduces the complete body and both constant relocations.
0x0044BB90,115,0x0044BC02,FUN_0044bb90,RngView::GetRandomF32Signed,RandomMath,matching,100.00,__thiscall ECX RngView* / RET,float (),false,src/RandomMath.cpp,Generates a 32-bit RNG value and scales it to the signed interval from minus one to one.,authored,Reviewed physical extent 0x0044BB90-0x0044BC02 = 115 bytes; 0x0044BC03 begins padding. Canonical normal-COFF replay reproduces the complete body and all three constant relocations.
0x0044BC10,94,0x0044BC6D,FUN_0044bc10,AddNormalizeAngle,AnmManager,matching,100.00,internal stack angle/delta / RET 8,"float __stdcall (float, float)",false,src/AnmManager.cpp,Adds an angular delta and repeatedly wraps the result into the signed-pi interval with the target loop cap.,authored,"Reviewed physical extent 0x0044BC10-0x0044BC6D = 94 bytes. Constants, comparisons, subtraction/addition order and loop cap are direct TH10 observations; adjacent source was consulted only after recovery. Canonical full-extent linked unit cold-built twice with pinned VC7.1 SP1 build6030; the replay is zero-difference in the target ExecuteScript context."
0x0044BC70,94,0x0044BCCD,FUN_0044bc70,EnemyWrapAngle,Enemy,exact,100.00,__stdcall stack float / RET 4,float (float),false,src/EnemyEclDispatcher.cpp,"Nineteen target callers use the body as an angle normalizer. Direct constants are -pi at 0x00470B10, 2*pi at 0x00470B14, and +pi at 0x00470B18; both wrap loops share the target 32-iteration guard.",authored,Reviewed 94-byte extent 0x0044BC70-0x0044BCCD. Maintained natural __stdcall source reproduces all ordinary bytes and six constant DIR32 fields in normal VC7.1 diagnostics; canonical normal-COFF replay passed twice with complete relocations.
0x0044BD10,260,0x0044BE13,FUN_0044bd10,,,unclassified,0.00,,,false,,Ghidra 12.1.3 auto-analysis candidate; boundary unreviewed,,"origin indeterminate: CC-delimited entry absent from IDA function inventory; the physical target extent is reviewed, but IDA lacks an independent entry anchor or usable function body for source attribution (target-ida-origin-indeterminate-2026-09-18; reviewed target 0x0044BD10, 260 bytes)."
0x0044BE20,66,0x0044BE61,FUN_0044be20,,,unclassified,0.00,,,false,,Ghidra 12.1.3 auto-analysis candidate; boundary unreviewed,authored,Complete target decode; directly is called by reviewed authored 0x00422C80. IDA behavior review shows game timer state push (target-ida-reviewed-game-component-2026-09-17). Original source unit and exact codegen remain unknown.
0x0044BE70,47,0x0044BE9E,FUN_0044be70,,,unclassified,0.00,,,false,,Ghidra 12.1.3 auto-analysis candidate; boundary unreviewed,authored,Complete target decode; directly is called by reviewed authored 0x00422C80. IDA behavior review shows game timer state pop (target-ida-reviewed-game-component-2026-09-17). Original source unit and exact codegen remain unknown.
0x0044BEA0,128,0x0044BF1F,FUN_0044bea0,,,unclassified,0.00,,,false,,Ghidra 12.1.3 auto-analysis candidate; boundary unreviewed,authored,Complete target decode; directly is called by reviewed authored 0x00422C80. IDA behavior review shows game timer advance and wrap (target-ida-reviewed-game-component-2026-09-17). Original source unit and exact codegen remain unknown.
0x0044BF40,88,0x0044BF97,FUN_0044bf40,AnmVmTimerView::Add,AnmManager,matching,100.00,internal ESI AnmVmTimerView* + stack float / RET 4,void (float),false,src/AnmManager.cpp,"Adds a signed delta to a timer, applying its speed pointer outside the near-unit-speed interval before converting the subframe value to an integer.",authored,"Reviewed physical extent 0x0044BF40-0x0044BF97 = 88 bytes. Timer offsets, near-one thresholds, signed update and float-to-int conversion are direct TH10 observations; the executor calls it directly and through the small integer-decrement wrapper. Canonical artifact_kind=linked-pe unit cold-built twice with pinned VC7.1 SP1 build6030 in the full ANM executor context; the complete 88-byte PDB extent and two constants plus two __ftol2 REL32 fields replay zero-difference."
0x0044C100,36,0x0044C123,FUN_0044c100,,,unclassified,0.00,,,false,,Ghidra 12.1.3 auto-analysis candidate; boundary unreviewed,compiler,"Complete VC7.1 scalar deleting-destructor wrapper for game worker object: calls 0x0044C150, checks the deletion flag and conditionally frees the object before RET 4 (target-vc71-scalar-deleting-destructor-2026-09-17). Underlying destructor origin is separate and remains unknown."
0x0044C130,16,0x0044C13F,FUN_0044c130,,,unclassified,0.00,,,false,,Ghidra 12.1.3 auto-analysis candidate; boundary unreviewed,,"origin indeterminate: IDA folds this address into unrelated 0x40BA90 decompilation; the physical target extent is reviewed, but IDA lacks an independent entry anchor or usable function body for source attribution (target-ida-origin-indeterminate-2026-09-18; reviewed target 0x0044C130, 16 bytes)."
0x0044C150,101,0x0044C1B4,FUN_0044c150,,,unclassified,0.00,,,false,,Ghidra 12.1.3 auto-analysis candidate; boundary unreviewed,authored,Complete target decode; directly is called by reviewed authored 0x0040B3A0. IDA behavior review shows game worker-thread cleanup (target-ida-reviewed-game-component-2026-09-17). Original source unit and exact codegen remain unknown.
0x0044C1C0,56,0x0044C1F7,FUN_0044c1c0,,,unclassified,0.00,,,false,,Ghidra 12.1.3 auto-analysis candidate; boundary unreviewed,authored,Complete target decode; directly is called by reviewed authored 0x0040BD80. IDA behavior review shows game worker-thread launch (target-ida-reviewed-game-component-2026-09-17). Original source unit and exact codegen remain unknown.
0x0044C2A0,171,0x0044C34A,FUN_0044c2a0,,,unclassified,0.00,,,false,,Ghidra 12.1.3 auto-analysis candidate; boundary unreviewed,authored,Complete target decode; directly is called by reviewed authored 0x0040DC80. IDA behavior review shows game moving-object position update (target-ida-reviewed-game-component-2026-09-17). Original source unit and exact codegen remain unknown.
0x0044C350,509,0x0044C54C,FUN_0044c350,CalculateAnmInterpolation,AnmManager,unclassified,0.00,internal EAX mode + stack current/duration / RET 8,"float (int, float, float)",false,src/AnmManager.cpp,"Calculates normalized linear, quadratic, cubic, quartic, symmetric, and constant interpolation progress for modes 1 through 16.",authored,Reviewed physical contribution 0x0044C350-0x0044C54C = 509 bytes: executable code ends at 0x0044C54C and the separately owned absolute jump table begins at 0x0044C550. Six target callers establish the mode/current/duration roles; every mode formula is a direct target observation.
0x0044C5D0,30,0x0044C5ED,FUN_0044c5d0,,,unclassified,0.00,,,false,,Ghidra 12.1.3 auto-analysis candidate; boundary unreviewed,authored,Complete target decode; directly is called by reviewed authored 0x0040DC80. IDA behavior review shows game polar-to-Cartesian vector update (target-ida-reviewed-game-component-2026-09-17). Original source unit and exact codegen remain unknown.
0x0044C7E0,260,0x0044C8E3,FUN_0044c7e0,,,unclassified,0.00,,,false,,Ghidra 12.1.3 auto-analysis candidate; boundary unreviewed,authored,Complete target decode; directly is called by reviewed authored 0x0043CD30. IDA behavior review shows game DirectSound buffer creation (target-ida-reviewed-game-component-2026-09-17). Original source unit and exact codegen remain unknown.
0x0044C8F0,702,0x0044CBAD,FUN_0044c8f0,,,unclassified,0.00,,,false,,Ghidra 12.1.3 auto-analysis candidate; boundary unreviewed,authored,Complete target decode; directly is called by reviewed authored 0x0043D690. IDA behavior review shows game sound stream object setup (target-ida-reviewed-game-component-2026-09-17). Original source unit and exact codegen remain unknown.
0x0044CBF0,651,0x0044CE7A,FUN_0044cbf0,,,unclassified,0.00,,,false,,Ghidra 12.1.3 auto-analysis candidate; boundary unreviewed,authored,Complete target decode; directly is called by reviewed authored 0x0043D950. IDA behavior review shows game sound stream object setup (target-ida-reviewed-game-component-2026-09-17). Original source unit and exact codegen remain unknown.
0x0044CE80,118,0x0044CEF5,FUN_0044ce80,,,unclassified,0.00,,,false,,Ghidra 12.1.3 auto-analysis candidate; boundary unreviewed,authored,Complete target decode; directly calls reviewed authored 0x0044D110. IDA behavior review shows game sound stream aggregate construction (target-ida-reviewed-game-component-2026-09-17). Original source unit and exact codegen remain unknown.
0x0044CF00,30,0x0044CF1D,FUN_0044cf00,,,unclassified,0.00,,,false,,Ghidra 12.1.3 auto-analysis candidate; boundary unreviewed,compiler,"Complete VC7.1 scalar deleting-destructor wrapper for sound stream aggregate: calls 0x0044D080, checks the deletion flag and conditionally frees the object before RET 4 (target-vc71-scalar-deleting-destructor-2026-09-17). Underlying destructor origin is separate and remains unknown."
0x0044CF20,338,0x0044D071,FUN_0044cf20,,,unclassified,0.00,,,false,,Ghidra 12.1.3 auto-analysis candidate; boundary unreviewed,authored,Complete target decode; directly is called by reviewed authored 0x0043DDF0. IDA behavior review shows game sound stream state cleanup (target-ida-reviewed-game-component-2026-09-17). Original source unit and exact codegen remain unknown.
0x0044D080,136,0x0044D107,FUN_0044d080,,,unclassified,0.00,,,false,,Ghidra 12.1.3 auto-analysis candidate; boundary unreviewed,,"origin indeterminate: object destruction body called by deleting destructor; IDA shows C++ object initialization or teardown; source-authored body versus compiler-generated lifecycle contribution remains unresolved (target-ida-origin-indeterminate-2026-09-18; reviewed target 0x0044D080, 136 bytes)."
0x0044D110,483,0x0044D2F2,FUN_0044d110,,,unclassified,0.00,,,false,,Ghidra 12.1.3 auto-analysis candidate; boundary unreviewed,authored,Complete target decode; directly is called by reviewed authored 0x0043DDF0. IDA behavior review shows game sound stream read and refill (target-ida-reviewed-game-component-2026-09-17). Original source unit and exact codegen remain unknown.
0x0044D300,98,0x0044D361,FUN_0044d300,,,unclassified,0.00,,,false,,Ghidra 12.1.3 auto-analysis candidate; boundary unreviewed,authored,Complete target decode; directly is called by reviewed authored 0x0044D440. IDA behavior review shows game sound stream cursor query (target-ida-reviewed-game-component-2026-09-17). Original source unit and exact codegen remain unknown.
0x0044D370,103,0x0044D3D6,FUN_0044d370,,,unclassified,0.00,,,false,,Ghidra 12.1.3 auto-analysis candidate; boundary unreviewed,authored,Complete target decode; directly is called by reviewed authored 0x0044D440. IDA behavior review shows game sound stream buffer selection (target-ida-reviewed-game-component-2026-09-17). Original source unit and exact codegen remain unknown.
0x0044D440,145,0x0044D4D0,FUN_0044d440,,,unclassified,0.00,,,false,,Ghidra 12.1.3 auto-analysis candidate; boundary unreviewed,authored,Complete target decode; directly is called by reviewed authored 0x0043DDF0. IDA behavior review shows game sound stream playback transition (target-ida-reviewed-game-component-2026-09-17). Original source unit and exact codegen remain unknown.
0x0044D4E0,106,0x0044D549,FUN_0044d4e0,,,unclassified,0.00,,,false,,Ghidra 12.1.3 auto-analysis candidate; boundary unreviewed,authored,Complete target decode; directly is called by reviewed authored 0x0043DDF0. IDA behavior review shows game sound stream volume update (target-ida-reviewed-game-component-2026-09-17). Original source unit and exact codegen remain unknown.
0x0044D550,82,0x0044D5A1,FUN_0044d550,,,unclassified,0.00,,,false,,Ghidra 12.1.3 auto-analysis candidate; boundary unreviewed,authored,Complete target decode; directly is called by reviewed authored 0x0043DAB0. IDA behavior review shows game sound stream stop (target-ida-reviewed-game-component-2026-09-17). Original source unit and exact codegen remain unknown.
0x0044D5B0,29,0x0044D5CC,FUN_0044d5b0,,,unclassified,0.00,,,false,,Ghidra 12.1.3 auto-analysis candidate; boundary unreviewed,authored,Complete target decode; directly is called by reviewed authored 0x0043DDF0. IDA behavior review shows game sound stream flag update (target-ida-reviewed-game-component-2026-09-17). Original source unit and exact codegen remain unknown.
0x0044D5D0,41,0x0044D5F8,FUN_0044d5d0,,,unclassified,0.00,,,false,,Ghidra 12.1.3 auto-analysis candidate; boundary unreviewed,authored,Complete target decode; directly is called by reviewed authored 0x0043DDF0. IDA behavior review shows game sound stream playback state query (target-ida-reviewed-game-component-2026-09-17). Original source unit and exact codegen remain unknown.
0x0044D600,61,0x0044D63C,FUN_0044d600,,,unclassified,0.00,,,false,,Ghidra 12.1.3 auto-analysis candidate; boundary unreviewed,authored,Complete target decode; directly is called by reviewed authored 0x0044D440. IDA behavior review shows game sound stream buffer stop (target-ida-reviewed-game-component-2026-09-17). Original source unit and exact codegen remain unknown.
0x0044D6A0,109,0x0044D70C,FUN_0044d6a0,,,unclassified,0.00,,,false,,Ghidra 12.1.3 auto-analysis candidate; boundary unreviewed,authored,Complete target decode; directly is called by reviewed authored 0x0044C8F0. IDA behavior review shows game sound stream object construction (target-ida-reviewed-game-component-2026-09-17). Original source unit and exact codegen remain unknown.
0x0044D710,30,0x0044D72D,FUN_0044d710,,,unclassified,0.00,,,false,,Ghidra 12.1.3 auto-analysis candidate; boundary unreviewed,compiler,"Complete VC7.1 scalar deleting-destructor wrapper for derived sound stream object: calls 0x0044D730, checks the deletion flag and conditionally frees the object before RET 4 (target-vc71-scalar-deleting-destructor-2026-09-17). Underlying destructor origin is separate and remains unknown."
0x0044D730,11,0x0044D73A,FUN_0044d730,,,unclassified,0.00,,,false,,Ghidra 12.1.3 auto-analysis candidate; boundary unreviewed,,"origin indeterminate: sets vtable then calls destruction body 0x44D080; IDA shows C++ object initialization or teardown; source-authored body versus compiler-generated lifecycle contribution remains unresolved (target-ida-origin-indeterminate-2026-09-18; reviewed target 0x0044D730, 11 bytes)."
0x0044D850,637,0x0044DACC,FUN_0044d850,,,unclassified,0.00,,,false,,Ghidra 12.1.3 auto-analysis candidate; boundary unreviewed,authored,Complete target decode; directly calls reviewed authored 0x0044D110. IDA behavior review shows game sound stream refill callback (target-ida-reviewed-game-component-2026-09-17). Original source unit and exact codegen remain unknown.
0x0044DAD0,213,0x0044DBA4,FUN_0044dad0,,,unclassified,0.00,,,false,,Ghidra 12.1.3 auto-analysis candidate; boundary unreviewed,authored,Complete target decode; directly is called by reviewed authored 0x0043DDF0. IDA behavior review shows game sound stream restart (target-ida-reviewed-game-component-2026-09-17). Original source unit and exact codegen remain unknown.
0x0044DBF0,173,0x0044DC9C,FUN_0044dbf0,,,unclassified,0.00,,,false,,Ghidra 12.1.3 auto-analysis candidate; boundary unreviewed,authored,Complete target decode; directly is called by reviewed authored 0x0044C8F0. IDA behavior review shows game sound stream source file open (target-ida-reviewed-game-component-2026-09-17). Original source unit and exact codegen remain unknown.
0x0044DCA0,78,0x0044DCED,FUN_0044dca0,,,unclassified,0.00,,,false,,Ghidra 12.1.3 auto-analysis candidate; boundary unreviewed,authored,Complete target decode; directly is called by reviewed authored 0x0043DDF0. IDA behavior review shows game sound filename stream offset update (target-ida-reviewed-game-component-2026-09-17). Original source unit and exact codegen remain unknown.
0x0044DD40,194,0x0044DE01,FUN_0044dd40,,,unclassified,0.00,,,false,,Ghidra 12.1.3 auto-analysis candidate; boundary unreviewed,authored,Complete target decode; directly is called by reviewed authored 0x0044D110. IDA behavior review shows game sound stream read cursor update (target-ida-reviewed-game-component-2026-09-17). Original source unit and exact codegen remain unknown.
0x0044DE10,202,0x0044DED9,FUN_0044de10,,,unclassified,0.00,,,false,,Ghidra 12.1.3 auto-analysis candidate; boundary unreviewed,authored,Complete target decode; directly is called by reviewed authored 0x0044D110. IDA behavior review shows game sound stream sample copy (target-ida-reviewed-game-component-2026-09-17). Original source unit and exact codegen remain unknown.
0x0044DF70,550,0x0044E195,FUN_0044df70,EclVmStartSubroutine,EclVm,unclassified,0.00,internal EAX destination context + 2 stack args / RET 8,"int (EclVmContext *, EclVmContext *, unsigned int)",false,src/EclVm.cpp,"Copies and converts call operands into the destination stack, re-reads the caller instruction across virtual operand resolution, records return time/instruction state, changes the host active context, and resolves the requested named subroutine.",authored,"Reviewed physical extent 0x0044DF70-0x0044E195 = 550 bytes ends in RET 8. Direct target code establishes the private EAX destination context and two stack arguments. Target-faithful caller-instruction reloads, signed argument iteration and active-context writes raise the natural linked /GL candidate to 518 bytes, but its remaining private ABI depends on the incomplete Run owner; no exactness is claimed."
0x0044E1A0,7020,0x0044FD0B,FUN_0044e1a0,EclVmContext::Run,EclVm,unclassified,0.00,internal EAX EclVmContext* + 1 stack float / RET 4,int (EclVmContext *; float),false,src/EclVm.cpp,"The maintained typed-stack interpreter covers all 59 target-active generic opcodes, difficulty filtering, call/return/jump control flow, thread control, typed operands, integer/float operations and host extension dispatch. scripts/report-ecl-vm-table.py replays target/source coverage and can compare a linked candidate's case-destination layout against the target tables.",authored,"Reviewed source-owned physical span is 0x0044E1A0-0x0044FD0B = 7,020 bytes. Executable code ends at 0x0044FBC1, 0x0044FBC2-0x0044FBC3 is alignment, 0x0044FBC4-0x0044FCB3 is a directly indexed 60-entry destination table, and 0x0044FCB4-0x0044FD0B is the 88-byte opcode selector table; four CC bytes precede the next independent function at 0x0044FD10. Raw entry/caller/RET establish a private EAX context plus one stack float delta. Earlier EclVmHost::Run linked /GL diagnostics produced a 6,916-byte candidate with target physical case order. With explicit thread-context evaluation and percent-escape cursor advancement, the selected EclVmHost /GL link with Enemy support emits a complete 7,020-byte PDB contribution and a target-sized 6,692-byte pre-table span. All 59 physical opcode groups remain in order; opcode 0x14 has the target 51-byte instruction shape. The linked diagnostic still matches only 795/6,264 comparable bytes, with arithmetic stack-slot and format-case differences among the remaining gaps. Equal owner size does not establish exactness."
0x0044FD10,146,0x0044FDA1,FUN_0044fd10,EclVmHost::Run,EclVm,exact,100.00,internal EDI EclVmHost* + 1 stack float / RET 4,int (float),false,src/EclVm.cpp,"Runs the embedded ECL context first, then every spawned thread context; failed spawned threads are deleted and unlinked, while failure of the embedded context aborts the host run.",authored,Reviewed physical extent 0x0044FD10-0x0044FDA1 = 146 bytes ends in RET 4. EnemyRuntimeUpdate is the target-proven caller and keeps the host in EDI. Canonical linked replay uses that maintained Enemy caller as support context while binding the complete owner to the unique EclVm source contribution; all 146 bytes and four REL32 fields replay exactly in two cold builds.
0x0044FDB0,144,0x0044FE3F,FUN_0044fdb0,EclVmContext::ReadInt,EclVm,unclassified,0.00,internal EDX EclVmContext* + 1 stack index / RET 4,int (unsigned int),false,src/EclVm.cpp,"Reads an integer instruction operand directly or resolves an indirect local, typed-stack pop, or host-owned variable according to the operand flag bit and encoded value.",authored,"Reviewed physical extent 0x0044FDB0-0x0044FE3F = 144 bytes ends in RET 4. Direct target code establishes the private EDX context and stack index ABI. Writing the typed-stack pop result directly back to the index parameter makes selected EclVmHost and Enemy-supported /GS LTCG candidates use the target EDX receiver plus stack index and complete 144-byte extent. The selected /GS candidate differs in three register-choice instruction fields and one linked __ftol2 call displacement; exactness is still unknown."
0x0044FE40,183,0x0044FEF6,FUN_0044fe40,EclVmContext::ReadFloat,EclVm,exact,100.00,internal EAX EclVmContext* + ECX index / RET,float (unsigned int),false,src/EclVm.cpp,"Reads a float instruction operand directly or resolves an indirect local, typed-stack pop, or host-owned variable according to the operand flag bit and encoded value.",authored,"Reviewed physical extent 0x0044FE40-0x0044FEF6 = 183 bytes ends in RET. Direct target code establishes the private EAX context and ECX index ABI. Expressing Pop as a direct stackTop state update preserves the standalone Pop body while LTCG lowers the inlined four-byte pop to the target ADD EAX,-4 form. Two independent cold linked builds reproduce the complete 183-byte PDB contribution; both float-constant DIR32 fields and both __ftol2 REL32 fields normalize to zero difference."
0x0044FF00,124,0x0044FF7B,FUN_0044ff00,EclVmContext::ReadIntValue,EclVm,exact,100.00,internal EDX EclVmContext* + 2 stack args / RET 8,"int (unsigned int, int)",false,src/EclVm.cpp,"Resolves an already-decoded integer operand value as a direct scalar, frame local, typed-stack pop, or host-owned ECL variable according to the selected operand flag bit.",authored,"Reviewed physical extent 0x0044FF00-0x0044FF7B = 124 bytes ends in RET 8. Direct target code establishes the private EDX context and two stack arguments. Expressing Pop as a direct stackTop state update preserves the standalone Pop body while LTCG lowers the inlined four-byte pop to the target ADD ECX,-4 form. Two independent cold linked builds reproduce the complete 124-byte PDB contribution and its sole __ftol2 REL32 field with zero normalized difference."
0x0044FF80,171,0x0045002A,FUN_0044ff80,EclVmContext::ReadFloatValue,EclVm,exact,100.00,internal EAX EclVmContext* + ECX flag index + 1 stack float / RET 4,"float (unsigned int, float)",false,src/EclVm.cpp,"Resolves an already-decoded float operand value as a direct scalar, frame local, typed-stack pop, or host-owned ECL variable according to the selected operand flag bit.",authored,"Reviewed physical extent 0x0044FF80-0x0045002A = 171 bytes ends in RET 4. Direct target code establishes the private EAX context, ECX flag index and stack float ABI. Expressing Pop as a direct stackTop state update preserves the standalone Pop body while LTCG lowers the inlined four-byte pop to the target ADD EAX,-4 form. Two independent cold linked builds reproduce the complete 171-byte PDB contribution; both float-constant DIR32 fields and both __ftol2 REL32 fields normalize to zero difference."
0x00450030,58,0x00450069,FUN_00450030,EclVmContext::ResolveInt,EclVm,exact,100.00,internal ESI EclVmContext* + ECX index / RET,int * (unsigned int),false,src/EclVm.cpp,"Returns an integer lvalue for an indirect frame-local or host-owned ECL variable and returns null when the operand is direct.",authored,"Reviewed physical extent 0x00450030-0x00450069 = 58 bytes ends in RET. Target callers establish the private ESI context and ECX index ABI. Restoring the same operandStack alias and repeated operand-read source shape used by the adjacent exact ResolveFloat owner makes pinned VC7.1 LTCG reproduce all 58 PDB-owned bytes raw-equal in two independent EclVmContext::Run cold links; all existing ECL VM exact units remain zero-difference in their canonical contexts."
0x00450070,93,0x004500CC,FUN_00450070,EclVmContext::ResolveFloat,EclVm,exact,100.00,internal EAX EclVmContext* + ECX index / RET,float * (unsigned int),false,src/EclVm.cpp,"Returns a float lvalue for an indirect frame-local or host-owned ECL variable and returns null when the operand is direct.",authored,"Reviewed physical extent 0x00450070-0x004500CC = 93 bytes ends in RET. Direct target code establishes the private EAX context and ECX index ABI. Two independent canonical linked-PE cold replays reproduce the complete contribution and all three declared fields."
0x004500D0,142,0x0045015D,FUN_004500d0,EclVmHost::SpawnThread,EclVm,unclassified,0.00,internal EDI EclVmHost* + 2 stack args / RET 8,"void (int, unsigned int)",false,src/EclVm.cpp,"Allocates and initializes a secondary ECL context and intrusive thread node, inserts it at the host list head, inherits the active context difficulty mask, and starts the requested subroutine arguments.",authored,"Reviewed physical extent 0x004500D0-0x0045015D = 142 bytes ends in RET 8. Direct target code establishes the private EDI host plus two stack arguments and the host/thread/context layouts. Natural linked /GL source has the same size with 120/130 comparable bytes equal; its remaining differences are confined to the private StartSubroutine call setup, so no exactness is claimed."
0x00450160,36,0x00450183,FUN_00450160,EclVmHost::FindThread,EclVm,exact,100.00,internal EAX EclVmHost* + ECX thread id / RET,EclVmThreadNode * (int),false,src/EclVm.cpp,"Searches the embedded ECL thread-list sentinel and each linked secondary context for a matching thread id, returning the containing node or null.",authored,"Reviewed physical extent 0x00450160-0x00450183 = 36 bytes ends in RET. Direct target callers establish the private EAX host and ECX thread-id ABI and dereference the returned node before accessing its context. Two independent canonical linked-PE cold replays reproduce all 36 relocation-free bytes."
0x00450190,31,0x004501AE,FUN_00450190,EclVmHost::StopAllThreads,EclVm,exact,100.00,internal EAX EclVmHost* / RET,void (),false,src/EclVm.cpp,"Walks every secondary ECL thread node and clears the context instruction pointer so each thread stops executing.",authored,"Reviewed physical extent 0x00450190-0x004501AE = 31 bytes ends in RET. Direct target code establishes the private EAX host ABI and deliberately starts from the sentinel's next pointer, leaving the primary context outside this operation. Two independent canonical linked-PE cold replays reproduce all 31 relocation-free bytes."
0x004501B0,30,0x004501CD,FUN_004501b0,EclVmPolarVectorView::FromAngleMagnitude,EclVm,exact,100.00,__thiscall ECX EclVmPolarVectorView* + stack angle/magnitude / RET 8,"void (float, float)",false,src/EclVm.cpp,Uses one x87 FSINCOS to write cosine times magnitude to X and sine times magnitude to Y.,authored,Reviewed physical extent 0x004501B0-0x004501CD = 30 bytes ends in RET 8. The only direct target caller is the generic ECL runner polar opcode. The reconstructed type name is provisional. Two independent target-bound linked-PE cold builds reproduce the complete relocation-free 30-byte PDB contribution raw-equal.
0x00450220,589,0x0045046C,FUN_00450220,EclVmScriptDatabase::AddScriptData,EclVm,unclassified,0.00,__thiscall ECX EclVmScriptDatabase* + stack void* / RET 4,int (void *),false,src/EclVm.cpp,"Validates one SCPT buffer, merges its named subroutine offsets into the database sorted lookup table, retains the file pointer, and dispatches the optional include block through virtual slot one.",authored,"Reviewed physical extent 0x00450220-0x0045046C = 589 bytes ends in RET 4 before CC padding. Direct target code establishes the ordinary thiscall receiver and file argument, 0x24-byte SCPT header, database layout, allocation ownership, sorted insertion loop and virtual include callback. Natural VC7.1 /O2 source is currently 547 bytes; exactness remains unknown."
0x00450470,136,0x004504F7,FUN_00450470,EclVmScriptDatabase::FindSubroutine,EclVm,exact,100.00,internal EAX EclVmScriptDatabase* + 1 stack name / RET 4,EclVmInstruction * (const char *),false,src/EclVm.cpp,"Binary-searches the sorted subroutine table by name and returns the first instruction 0x10 bytes past the matching subroutine header.",authored,"Reviewed physical extent 0x00450470-0x004504F7 = 136 bytes ends in RET 4. Direct target code establishes the private EAX database receiver, stack name argument, entry stride eight, table pointer at +0x8C and returned header offset +0x10. Two independent canonical linked-PE cold replays reproduce all 136 relocation-free bytes."
0x004505B0,96,0x0045060F,FUN_004505b0,EclVmStackView::Push,EclVm,exact,100.00,internal EAX EclVmStackView* + DL type + 2 stack args / RET 8,"int (unsigned char, int, const void *)",false,src/EclVm.cpp,"Checks stackTop + size against 0x1000, optionally writes a four-byte typed-slot tag, copies the requested value bytes, and advances stackTop; the generic ECL runner calls this owner 42 times.",authored,"Reviewed physical extent 0x004505B0-0x0045060F = 96 bytes ends in RET 8 and has no overlap or external interior branch. Direct target code establishes the private EAX stack receiver, DL type, two stack arguments and all EclVmStackView offsets. Two independent canonical linked-PE cold replays reproduce the complete relocation-free 96-byte PDB contribution."
0x00450610,122,0x00450689,raw_00450610,EclVmStackView::Pop,EclVm,exact,100.00,internal EAX EclVmStackView* + ECX size + BL type + 1 stack arg / RET 4,"int (unsigned char, int, void *)",false,src/EclVm.cpp,"Removes an arbitrary-sized value from the typed VM stack, copies it to caller storage, optionally consumes the four-byte type slot, and converts stored integer/float scalars to the requested float/integer representation.",authored,"Direct target review recovers the Ghidra-missed physical owner 0x00450610-0x00450689 = 122 bytes: RET 4 occupies 0x00450687-0x00450689, followed by six CC bytes before EnterFrame at 0x00450690. The private EAX receiver, ECX size, BL requested type and sole stack output pointer are target-observed. Canonical linked-PE cold replay reproduces the complete PDB contribution and its sole __ftol2 REL32 field."
0x00450690,64,0x004506CF,FUN_00450690,EclVmStackView::EnterFrame,EclVm,exact,100.00,internal EAX EclVmStackView* + ECX localBytes / RET,int (int),false,src/EclVm.cpp,"Reserves local bytes below the 0x1000 stack limit, saves the previous frame base as a four-byte stack value when space remains, then publishes the previous top as the new frame base.",authored,"Reviewed physical extent 0x00450690-0x004506CF = 64 bytes ends in RET immediately before the independent LeaveFrame body. Direct target code establishes the private EAX stack receiver, ECX local-byte count and all EclVmStackView offsets. Two independent canonical linked-PE cold replays reproduce the complete relocation-free 64-byte PDB contribution."
0x004506D0,41,0x004506F8,FUN_004506d0,EclVmStackView::LeaveFrame,EclVm,exact,100.00,internal EAX EclVmStackView* / RET,int (),false,src/EclVm.cpp,"Restores the saved frame base from the stack slot immediately below stackTop when present, then resets stackTop to the frame base captured on entry.",authored,"Reviewed physical extent 0x004506D0-0x004506F8 = 41 bytes ends in RET before CC padding. Direct target code establishes the private EAX stack receiver and nested stack offsets. Writing the frame pop as a direct stackTop state update makes VC7.1 emit the target ADD ECX,-4 form. Two independent cold linked builds reproduce all 41 relocation-free PDB-owned bytes exactly."
0x00450700,30,0x0045071D,FUN_00450700,,,unclassified,0.00,,,false,,Ghidra 12.1.3 auto-analysis candidate; boundary unreviewed,authored,Complete target decode; directly is called by reviewed authored 0x0040DC80. IDA behavior review shows game renderer state-link update (target-ida-reviewed-game-component-2026-09-17). Original source unit and exact codegen remain unknown.
0x0045071E,6,0x00450723,DINPUT8.DLL::DirectInput8Create,,PEImport,excluded,0.00,,,true,,Ghidra 12.1.3 auto-analysis candidate; boundary unreviewed,import_thunk,"Target FF 25 jump reaches PE IAT slot 0x00466000 for DINPUT8.dll::DirectInput8Create; import thunk, no authored body (pe32-iat-jump-thunk-2026-09-17)."
0x00452170,6,0x00452175,DSOUND.DLL::Ordinal_11,,PEImport,excluded,0.00,,,true,,Ghidra 12.1.3 auto-analysis candidate; boundary unreviewed,import_thunk,"Target FF 25 jump reaches PE IAT slot 0x00466008 for DSOUND.dll::Ordinal_11; import thunk, no authored body (pe32-iat-jump-thunk-2026-09-17)."
0x00452176,6,0x0045217B,D3D9.DLL::Direct3DCreate9,,PEImport,excluded,0.00,,,true,,Ghidra 12.1.3 auto-analysis candidate; boundary unreviewed,import_thunk,"Target FF 25 jump reaches PE IAT slot 0x004662B4 for d3d9.dll::Direct3DCreate9; import thunk, no authored body (pe32-iat-jump-thunk-2026-09-17)."
0x0045217C,6,0x00452181,D3DX9_31.DLL::D3DXVec3Normalize,,PEImport,excluded,0.00,,,true,,Ghidra 12.1.3 auto-analysis candidate; boundary unreviewed,import_thunk,"Target FF 25 jump reaches PE IAT slot 0x004662BC for d3dx9_31.dll::D3DXVec3Normalize; import thunk, no authored body (pe32-iat-jump-thunk-2026-09-17)."
0x00452182,6,0x00452187,D3DX9_31.DLL::D3DXMatrixTranslation,,PEImport,excluded,0.00,,,true,,Ghidra 12.1.3 auto-analysis candidate; boundary unreviewed,import_thunk,"Target FF 25 jump reaches PE IAT slot 0x004662F8 for d3dx9_31.dll::D3DXMatrixTranslation; import thunk, no authored body (pe32-iat-jump-thunk-2026-09-17)."
0x00452188,6,0x0045218D,D3DX9_31.DLL::D3DXVec3ProjectArray,,PEImport,excluded,0.00,,,true,,Ghidra 12.1.3 auto-analysis candidate; boundary unreviewed,import_thunk,"Target FF 25 jump reaches PE IAT slot 0x004662F4 for d3dx9_31.dll::D3DXVec3ProjectArray; import thunk, no authored body (pe32-iat-jump-thunk-2026-09-17)."
0x0045218E,6,0x00452193,D3DX9_31.DLL::D3DXVec3Project,,PEImport,excluded,0.00,,,true,,Ghidra 12.1.3 auto-analysis candidate; boundary unreviewed,import_thunk,"Target FF 25 jump reaches PE IAT slot 0x004662F0 for d3dx9_31.dll::D3DXVec3Project; import thunk, no authored body (pe32-iat-jump-thunk-2026-09-17)."
0x00452194,6,0x00452199,D3DX9_31.DLL::D3DXMatrixLookAtLH,,PEImport,excluded,0.00,,,true,,Ghidra 12.1.3 auto-analysis candidate; boundary unreviewed,import_thunk,"Target FF 25 jump reaches PE IAT slot 0x004662EC for d3dx9_31.dll::D3DXMatrixLookAtLH; import thunk, no authored body (pe32-iat-jump-thunk-2026-09-17)."
0x0045219A,6,0x0045219F,D3DX9_31.DLL::D3DXMatrixPerspectiveFovLH,,PEImport,excluded,0.00,,,true,,Ghidra 12.1.3 auto-analysis candidate; boundary unreviewed,import_thunk,"Target FF 25 jump reaches PE IAT slot 0x004662E8 for d3dx9_31.dll::D3DXMatrixPerspectiveFovLH; import thunk, no authored body (pe32-iat-jump-thunk-2026-09-17)."
0x004521A0,6,0x004521A5,D3DX9_31.DLL::D3DXCreateTexture,,PEImport,excluded,0.00,,,true,,Ghidra 12.1.3 auto-analysis candidate; boundary unreviewed,import_thunk,"Target FF 25 jump reaches PE IAT slot 0x004662E4 for d3dx9_31.dll::D3DXCreateTexture; import thunk, no authored body (pe32-iat-jump-thunk-2026-09-17)."
0x004521A6,6,0x004521AB,D3DX9_31.DLL::D3DXLoadSurfaceFromMemory,,PEImport,excluded,0.00,,,true,,Ghidra 12.1.3 auto-analysis candidate; boundary unreviewed,import_thunk,"Target FF 25 jump reaches PE IAT slot 0x004662E0 for d3dx9_31.dll::D3DXLoadSurfaceFromMemory; import thunk, no authored body (pe32-iat-jump-thunk-2026-09-17)."
0x004521AC,6,0x004521B1,D3DX9_31.DLL::D3DXMatrixRotationX,,PEImport,excluded,0.00,,,true,,Ghidra 12.1.3 auto-analysis candidate; boundary unreviewed,import_thunk,"Target FF 25 jump reaches PE IAT slot 0x004662DC for d3dx9_31.dll::D3DXMatrixRotationX; import thunk, no authored body (pe32-iat-jump-thunk-2026-09-17)."
0x004521B2,6,0x004521B7,D3DX9_31.DLL::D3DXMatrixMultiply,,PEImport,excluded,0.00,,,true,,Ghidra 12.1.3 auto-analysis candidate; boundary unreviewed,import_thunk,"Target FF 25 jump reaches PE IAT slot 0x004662D8 for d3dx9_31.dll::D3DXMatrixMultiply; import thunk, no authored body (pe32-iat-jump-thunk-2026-09-17)."
0x004521B8,6,0x004521BD,D3DX9_31.DLL::D3DXMatrixRotationY,,PEImport,excluded,0.00,,,true,,Ghidra 12.1.3 auto-analysis candidate; boundary unreviewed,import_thunk,"Target FF 25 jump reaches PE IAT slot 0x004662D4 for d3dx9_31.dll::D3DXMatrixRotationY; import thunk, no authored body (pe32-iat-jump-thunk-2026-09-17)."
0x004521BE,6,0x004521C3,D3DX9_31.DLL::D3DXMatrixRotationZ,,PEImport,excluded,0.00,,,true,,Ghidra 12.1.3 auto-analysis candidate; boundary unreviewed,import_thunk,"Target FF 25 jump reaches PE IAT slot 0x004662D0 for d3dx9_31.dll::D3DXMatrixRotationZ; import thunk, no authored body (pe32-iat-jump-thunk-2026-09-17)."
0x004521C4,6,0x004521C9,D3DX9_31.DLL::D3DXVec3Transform,,PEImport,excluded,0.00,,,true,,Ghidra 12.1.3 auto-analysis candidate; boundary unreviewed,import_thunk,"Target FF 25 jump reaches PE IAT slot 0x004662CC for d3dx9_31.dll::D3DXVec3Transform; import thunk, no authored body (pe32-iat-jump-thunk-2026-09-17)."
0x004521CA,6,0x004521CF,D3DX9_31.DLL::D3DXCreateTextureFromFileInMemoryEx,,PEImport,excluded,0.00,,,true,,Ghidra 12.1.3 auto-analysis candidate; boundary unreviewed,import_thunk,"Target FF 25 jump reaches PE IAT slot 0x004662C8 for d3dx9_31.dll::D3DXCreateTextureFromFileInMemoryEx; import thunk, no authored body (pe32-iat-jump-thunk-2026-09-17)."
0x004521D0,6,0x004521D5,D3DX9_31.DLL::D3DXLoadSurfaceFromFileInMemory,,PEImport,excluded,0.00,,,true,,Ghidra 12.1.3 auto-analysis candidate; boundary unreviewed,import_thunk,"Target FF 25 jump reaches PE IAT slot 0x004662C4 for d3dx9_31.dll::D3DXLoadSurfaceFromFileInMemory; import thunk, no authored body (pe32-iat-jump-thunk-2026-09-17)."
0x004521D6,6,0x004521DB,D3DX9_31.DLL::D3DXLoadSurfaceFromSurface,,PEImport,excluded,0.00,,,true,,Ghidra 12.1.3 auto-analysis candidate; boundary unreviewed,import_thunk,"Target FF 25 jump reaches PE IAT slot 0x004662C0 for d3dx9_31.dll::D3DXLoadSurfaceFromSurface; import thunk, no authored body (pe32-iat-jump-thunk-2026-09-17)."
0x0045232C,6,0x00452331,USER32.DLL::WINNLSEnableIME,,PEImport,excluded,0.00,,,true,,Ghidra 12.1.3 auto-analysis candidate; boundary unreviewed,import_thunk,"Target FF 25 jump reaches PE IAT slot 0x004661FC for USER32.dll::WINNLSEnableIME; import thunk, no authored body (pe32-iat-jump-thunk-2026-09-17)."
0x00452422,113,0x00452492,_free,_free,CRT,excluded,0.00,,,false,,Ghidra 12.1.3 auto-analysis candidate; boundary unreviewed,library,"Pinned VC7.1 libcmt.lib member build\intel\mt_obj\free.obj symbol _free: complete 113-byte COFF extent and 73 non-relocation bytes match target; origin only, no source-exact claim (vc71-static-runtime-body-2026-09-17)."
0x00452475,9,0x0045247D,FUN_00452475,,CRT,excluded,0.00,,,false,,Ghidra 12.1.3 auto-analysis candidate; boundary unreviewed,library,Local fragment lies wholly inside pinned VC7.1 libcmt.lib member build\intel\mt_obj\free.obj symbol _free at 0x00452422 (113 matching COFF bytes); separate authored ownership is not claimed (vc71-static-runtime-contained-fragment-2026-09-17).
0x00452493,14,0x004524A0,operator_new,,CRT,excluded,0.00,,,false,,Ghidra 12.1.3 auto-analysis candidate; boundary unreviewed,library,Complete thin runtime wrapper directly transfers to reviewed CRT 0x004526DA; operator new forwards to runtime allocation (target-vc71-runtime-wrapper-2026-09-17). No exact source identity claimed.
0x004524A1,5,0x004524A5,_free,,CRT,excluded,0.00,,,true,,Ghidra 12.1.3 auto-analysis candidate; boundary unreviewed,library,Complete thin runtime wrapper directly transfers to reviewed CRT 0x00452422; free tail-forwards to runtime free (target-vc71-runtime-wrapper-2026-09-17). No exact source identity claimed.
0x004524A6,87,0x004524FC,_vsprintf,_vsprintf,CRT,excluded,0.00,,,false,,Ghidra 12.1.3 auto-analysis candidate; boundary unreviewed,library,"Pinned VC7.1 libcmt.lib member build\intel\mt_obj\vsprintf.obj symbol _vsprintf: complete 87-byte COFF extent and 79 non-relocation bytes match target; origin only, no source-exact claim (vc71-static-runtime-body-2026-09-17)."
0x004524FD,48,0x0045252C,FUN_004524fd,,CRT,excluded,0.00,,,false,,Ghidra 12.1.3 auto-analysis candidate; boundary unreviewed,library,"Pinned VC7.1 libcmt.lib has 2 matching full 48-byte COFF bodies with at least 24 exact non-relocation bytes; runtime origin is supported, symbol identity remains ambiguous (vc71-static-runtime-family-2026-09-17)."
0x0045252D,74,0x00452576,`eh_vector_constructor_iterator',??_L@YGXPAXIHP6EX0@Z1@Z,CRT,excluded,0.00,,,false,,Ghidra 12.1.3 auto-analysis candidate; boundary unreviewed,library,Pinned VC7.1 libcmt.lib member ..\build\intel\mt_obj\ehvecctr.obj symbol ??_L@YGXPAXIHP6EX0@Z1@Z: complete 98-byte COFF body matches target across 82 non-relocation bytes. Ledger entry is the 74-byte contiguous fragment; the COFF extent also owns a suffix/shared helper (vc71-static-runtime-extended-body-2026-09-17).
0x00452577,24,0x0045258E,FUN_00452577,,CRT,excluded,0.00,,,false,,Ghidra 12.1.3 auto-analysis candidate; boundary unreviewed,library,Local fragment lies wholly inside pinned VC7.1 libcmt.lib member ..\build\intel\mt_obj\ehvecctr.obj symbol ??_L@YGXPAXIHP6EX0@Z1@Z at 0x0045252D (98 matching COFF bytes); separate authored ownership is not claimed (vc71-static-runtime-contained-fragment-2026-09-17).
0x004525A1,47,0x004525CF,__ArrayUnwind,?__ArrayUnwind@@YGXPAXIHP6EX0@Z@Z,CRT,excluded,0.00,,,false,,Ghidra 12.1.3 auto-analysis candidate; boundary unreviewed,library,Pinned VC7.1 libcmt.lib member ..\build\intel\mt_obj\ehvecdtr.obj symbol ?__ArrayUnwind@@YGXPAXIHP6EX0@Z@Z: complete 94-byte COFF body matches target across 78 non-relocation bytes. Ledger entry is the 47-byte contiguous fragment; the COFF extent also owns a suffix/shared helper (vc71-static-runtime-extended-body-2026-09-17).
0x004525FF,72,0x00452646,`eh_vector_destructor_iterator',??_M@YGXPAXIHP6EX0@Z@Z,CRT,excluded,0.00,,,false,,Ghidra 12.1.3 auto-analysis candidate; boundary unreviewed,library,Pinned VC7.1 libcmt.lib member ..\build\intel\mt_obj\ehvecdtr.obj symbol ??_M@YGXPAXIHP6EX0@Z@Z: complete 96-byte COFF body matches target across 80 non-relocation bytes. Ledger entry is the 72-byte contiguous fragment; the COFF extent also owns a suffix/shared helper (vc71-static-runtime-extended-body-2026-09-17).
0x00452647,24,0x0045265E,FUN_00452647,,CRT,excluded,0.00,,,false,,Ghidra 12.1.3 auto-analysis candidate; boundary unreviewed,library,Local fragment lies wholly inside pinned VC7.1 libcmt.lib member ..\build\intel\mt_obj\ehvecdtr.obj symbol ??_M@YGXPAXIHP6EX0@Z@Z at 0x004525FF (96 matching COFF bytes); separate authored ownership is not claimed (vc71-static-runtime-contained-fragment-2026-09-17).
0x0045265F,111,0x004526CD,__heap_alloc,__heap_alloc,CRT,excluded,0.00,,,false,,Ghidra 12.1.3 auto-analysis candidate; boundary unreviewed,library,Pinned VC7.1 libcmt.lib member build\intel\mt_obj\malloc.obj symbol __heap_alloc: complete 123-byte COFF body matches target across 79 non-relocation bytes. Ledger entry is the 111-byte contiguous fragment; the COFF extent also owns a suffix/shared helper (vc71-static-runtime-extended-body-2026-09-17).
0x004526D1,9,0x004526D9,FUN_004526d1,,CRT,excluded,0.00,,,false,,Ghidra 12.1.3 auto-analysis candidate; boundary unreviewed,library,Local fragment lies wholly inside pinned VC7.1 libcmt.lib member build\intel\mt_obj\malloc.obj symbol __heap_alloc at 0x0045265F (123 matching COFF bytes); separate authored ownership is not claimed (vc71-static-runtime-contained-fragment-2026-09-17).
0x004526DA,44,0x00452705,__nh_malloc,__nh_malloc,CRT,excluded,0.00,,,false,,Ghidra 12.1.3 auto-analysis candidate; boundary unreviewed,library,"Pinned VC7.1 libcmt.lib member build\intel\mt_obj\malloc.obj symbol __nh_malloc: complete 44-byte COFF extent and 36 non-relocation bytes match target; origin only, no source-exact claim (vc71-static-runtime-body-2026-09-17)."
0x00452706,18,0x00452717,_malloc,,CRT,excluded,0.00,1 stack arg / RET,,false,,Target wrapper pushes the requested size and runtime new-mode global to __nh_malloc; 94 direct target calls use this exact entry and the body ends in RET before CC padding,library,Reviewed CRT malloc wrapper boundary and origin. Excluded from the authored denominator; exact original CRT library member is not claimed.
0x00452730,190,0x004527ED,FUN_00452730,_strchr,CRT,excluded,0.00,,,false,,Ghidra 12.1.3 auto-analysis candidate; boundary unreviewed,library,"Pinned VC7.1 libcmt.lib member build\intel\mt_obj\strchr.obj symbol _strchr: complete 190-byte COFF extent and 190 non-relocation bytes match target; origin only, no source-exact claim (vc71-static-runtime-body-2026-09-17)."
0x004527EE,136,0x00452875,_atol,_atol,CRT,excluded,0.00,,,false,,Ghidra 12.1.3 auto-analysis candidate; boundary unreviewed,library,"Pinned VC7.1 libcmt.lib member build\intel\mt_obj\atox.obj symbol _atol: complete 136-byte COFF extent and 120 non-relocation bytes match target; origin only, no source-exact claim (vc71-static-runtime-body-2026-09-17)."
0x00452876,5,0x0045287A,_atol,,CRT,excluded,0.00,,,true,,Ghidra 12.1.3 auto-analysis candidate; boundary unreviewed,library,Complete thin runtime wrapper directly transfers to reviewed CRT 0x004527EE; atol tail-forwards to runtime conversion (target-vc71-runtime-wrapper-2026-09-17). No exact source identity claimed.
0x00452930,45,0x0045295C,_strrchr,,CRT,excluded,0.00,2 stack args / RET,,false,,Target walks to the string terminator then scans backward for the requested byte; ten direct target calls use this exact entry and the 45-byte body ends in RET before CC padding,library,Reviewed CRT strrchr boundary and origin. Excluded from the authored denominator; exact original CRT library member is not claimed.
0x00452960,292,0x00452A83,_strncpy,_strncpy,CRT,excluded,0.00,,,false,,Ghidra 12.1.3 auto-analysis candidate; boundary unreviewed,library,"Pinned VC7.1 libcmt.lib member build\intel\mt_obj\strncpy.obj symbol _strncpy: complete 292-byte COFF extent and 292 non-relocation bytes match target; origin only, no source-exact claim (vc71-static-runtime-body-2026-09-17)."
0x00452A84,56,0x00452ABB,_atof,_atof,CRT,excluded,0.00,,,false,,Ghidra 12.1.3 auto-analysis candidate; boundary unreviewed,library,"Pinned VC7.1 libcmt.lib member build\intel\mt_obj\atof.obj symbol _atof: complete 56-byte COFF extent and 44 non-relocation bytes match target; origin only, no source-exact claim (vc71-static-runtime-body-2026-09-17)."
0x00452ABC,44,0x00452AE7,FUN_00452abc,,CRT,excluded,0.00,,,false,,Ghidra 12.1.3 auto-analysis candidate; boundary unreviewed,library,"Pinned VC7.1 libcmt.lib has 2 matching full 44-byte COFF bodies with at least 24 exact non-relocation bytes; runtime origin is supported, symbol identity remains ambiguous (vc71-static-runtime-family-2026-09-17)."
0x00452AE8,88,0x00452B3F,_sprintf,_sprintf,CRT,excluded,0.00,,,false,,Ghidra 12.1.3 auto-analysis candidate; boundary unreviewed,library,"Pinned VC7.1 libcmt.lib member build\intel\mt_obj\sprintf.obj symbol _sprintf: complete 88-byte COFF extent and 80 non-relocation bytes match target; origin only, no source-exact claim (vc71-static-runtime-body-2026-09-17)."
0x00452B40,49,0x00452B70,FUN_00452b40,,CRT,excluded,0.00,,,false,,Ghidra 12.1.3 auto-analysis candidate; boundary unreviewed,library,"Pinned VC7.1 libcmt.lib has 2 matching full 49-byte COFF bodies with at least 24 exact non-relocation bytes; runtime origin is supported, symbol identity remains ambiguous (vc71-static-runtime-family-2026-09-17)."
0x00452B71,57,0x00452BA9,FID_conflict:__time32,_time,CRT,excluded,0.00,,,false,,Ghidra 12.1.3 auto-analysis candidate; boundary unreviewed,library,"Pinned VC7.1 libcmt.lib member build\intel\mt_obj\time.obj symbol _time: complete 57-byte COFF extent and 49 non-relocation bytes match target; origin only, no source-exact claim (vc71-static-runtime-body-2026-09-17)."
0x00452BAA,384,0x00452D29,_localtime,_localtime,CRT,excluded,0.00,,,false,,Ghidra 12.1.3 auto-analysis candidate; boundary unreviewed,library,"Pinned VC7.1 libcmt.lib member build\intel\mt_obj\localtim.obj symbol _localtime: complete 384-byte COFF extent and 332 non-relocation bytes match target; origin only, no source-exact claim (vc71-static-runtime-body-2026-09-17)."
0x00452D2A,128,0x00452DA9,__onexit_lk,__onexit_lk,CRT,excluded,0.00,,,false,,Ghidra 12.1.3 auto-analysis candidate; boundary unreviewed,library,"Pinned VC7.1 libcmt.lib member build\intel\mt_obj\onexit.obj symbol __onexit_lk: complete 128-byte COFF extent and 80 non-relocation bytes match target; origin only, no source-exact claim (vc71-static-runtime-body-2026-09-17)."
0x00452DAA,40,0x00452DD1,___onexitinit,___onexitinit,CRT,excluded,0.00,,,false,,Ghidra 12.1.3 auto-analysis candidate; boundary unreviewed,library,"Pinned VC7.1 libcmt.lib member build\intel\mt_obj\onexit.obj symbol ___onexitinit: complete 40-byte COFF extent and 24 non-relocation bytes match target; origin only, no source-exact claim (vc71-static-runtime-body-2026-09-17)."
0x00452DD2,50,0x00452E03,__onexit,__onexit,CRT,excluded,0.00,,,false,,Ghidra 12.1.3 auto-analysis candidate; boundary unreviewed,library,Pinned VC7.1 libcmt.lib member build\intel\mt_obj\onexit.obj symbol __onexit: complete 56-byte COFF body matches target across 32 non-relocation bytes. Ledger entry is the 50-byte contiguous fragment; the COFF extent also owns a suffix/shared helper (vc71-static-runtime-extended-body-2026-09-17).
0x00452E04,6,0x00452E09,FUN_00452e04,,CRT,excluded,0.00,,,false,,Ghidra 12.1.3 auto-analysis candidate; boundary unreviewed,library,Local fragment lies wholly inside pinned VC7.1 libcmt.lib member build\intel\mt_obj\onexit.obj symbol __onexit at 0x00452DD2 (56 matching COFF bytes); separate authored ownership is not claimed (vc71-static-runtime-contained-fragment-2026-09-17).
0x00452E0A,18,0x00452E1B,_atexit,_atexit,CRT,excluded,0.00,,,false,,Ghidra 12.1.3 auto-analysis candidate; boundary unreviewed,library,Pinned VC7.1 libcmt.lib member build\intel\mt_obj\onexit.obj symbol _atexit: unique complete 18-byte COFF body with 14 exact non-relocation bytes; short-body provenance is medium confidence (vc71-static-runtime-short-body-2026-09-17).
0x00452E1C,61,0x00452E58,__endthread,__endthread,CRT,excluded,0.00,,,false,,Ghidra 12.1.3 auto-analysis candidate; boundary unreviewed,library,Pinned VC7.1 libcmt.lib member build\intel\mt_obj\thread.obj symbol __endthread: complete 62-byte COFF body matches target across 38 non-relocation bytes. Ledger entry is the 61-byte contiguous fragment; the COFF extent also owns a suffix/shared helper (vc71-static-runtime-extended-body-2026-09-17).
0x00452E5A,134,0x00452EDF,FUN_00452e5a,__threadstart@4,CRT,excluded,0.00,,,false,,Ghidra 12.1.3 auto-analysis candidate; boundary unreviewed,library,Pinned VC7.1 libcmt.lib member build\intel\mt_obj\thread.obj symbol __threadstart@4: complete 146-byte COFF body matches target across 98 non-relocation bytes. Ledger entry is the 134-byte contiguous fragment; the COFF extent also owns a suffix/shared helper (vc71-static-runtime-extended-body-2026-09-17).
0x00452EEC,145,0x00452F7C,__beginthread,__beginthread,CRT,excluded,0.00,,,false,,Ghidra 12.1.3 auto-analysis candidate; boundary unreviewed,library,"Pinned VC7.1 libcmt.lib member build\intel\mt_obj\thread.obj symbol __beginthread: complete 145-byte COFF extent and 109 non-relocation bytes match target; origin only, no source-exact claim (vc71-static-runtime-body-2026-09-17)."
0x00452F80,57,0x00452FB8,_strncmp,_strncmp,CRT,excluded,0.00,,,false,,Ghidra 12.1.3 auto-analysis candidate; boundary unreviewed,library,"Pinned VC7.1 libcmt.lib member build\intel\mt_obj\strncmp.obj symbol _strncmp: complete 57-byte COFF extent and 57 non-relocation bytes match target; origin only, no source-exact claim (vc71-static-runtime-body-2026-09-17)."
0x00452FB9,52,0x00452FEC,_sscanf,_sscanf,CRT,excluded,0.00,,,false,,Ghidra 12.1.3 auto-analysis candidate; boundary unreviewed,library,"Pinned VC7.1 libcmt.lib member build\intel\mt_obj\sscanf.obj symbol _sscanf: complete 52-byte COFF extent and 44 non-relocation bytes match target; origin only, no source-exact claim (vc71-static-runtime-body-2026-09-17)."
0x00452FF0,289,0x00453110,FUN_00452ff0,,CRT,excluded,0.00,,,false,,Ghidra 12.1.3 auto-analysis candidate; boundary unreviewed,library,Target runtime behavior review: floor SSE path and CRT fallback (target-vc71-runtime-special-2026-09-17). No exact CRT object identity claimed.
0x00453111,328,0x00453258,FUN_00453111,__chdir,CRT,excluded,0.00,,,false,,Ghidra 12.1.3 auto-analysis candidate; boundary unreviewed,library,"Pinned VC7.1 libcmt.lib member build\intel\mt_obj\chdir.obj symbol __chdir: complete 328-byte COFF extent and 264 non-relocation bytes match target; origin only, no source-exact claim (vc71-static-runtime-body-2026-09-17)."
0x00453280,829,0x004535BC,_memmove,,CRT,excluded,0.00,,,false,,Ghidra 12.1.3 auto-analysis candidate; boundary unreviewed,library,"Pinned VC7.1 libcmt.lib has 2 matching full 829-byte COFF bodies with at least 24 exact non-relocation bytes; runtime origin is supported, symbol identity remains ambiguous (vc71-static-runtime-family-2026-09-17)."
0x004535BD,48,0x004535EC,__endthreadex,__endthreadex,CRT,excluded,0.00,,,false,,Ghidra 12.1.3 auto-analysis candidate; boundary unreviewed,library,Pinned VC7.1 libcmt.lib member build\intel\mt_obj\threadex.obj symbol __endthreadex: complete 49-byte COFF body matches target across 29 non-relocation bytes. Ledger entry is the 48-byte contiguous fragment; the COFF extent also owns a suffix/shared helper (vc71-static-runtime-extended-body-2026-09-17).
0x004535EE,137,0x00453676,FUN_004535ee,__threadstartex@4,CRT,excluded,0.00,,,false,,Ghidra 12.1.3 auto-analysis candidate; boundary unreviewed,library,Pinned VC7.1 libcmt.lib member build\intel\mt_obj\threadex.obj symbol __threadstartex@4: complete 149-byte COFF body matches target across 97 non-relocation bytes. Ledger entry is the 137-byte contiguous fragment; the COFF extent also owns a suffix/shared helper (vc71-static-runtime-extended-body-2026-09-17).
0x00453683,139,0x0045370D,__beginthreadex,__beginthreadex,CRT,excluded,0.00,,,false,,Ghidra 12.1.3 auto-analysis candidate; boundary unreviewed,library,"Pinned VC7.1 libcmt.lib member build\intel\mt_obj\threadex.obj symbol __beginthreadex: complete 139-byte COFF extent and 107 non-relocation bytes match target; origin only, no source-exact claim (vc71-static-runtime-body-2026-09-17)."
0x0045371B,34,0x0045373C,_rand,_rand,CRT,excluded,0.00,,,false,,Ghidra 12.1.3 auto-analysis candidate; boundary unreviewed,library,"Pinned VC7.1 libcmt.lib member build\intel\mt_obj\rand.obj symbol _rand: complete 34-byte COFF extent and 30 non-relocation bytes match target; origin only, no source-exact claim (vc71-static-runtime-body-2026-09-17)."
0x0045373D,37,0x00453761,__amsg_exit,__amsg_exit,CRT,excluded,0.00,,,false,,Ghidra 12.1.3 auto-analysis candidate; boundary unreviewed,library,Pinned VC7.1 libcmt.lib member build\intel\mt_obj\wincrt0.obj symbol __amsg_exit has a complete same-size body and 21 exact non-relocation bytes; the target function name independently agrees (vc71-static-runtime-named-body-2026-09-17).
0x00453762,36,0x00453785,fast_error_exit,_fast_error_exit,CRT,excluded,0.00,,,false,,Ghidra 12.1.3 auto-analysis candidate; boundary unreviewed,library,Pinned VC7.1 libcmt.lib member build\intel\mt_obj\wincrt0.obj symbol _fast_error_exit has a complete same-size body and 20 exact non-relocation bytes; the target function name independently agrees (vc71-static-runtime-named-body-2026-09-17).
0x004537DC,469,0x004539B0,entry,,CRT,excluded,0.00,,,false,,"Target-local startup sequence initializes VC runtime state, argv/env/heap/threads/IO, obtains WinMain parameters, calls 0x00438AD0 once, then exits through CRT routines",library,Reviewed CRT startup extent 0x004537DC-0x004539B0. Its only application-entry call is 0x00438AD0; the remaining direct callees are Win32 imports and VC runtime support. Excluded from the authored denominator; no claim is made about the exact original CRT source file or library member.
0x004539B1,26,0x004539CA,___heap_select,___heap_select,CRT,excluded,0.00,,,false,,Ghidra 12.1.3 auto-analysis candidate; boundary unreviewed,library,Pinned VC7.1 libcmt.lib member build\intel\mt_obj\heapinit.obj symbol ___heap_select: unique complete 26-byte COFF body with 18 exact non-relocation bytes; short-body provenance is medium confidence (vc71-static-runtime-short-body-2026-09-17).
0x004539CB,81,0x00453A1B,__heap_init,__heap_init,CRT,excluded,0.00,,,false,,Ghidra 12.1.3 auto-analysis candidate; boundary unreviewed,library,"Pinned VC7.1 libcmt.lib member build\intel\mt_obj\heapinit.obj symbol __heap_init: complete 81-byte COFF extent and 53 non-relocation bytes match target; origin only, no source-exact claim (vc71-static-runtime-body-2026-09-17)."
0x00453AA1,73,0x00453AE9,__mtinitlocks,__mtinitlocks,CRT,excluded,0.00,,,false,,Ghidra 12.1.3 auto-analysis candidate; boundary unreviewed,library,"Pinned VC7.1 libcmt.lib member build\intel\mt_obj\mlock.obj symbol __mtinitlocks: complete 73-byte COFF extent and 53 non-relocation bytes match target; origin only, no source-exact claim (vc71-static-runtime-body-2026-09-17)."
0x00453AEA,85,0x00453B3E,__mtdeletelocks,__mtdeletelocks,CRT,excluded,0.00,,,false,,Ghidra 12.1.3 auto-analysis candidate; boundary unreviewed,library,"Pinned VC7.1 libcmt.lib member build\intel\mt_obj\mlock.obj symbol __mtdeletelocks: complete 85-byte COFF extent and 61 non-relocation bytes match target; origin only, no source-exact claim (vc71-static-runtime-body-2026-09-17)."
0x00453B3F,21,0x00453B53,FUN_00453b3f,__unlock,CRT,excluded,0.00,,,false,,Ghidra 12.1.3 auto-analysis candidate; boundary unreviewed,library,Pinned VC7.1 libcmt.lib member build\intel\mt_obj\mlock.obj symbol __unlock: unique complete 21-byte COFF body with 13 exact non-relocation bytes; short-body provenance is medium confidence (vc71-static-runtime-short-body-2026-09-17).
0x00453B6C,151,0x00453C02,__mtinitlocknum,__mtinitlocknum,CRT,excluded,0.00,,,false,,Ghidra 12.1.3 auto-analysis candidate; boundary unreviewed,library,Pinned VC7.1 libcmt.lib member build\intel\mt_obj\mlock.obj symbol __mtinitlocknum: complete 160-byte COFF body matches target across 108 non-relocation bytes. Ledger entry is the 151-byte contiguous fragment; the COFF extent also owns a suffix/shared helper (vc71-static-runtime-extended-body-2026-09-17).
0x00453C03,9,0x00453C0B,FUN_00453c03,,CRT,excluded,0.00,,,false,,Ghidra 12.1.3 auto-analysis candidate; boundary unreviewed,library,Local fragment lies wholly inside pinned VC7.1 libcmt.lib member build\intel\mt_obj\mlock.obj symbol __mtinitlocknum at 0x00453B6C (160 matching COFF bytes); separate authored ownership is not claimed (vc71-static-runtime-contained-fragment-2026-09-17).
0x00453C0C,49,0x00453C3C,__lock,__lock,CRT,excluded,0.00,,,false,,Ghidra 12.1.3 auto-analysis candidate; boundary unreviewed,library,"Pinned VC7.1 libcmt.lib member build\intel\mt_obj\mlock.obj symbol __lock: complete 49-byte COFF extent and 33 non-relocation bytes match target; origin only, no source-exact claim (vc71-static-runtime-body-2026-09-17)."
0x00453C52,72,0x00453C99,___sbh_heap_init,___sbh_heap_init,CRT,excluded,0.00,,,false,,Ghidra 12.1.3 auto-analysis candidate; boundary unreviewed,library,"Pinned VC7.1 libcmt.lib member build\intel\mt_obj\sbheap.obj symbol ___sbh_heap_init: complete 72-byte COFF extent and 40 non-relocation bytes match target; origin only, no source-exact claim (vc71-static-runtime-body-2026-09-17)."
0x00453C9A,43,0x00453CC4,___sbh_find_block,___sbh_find_block,CRT,excluded,0.00,,,false,,Ghidra 12.1.3 auto-analysis candidate; boundary unreviewed,library,"Pinned VC7.1 libcmt.lib member build\intel\mt_obj\sbheap.obj symbol ___sbh_find_block: complete 43-byte COFF extent and 35 non-relocation bytes match target; origin only, no source-exact claim (vc71-static-runtime-body-2026-09-17)."
0x00453CC5,792,0x00453FDC,___sbh_free_block,___sbh_free_block,CRT,excluded,0.00,,,false,,Ghidra 12.1.3 auto-analysis candidate; boundary unreviewed,library,"Pinned VC7.1 libcmt.lib member build\intel\mt_obj\sbheap.obj symbol ___sbh_free_block: complete 792-byte COFF extent and 700 non-relocation bytes match target; origin only, no source-exact claim (vc71-static-runtime-body-2026-09-17)."
0x00453FDD,183,0x00454093,___sbh_alloc_new_region,___sbh_alloc_new_region,CRT,excluded,0.00,,,false,,Ghidra 12.1.3 auto-analysis candidate; boundary unreviewed,library,"Pinned VC7.1 libcmt.lib member build\intel\mt_obj\sbheap.obj symbol ___sbh_alloc_new_region: complete 183-byte COFF extent and 123 non-relocation bytes match target; origin only, no source-exact claim (vc71-static-runtime-body-2026-09-17)."
0x00454094,262,0x00454199,___sbh_alloc_new_group,___sbh_alloc_new_group,CRT,excluded,0.00,,,false,,Ghidra 12.1.3 auto-analysis candidate; boundary unreviewed,library,"Pinned VC7.1 libcmt.lib member build\intel\mt_obj\sbheap.obj symbol ___sbh_alloc_new_group: complete 262-byte COFF extent and 258 non-relocation bytes match target; origin only, no source-exact claim (vc71-static-runtime-body-2026-09-17)."
0x0045419A,735,0x00454478,___sbh_resize_block,___sbh_resize_block,CRT,excluded,0.00,,,false,,Ghidra 12.1.3 auto-analysis candidate; boundary unreviewed,library,"Pinned VC7.1 libcmt.lib member build\intel\mt_obj\sbheap.obj symbol ___sbh_resize_block: complete 735-byte COFF extent and 735 non-relocation bytes match target; origin only, no source-exact claim (vc71-static-runtime-body-2026-09-17)."
0x0045454A,793,0x00454862,___sbh_heap_check,___sbh_heap_check,CRT,excluded,0.00,,,false,,Ghidra 12.1.3 auto-analysis candidate; boundary unreviewed,library,"Pinned VC7.1 libcmt.lib member build\intel\mt_obj\sbheap.obj symbol ___sbh_heap_check: complete 793-byte COFF extent and 761 non-relocation bytes match target; origin only, no source-exact claim (vc71-static-runtime-body-2026-09-17)."
0x004548BE,764,0x00454BB9,___sbh_alloc_block,___sbh_alloc_block,CRT,excluded,0.00,,,false,,Ghidra 12.1.3 auto-analysis candidate; boundary unreviewed,library,"Pinned VC7.1 libcmt.lib member build\intel\mt_obj\sbheap.obj symbol ___sbh_alloc_block: complete 764-byte COFF extent and 728 non-relocation bytes match target; origin only, no source-exact claim (vc71-static-runtime-body-2026-09-17)."
0x00454BBC,59,0x00454BF6,__SEH_prolog,__SEH_prolog,CRT,excluded,0.00,,,false,,Ghidra 12.1.3 auto-analysis candidate; boundary unreviewed,library,"Pinned VC7.1 libcmt.lib member build\intel\mt_obj\sehprolg.obj symbol __SEH_prolog: complete 59-byte COFF extent and 55 non-relocation bytes match target; origin only, no source-exact claim (vc71-static-runtime-body-2026-09-17)."
0x00454BF7,17,0x00454C07,__SEH_epilog,__SEH_epilog,CRT,excluded,0.00,,,false,,Ghidra 12.1.3 auto-analysis candidate; boundary unreviewed,library,Pinned VC7.1 libcmt.lib member build\intel\mt_obj\sehprolg.obj symbol __SEH_epilog: unique complete 17-byte COFF body with 17 exact non-relocation bytes; short-body provenance is medium confidence (vc71-static-runtime-short-body-2026-09-17).
0x00454CF6,27,0x00454D10,FUN_00454cf6,__seh_longjmp_unwind@4,CRT,excluded,0.00,,,false,,Ghidra 12.1.3 auto-analysis candidate; boundary unreviewed,library,Pinned VC7.1 libcmt.lib member build\intel\mt_obj\exsup3.obj symbol __seh_longjmp_unwind@4: unique complete 27-byte COFF body with 23 exact non-relocation bytes; short-body provenance is medium confidence (vc71-static-runtime-short-body-2026-09-17).
0x00454D11,281,0x00454E29,__flsbuf,__flsbuf,CRT,excluded,0.00,,,false,,Ghidra 12.1.3 auto-analysis candidate; boundary unreviewed,library,"Pinned VC7.1 libcmt.lib member build\intel\mt_obj\_flsbuf.obj symbol __flsbuf: complete 281-byte COFF extent and 245 non-relocation bytes match target; origin only, no source-exact claim (vc71-static-runtime-body-2026-09-17)."
0x00454E2A,51,0x00454E5C,write_char,_write_char,CRT,excluded,0.00,,,false,,Ghidra 12.1.3 auto-analysis candidate; boundary unreviewed,library,"Pinned VC7.1 libcmt.lib member build\intel\mt_obj\output.obj symbol _write_char: complete 51-byte COFF extent and 47 non-relocation bytes match target; origin only, no source-exact claim (vc71-static-runtime-body-2026-09-17)."
0x00454E5D,36,0x00454E80,write_multi_char,_write_multi_char,CRT,excluded,0.00,,,false,,Ghidra 12.1.3 auto-analysis candidate; boundary unreviewed,library,"Pinned VC7.1 libcmt.lib member build\intel\mt_obj\output.obj symbol _write_multi_char: complete 36-byte COFF extent and 32 non-relocation bytes match target; origin only, no source-exact claim (vc71-static-runtime-body-2026-09-17)."
0x00454E81,55,0x00454EB7,write_string,_write_string,CRT,excluded,0.00,,,false,,Ghidra 12.1.3 auto-analysis candidate; boundary unreviewed,library,"Pinned VC7.1 libcmt.lib member build\intel\mt_obj\output.obj symbol _write_string: complete 55-byte COFF extent and 51 non-relocation bytes match target; origin only, no source-exact claim (vc71-static-runtime-body-2026-09-17)."
0x00454ED7,1946,0x00455670,FUN_00454ed7,__output,CRT,excluded,0.00,,,false,,Ghidra 12.1.3 auto-analysis candidate; boundary unreviewed,library,Pinned VC7.1 libcmt.lib member build\intel\mt_obj\output.obj symbol __output: complete 1980-byte COFF body matches target across 1844 non-relocation bytes. Ledger entry is the 1946-byte contiguous fragment; the COFF extent also owns a suffix/shared helper (vc71-static-runtime-extended-body-2026-09-17).
0x00455693,53,0x004556C7,terminate,?terminate@@YAXXZ,CRT,excluded,0.00,,,false,,Ghidra 12.1.3 auto-analysis candidate; boundary unreviewed,library,"Pinned VC7.1 libcmt.lib member ..\build\intel\mt_obj\hooks.obj symbol ?terminate@@YAXXZ: complete 53-byte COFF extent and 33 non-relocation bytes match target; origin only, no source-exact claim (vc71-static-runtime-body-2026-09-17)."
0x004556E0,45,0x0045570C,_inconsistency,?_inconsistency@@YAXXZ,CRT,excluded,0.00,,,false,,Ghidra 12.1.3 auto-analysis candidate; boundary unreviewed,library,"Pinned VC7.1 libcmt.lib member ..\build\intel\mt_obj\hooks.obj symbol ?_inconsistency@@YAXXZ: complete 45-byte COFF extent and 29 non-relocation bytes match target; origin only, no source-exact claim (vc71-static-runtime-body-2026-09-17)."
0x00455737,27,0x00455751,__callnewh,__callnewh,CRT,excluded,0.00,,,false,,Ghidra 12.1.3 auto-analysis candidate; boundary unreviewed,library,Pinned VC7.1 libcmt.lib member build\intel\mt_obj\handler.obj symbol __callnewh: unique complete 27-byte COFF body with 23 exact non-relocation bytes; short-body provenance is medium confidence (vc71-static-runtime-short-body-2026-09-17).
0x00455752,119,0x004557C8,___isctype_mt,___isctype_mt,CRT,excluded,0.00,,,false,,Ghidra 12.1.3 auto-analysis candidate; boundary unreviewed,library,"Pinned VC7.1 libcmt.lib member build\intel\mt_obj\isctype.obj symbol ___isctype_mt: complete 119-byte COFF extent and 115 non-relocation bytes match target; origin only, no source-exact claim (vc71-static-runtime-body-2026-09-17)."
0x004557FC,208,0x004558CB,___freetlocinfo,___freetlocinfo,CRT,excluded,0.00,,,false,,Ghidra 12.1.3 auto-analysis candidate; boundary unreviewed,library,"Pinned VC7.1 libcmt.lib member build\intel\mt_obj\setlocal.obj symbol ___freetlocinfo: complete 208-byte COFF extent and 144 non-relocation bytes match target; origin only, no source-exact claim (vc71-static-runtime-body-2026-09-17)."
0x004558CC,193,0x0045598C,___updatetlocinfo_lk,___updatetlocinfo_lk,CRT,excluded,0.00,,,false,,Ghidra 12.1.3 auto-analysis candidate; boundary unreviewed,library,"Pinned VC7.1 libcmt.lib member build\intel\mt_obj\setlocal.obj symbol ___updatetlocinfo_lk: complete 193-byte COFF extent and 149 non-relocation bytes match target; origin only, no source-exact claim (vc71-static-runtime-body-2026-09-17)."
0x00455990,36,0x004559B3,FUN_00455990,__strcats,CRT,excluded,0.00,,,false,,Ghidra 12.1.3 auto-analysis candidate; boundary unreviewed,library,"Pinned VC7.1 libcmt.lib member build\intel\mt_obj\setlocal.obj symbol __strcats: complete 36-byte COFF extent and 32 non-relocation bytes match target; origin only, no source-exact claim (vc71-static-runtime-body-2026-09-17)."
0x004559B4,220,0x00455A8F,___lc_strtolc,___lc_strtolc,CRT,excluded,0.00,,,false,,Ghidra 12.1.3 auto-analysis candidate; boundary unreviewed,library,"Pinned VC7.1 libcmt.lib member build\intel\mt_obj\setlocal.obj symbol ___lc_strtolc: complete 220-byte COFF extent and 200 non-relocation bytes match target; origin only, no source-exact claim (vc71-static-runtime-body-2026-09-17)."
0x00455A90,78,0x00455ADD,FUN_00455a90,___lc_lctostr,CRT,excluded,0.00,,,false,,Ghidra 12.1.3 auto-analysis candidate; boundary unreviewed,library,"Pinned VC7.1 libcmt.lib member build\intel\mt_obj\setlocal.obj symbol ___lc_lctostr: complete 78-byte COFF extent and 58 non-relocation bytes match target; origin only, no source-exact claim (vc71-static-runtime-body-2026-09-17)."
0x00455ADE,50,0x00455B0F,___updatetlocinfo,___updatetlocinfo,CRT,excluded,0.00,,,false,,Ghidra 12.1.3 auto-analysis candidate; boundary unreviewed,library,Pinned VC7.1 libcmt.lib member build\intel\mt_obj\setlocal.obj symbol ___updatetlocinfo: complete 59-byte COFF body matches target across 35 non-relocation bytes. Ledger entry is the 50-byte contiguous fragment; the COFF extent also owns a suffix/shared helper (vc71-static-runtime-extended-body-2026-09-17).
0x00455B10,9,0x00455B18,FUN_00455b10,,CRT,excluded,0.00,,,false,,Ghidra 12.1.3 auto-analysis candidate; boundary unreviewed,library,Local fragment lies wholly inside pinned VC7.1 libcmt.lib member build\intel\mt_obj\setlocal.obj symbol ___updatetlocinfo at 0x00455ADE (59 matching COFF bytes); separate authored ownership is not claimed (vc71-static-runtime-contained-fragment-2026-09-17).
0x0045631E,9,0x00456326,FUN_0045631e,,CRT,excluded,0.00,,,false,,Ghidra 12.1.3 auto-analysis candidate; boundary unreviewed,library,Target CRT TLS allocation wrapper is registered or consumed only by reviewed CRT runtime code (target-vc71-runtime-callback-helper-2026-09-17). Exact object provenance remains unknown.
0x00456327,29,0x00456343,__mtterm,__mtterm,CRT,excluded,0.00,,,false,,Ghidra 12.1.3 auto-analysis candidate; boundary unreviewed,library,Pinned VC7.1 libcmt.lib member build\intel\mt_obj\tidtable.obj symbol __mtterm: unique complete 29-byte COFF body with 13 exact non-relocation bytes; short-body provenance is medium confidence (vc71-static-runtime-short-body-2026-09-17).
0x00456344,19,0x00456356,__initptd,__initptd,CRT,excluded,0.00,,,false,,Ghidra 12.1.3 auto-analysis candidate; boundary unreviewed,library,Pinned VC7.1 libcmt.lib member build\intel\mt_obj\tidtable.obj symbol __initptd: unique complete 19-byte COFF body with 15 exact non-relocation bytes; short-body provenance is medium confidence (vc71-static-runtime-short-body-2026-09-17).
0x00456357,113,0x004563C7,__getptd,__getptd,CRT,excluded,0.00,,,false,,Ghidra 12.1.3 auto-analysis candidate; boundary unreviewed,library,"Pinned VC7.1 libcmt.lib member build\intel\mt_obj\tidtable.obj symbol __getptd: complete 113-byte COFF extent and 73 non-relocation bytes match target; origin only, no source-exact claim (vc71-static-runtime-body-2026-09-17)."
0x004563C8,301,0x004564F4,__freefls@4,__freefls@4,CRT,excluded,0.00,,,false,,Ghidra 12.1.3 auto-analysis candidate; boundary unreviewed,library,Pinned VC7.1 libcmt.lib member build\intel\mt_obj\tidtable.obj symbol __freefls@4: complete 327-byte COFF body matches target across 243 non-relocation bytes. Ledger entry is the 301-byte contiguous fragment; the COFF extent also owns a suffix/shared helper (vc71-static-runtime-extended-body-2026-09-17).
0x004564FA,9,0x00456502,FUN_004564fa,,CRT,excluded,0.00,,,false,,Ghidra 12.1.3 auto-analysis candidate; boundary unreviewed,library,Local fragment lies wholly inside pinned VC7.1 libcmt.lib member build\intel\mt_obj\tidtable.obj symbol __freefls@4 at 0x004563C8 (327 matching COFF bytes); separate authored ownership is not claimed (vc71-static-runtime-contained-fragment-2026-09-17).
0x00456506,9,0x0045650E,FUN_00456506,,CRT,excluded,0.00,,,false,,Ghidra 12.1.3 auto-analysis candidate; boundary unreviewed,library,Local fragment lies wholly inside pinned VC7.1 libcmt.lib member build\intel\mt_obj\tidtable.obj symbol __freefls@4 at 0x004563C8 (327 matching COFF bytes); separate authored ownership is not claimed (vc71-static-runtime-contained-fragment-2026-09-17).
0x0045650F,47,0x0045653D,__freeptd,__freeptd,CRT,excluded,0.00,,,false,,Ghidra 12.1.3 auto-analysis candidate; boundary unreviewed,library,"Pinned VC7.1 libcmt.lib member build\intel\mt_obj\tidtable.obj symbol __freeptd: complete 47-byte COFF extent and 27 non-relocation bytes match target; origin only, no source-exact claim (vc71-static-runtime-body-2026-09-17)."
0x0045654A,239,0x00456638,__mtinit,__mtinit,CRT,excluded,0.00,,,false,,Ghidra 12.1.3 auto-analysis candidate; boundary unreviewed,library,"Pinned VC7.1 libcmt.lib member build\intel\mt_obj\tidtable.obj symbol __mtinit: complete 239-byte COFF extent and 115 non-relocation bytes match target; origin only, no source-exact claim (vc71-static-runtime-body-2026-09-17)."
0x00456640,52,0x00456673,__allmul,__allmul,CRT,excluded,0.00,,,false,,Ghidra 12.1.3 auto-analysis candidate; boundary unreviewed,library,"Pinned VC7.1 libcmt.lib member build\intel\mt_obj\llmul.obj symbol __allmul: complete 52-byte COFF extent and 52 non-relocation bytes match target; origin only, no source-exact claim (vc71-static-runtime-body-2026-09-17)."
0x00456674,161,0x00456714,FUN_00456674,__fltin2,CRT,excluded,0.00,,,false,,Ghidra 12.1.3 auto-analysis candidate; boundary unreviewed,library,"Pinned VC7.1 libcmt.lib member ..\build\intel\mt_obj\cfin.obj symbol __fltin2: complete 161-byte COFF extent and 145 non-relocation bytes match target; origin only, no source-exact claim (vc71-static-runtime-body-2026-09-17)."
0x00456720,139,0x004567AA,_strlen,_strlen,CRT,excluded,0.00,,,false,,Ghidra 12.1.3 auto-analysis candidate; boundary unreviewed,library,"Pinned VC7.1 libcmt.lib member build\intel\mt_obj\strlen.obj symbol _strlen: complete 139-byte COFF extent and 139 non-relocation bytes match target; origin only, no source-exact claim (vc71-static-runtime-body-2026-09-17)."
0x0045685E,58,0x00456897,_isdigit,_isdigit,CRT,excluded,0.00,,,false,,Ghidra 12.1.3 auto-analysis candidate; boundary unreviewed,library,"Pinned VC7.1 libcmt.lib member build\intel\mt_obj\_ctype.obj symbol _isdigit: complete 58-byte COFF extent and 42 non-relocation bytes match target; origin only, no source-exact claim (vc71-static-runtime-body-2026-09-17)."
0x00456898,63,0x004568D6,_isxdigit,_isxdigit,CRT,excluded,0.00,,,false,,Ghidra 12.1.3 auto-analysis candidate; boundary unreviewed,library,"Pinned VC7.1 libcmt.lib member build\intel\mt_obj\_ctype.obj symbol _isxdigit: complete 63-byte COFF extent and 47 non-relocation bytes match target; origin only, no source-exact claim (vc71-static-runtime-body-2026-09-17)."
0x004568D7,58,0x00456910,_isspace,_isspace,CRT,excluded,0.00,,,false,,Ghidra 12.1.3 auto-analysis candidate; boundary unreviewed,library,"Pinned VC7.1 libcmt.lib member build\intel\mt_obj\_ctype.obj symbol _isspace: complete 58-byte COFF extent and 42 non-relocation bytes match target; origin only, no source-exact claim (vc71-static-runtime-body-2026-09-17)."
0x00456A8B,1,0x00456A8B,FUN_00456a8b,,CRT,excluded,0.00,,,false,,Ghidra 12.1.3 auto-analysis candidate; boundary unreviewed,library,Target default no-op thread callback is registered or consumed only by reviewed CRT runtime code (target-vc71-runtime-callback-helper-2026-09-17). Exact object provenance remains unknown.
0x00456A8C,56,0x00456AC3,FUN_00456a8c,,CRT,excluded,0.00,,,false,,Ghidra 12.1.3 auto-analysis candidate; boundary unreviewed,library,Target runtime behavior review: CRT floating-conversion function pointer initialization (target-vc71-runtime-special-2026-09-17). No exact CRT object identity claimed.
0x00456AD4,30,0x00456AF1,__fpmath,__fpmath,CRT,excluded,0.00,,,false,,Ghidra 12.1.3 auto-analysis candidate; boundary unreviewed,library,Pinned VC7.1 libcmt.lib member ..\build\intel\mt_obj\fpinit.obj symbol __fpmath: unique complete 30-byte COFF body with 14 exact non-relocation bytes; short-body provenance is medium confidence (vc71-static-runtime-short-body-2026-09-17).
0x00456AF2,9,0x00456AFA,FUN_00456af2,,CRT,excluded,0.00,,,false,,Ghidra 12.1.3 auto-analysis candidate; boundary unreviewed,library,Complete thin runtime wrapper directly transfers to reviewed CRT 0x00456357; errno accesses the runtime thread record (target-vc71-runtime-wrapper-2026-09-17). No exact source identity claimed.
0x00456AFB,9,0x00456B03,FUN_00456afb,,CRT,excluded,0.00,,,false,,Ghidra 12.1.3 auto-analysis candidate; boundary unreviewed,library,Complete thin runtime wrapper directly transfers to reviewed CRT 0x00456357; doserrno accesses the runtime thread record (target-vc71-runtime-wrapper-2026-09-17). No exact source identity claimed.
0x00456B04,115,0x00456B76,__dosmaperr,__dosmaperr,CRT,excluded,0.00,,,false,,Ghidra 12.1.3 auto-analysis candidate; boundary unreviewed,library,"Pinned VC7.1 libcmt.lib member build\intel\mt_obj\dosmap.obj symbol __dosmaperr: complete 115-byte COFF extent and 87 non-relocation bytes match target; origin only, no source-exact claim (vc71-static-runtime-body-2026-09-17)."
0x00456B80,104,0x00456BE7,__aulldiv,__aulldiv,CRT,excluded,0.00,,,false,,Ghidra 12.1.3 auto-analysis candidate; boundary unreviewed,library,"Pinned VC7.1 libcmt.lib member build\intel\mt_obj\ulldiv.obj symbol __aulldiv: complete 104-byte COFF extent and 104 non-relocation bytes match target; origin only, no source-exact claim (vc71-static-runtime-body-2026-09-17)."
0x00456BE8,680,0x00456E8F,__tzset_lk,__tzset_lk,CRT,excluded,0.00,,,false,,Ghidra 12.1.3 auto-analysis candidate; boundary unreviewed,library,"Pinned VC7.1 libcmt.lib member build\intel\mt_obj\tzset.obj symbol __tzset_lk: complete 680-byte COFF extent and 432 non-relocation bytes match target; origin only, no source-exact claim (vc71-static-runtime-body-2026-09-17)."
0x00456E03,9,0x00456E0B,FUN_00456e03,,CRT,excluded,0.00,,,false,,Ghidra 12.1.3 auto-analysis candidate; boundary unreviewed,library,Local fragment lies wholly inside pinned VC7.1 libcmt.lib member build\intel\mt_obj\tzset.obj symbol __tzset_lk at 0x00456BE8 (680 matching COFF bytes); separate authored ownership is not claimed (vc71-static-runtime-contained-fragment-2026-09-17).
0x00456E90,440,0x00457047,cvtdate,_cvtdate,CRT,excluded,0.00,,,false,,Ghidra 12.1.3 auto-analysis candidate; boundary unreviewed,library,"Pinned VC7.1 libcmt.lib member build\intel\mt_obj\tzset.obj symbol _cvtdate: complete 440-byte COFF extent and 380 non-relocation bytes match target; origin only, no source-exact claim (vc71-static-runtime-body-2026-09-17)."
0x00457048,391,0x004571CE,__isindst_lk,__isindst_lk,CRT,excluded,0.00,,,false,,Ghidra 12.1.3 auto-analysis candidate; boundary unreviewed,library,"Pinned VC7.1 libcmt.lib member build\intel\mt_obj\tzset.obj symbol __isindst_lk: complete 391-byte COFF extent and 271 non-relocation bytes match target; origin only, no source-exact claim (vc71-static-runtime-body-2026-09-17)."
0x004571CF,67,0x00457211,___tzset,___tzset,CRT,excluded,0.00,,,false,,Ghidra 12.1.3 auto-analysis candidate; boundary unreviewed,library,Pinned VC7.1 libcmt.lib member build\intel\mt_obj\tzset.obj symbol ___tzset: complete 76-byte COFF body matches target across 40 non-relocation bytes. Ledger entry is the 67-byte contiguous fragment; the COFF extent also owns a suffix/shared helper (vc71-static-runtime-extended-body-2026-09-17).
0x00457212,9,0x0045721A,FUN_00457212,,CRT,excluded,0.00,,,false,,Ghidra 12.1.3 auto-analysis candidate; boundary unreviewed,library,Local fragment lies wholly inside pinned VC7.1 libcmt.lib member build\intel\mt_obj\tzset.obj symbol ___tzset at 0x004571CF (76 matching COFF bytes); separate authored ownership is not claimed (vc71-static-runtime-contained-fragment-2026-09-17).
0x00457250,53,0x00457284,__isindst,__isindst,CRT,excluded,0.00,,,false,,Ghidra 12.1.3 auto-analysis candidate; boundary unreviewed,library,Pinned VC7.1 libcmt.lib member build\intel\mt_obj\tzset.obj symbol __isindst: complete 62-byte COFF body matches target across 38 non-relocation bytes. Ledger entry is the 53-byte contiguous fragment; the COFF extent also owns a suffix/shared helper (vc71-static-runtime-extended-body-2026-09-17).
0x00457285,9,0x0045728D,FUN_00457285,,CRT,excluded,0.00,,,false,,Ghidra 12.1.3 auto-analysis candidate; boundary unreviewed,library,Local fragment lies wholly inside pinned VC7.1 libcmt.lib member build\intel\mt_obj\tzset.obj symbol __isindst at 0x00457250 (62 matching COFF bytes); separate authored ownership is not claimed (vc71-static-runtime-contained-fragment-2026-09-17).
0x0045728E,263,0x00457394,_gmtime,_gmtime,CRT,excluded,0.00,,,false,,Ghidra 12.1.3 auto-analysis candidate; boundary unreviewed,library,"Pinned VC7.1 libcmt.lib member build\intel\mt_obj\gmtime.obj symbol _gmtime: complete 263-byte COFF extent and 243 non-relocation bytes match target; origin only, no source-exact claim (vc71-static-runtime-body-2026-09-17)."
0x00457395,434,0x00457546,FUN_00457395,_realloc,CRT,excluded,0.00,,,false,,Ghidra 12.1.3 auto-analysis candidate; boundary unreviewed,library,"Pinned VC7.1 libcmt.lib member build\intel\mt_obj\realloc.obj symbol _realloc: complete 434-byte COFF extent and 322 non-relocation bytes match target; origin only, no source-exact claim (vc71-static-runtime-body-2026-09-17)."
0x004574FD,9,0x00457505,FUN_004574fd,,CRT,excluded,0.00,,,false,,Ghidra 12.1.3 auto-analysis candidate; boundary unreviewed,library,Local fragment lies wholly inside pinned VC7.1 libcmt.lib member build\intel\mt_obj\realloc.obj symbol _realloc at 0x00457395 (434 matching COFF bytes); separate authored ownership is not claimed (vc71-static-runtime-contained-fragment-2026-09-17).
0x00457547,47,0x00457575,___crtExitProcess,___crtExitProcess,CRT,excluded,0.00,,,false,,Ghidra 12.1.3 auto-analysis candidate; boundary unreviewed,library,Pinned VC7.1 libcmt.lib member build\intel\mt_obj\crt0dat.obj symbol ___crtExitProcess: complete 48-byte COFF body matches target across 28 non-relocation bytes. Ledger entry is the 47-byte contiguous fragment; the COFF extent also owns a suffix/shared helper (vc71-static-runtime-extended-body-2026-09-17).
0x00457577,9,0x0045757F,FUN_00457577,,CRT,excluded,0.00,,,false,,Ghidra 12.1.3 auto-analysis candidate; boundary unreviewed,library,Complete thin runtime wrapper directly transfers to reviewed CRT 0x00453C0C; lockexit locks CRT slot eight (target-vc71-runtime-wrapper-2026-09-17). No exact source identity claimed.
0x00457580,9,0x00457588,FUN_00457580,,CRT,excluded,0.00,,,false,,Ghidra 12.1.3 auto-analysis candidate; boundary unreviewed,library,Complete thin runtime wrapper directly transfers to reviewed CRT 0x00453B3F; unlockexit unlocks CRT slot eight (target-vc71-runtime-wrapper-2026-09-17). No exact source identity claimed.
0x00457589,24,0x004575A0,__initterm,__initterm,CRT,excluded,0.00,,,false,,Ghidra 12.1.3 auto-analysis candidate; boundary unreviewed,library,Pinned VC7.1 libcmt.lib member build\intel\mt_obj\crt0dat.obj symbol __initterm: unique complete 24-byte COFF body with 24 exact non-relocation bytes; short-body provenance is medium confidence (vc71-static-runtime-short-body-2026-09-17).
0x004575BF,106,0x00457628,__cinit,__cinit,CRT,excluded,0.00,,,false,,Ghidra 12.1.3 auto-analysis candidate; boundary unreviewed,library,"Pinned VC7.1 libcmt.lib member build\intel\mt_obj\crt0dat.obj symbol __cinit: complete 106-byte COFF extent and 78 non-relocation bytes match target; origin only, no source-exact claim (vc71-static-runtime-body-2026-09-17)."
0x00457629,195,0x004576EB,doexit,_doexit,CRT,excluded,0.00,,,false,,Ghidra 12.1.3 auto-analysis candidate; boundary unreviewed,library,"Pinned VC7.1 libcmt.lib member build\intel\mt_obj\crt0dat.obj symbol _doexit: complete 195-byte COFF extent and 107 non-relocation bytes match target; origin only, no source-exact claim (vc71-static-runtime-body-2026-09-17)."
0x004576D8,14,0x004576E5,FUN_004576d8,,CRT,excluded,0.00,,,false,,Ghidra 12.1.3 auto-analysis candidate; boundary unreviewed,library,Local fragment lies wholly inside pinned VC7.1 libcmt.lib member build\intel\mt_obj\crt0dat.obj symbol _doexit at 0x00457629 (195 matching COFF bytes); separate authored ownership is not claimed (vc71-static-runtime-contained-fragment-2026-09-17).
0x004576EC,17,0x004576FC,_exit,_exit,CRT,excluded,0.00,,,false,,Ghidra 12.1.3 auto-analysis candidate; boundary unreviewed,library,Pinned VC7.1 libcmt.lib member build\intel\mt_obj\crt0dat.obj symbol _exit: unique complete 17-byte COFF body with 13 exact non-relocation bytes; short-body provenance is medium confidence (vc71-static-runtime-short-body-2026-09-17).
0x004576FD,17,0x0045770D,__exit,__exit,CRT,excluded,0.00,,,false,,Ghidra 12.1.3 auto-analysis candidate; boundary unreviewed,library,Pinned VC7.1 libcmt.lib member build\intel\mt_obj\crt0dat.obj symbol __exit: unique complete 17-byte COFF body with 13 exact non-relocation bytes; short-body provenance is medium confidence (vc71-static-runtime-short-body-2026-09-17).
0x0045770E,15,0x0045771C,__cexit,,CRT,excluded,0.00,,,false,,Ghidra 12.1.3 auto-analysis candidate; boundary unreviewed,library,Complete thin runtime wrapper directly transfers to reviewed CRT 0x00457629; cexit invokes runtime exit cleanup (target-vc71-runtime-wrapper-2026-09-17). No exact source identity claimed.
0x0045772C,106,0x00457795,__msize,__msize,CRT,excluded,0.00,,,false,,Ghidra 12.1.3 auto-analysis candidate; boundary unreviewed,library,Pinned VC7.1 libcmt.lib member build\intel\mt_obj\msize.obj symbol __msize: complete 118-byte COFF body matches target across 82 non-relocation bytes. Ledger entry is the 106-byte contiguous fragment; the COFF extent also owns a suffix/shared helper (vc71-static-runtime-extended-body-2026-09-17).
0x00457799,9,0x004577A1,FUN_00457799,,CRT,excluded,0.00,,,false,,Ghidra 12.1.3 auto-analysis candidate; boundary unreviewed,library,Local fragment lies wholly inside pinned VC7.1 libcmt.lib member build\intel\mt_obj\msize.obj symbol __msize at 0x0045772C (118 matching COFF bytes); separate authored ownership is not claimed (vc71-static-runtime-contained-fragment-2026-09-17).
0x004577CE,356,0x00457931,__XcptFilter,__XcptFilter,CRT,excluded,0.00,,,false,,Ghidra 12.1.3 auto-analysis candidate; boundary unreviewed,library,"Pinned VC7.1 libcmt.lib member build\intel\mt_obj\winxfltr.obj symbol __XcptFilter: complete 356-byte COFF extent and 328 non-relocation bytes match target; origin only, no source-exact claim (vc71-static-runtime-body-2026-09-17)."
0x0045794D,215,0x00457A23,FUN_0045794d,_calloc,CRT,excluded,0.00,,,false,,Ghidra 12.1.3 auto-analysis candidate; boundary unreviewed,library,"Pinned VC7.1 libcmt.lib member build\intel\mt_obj\calloc.obj symbol _calloc: complete 215-byte COFF extent and 163 non-relocation bytes match target; origin only, no source-exact claim (vc71-static-runtime-body-2026-09-17)."
0x00457A13,9,0x00457A1B,FUN_00457a13,,CRT,excluded,0.00,,,false,,Ghidra 12.1.3 auto-analysis candidate; boundary unreviewed,library,Local fragment lies wholly inside pinned VC7.1 libcmt.lib member build\intel\mt_obj\calloc.obj symbol _calloc at 0x0045794D (215 matching COFF bytes); separate authored ownership is not claimed (vc71-static-runtime-contained-fragment-2026-09-17).
0x00457A3C,22,0x00457A51,__inc,__inc,CRT,excluded,0.00,,,false,,Ghidra 12.1.3 auto-analysis candidate; boundary unreviewed,library,Pinned VC7.1 libcmt.lib member build\intel\mt_obj\input.obj symbol __inc: unique complete 22-byte COFF body with 18 exact non-relocation bytes; short-body provenance is medium confidence (vc71-static-runtime-short-body-2026-09-17).
0x00457A7C,3627,0x004588A6,FUN_00457a7c,__input,CRT,excluded,0.00,,,false,,Ghidra 12.1.3 auto-analysis candidate; boundary unreviewed,library,"Pinned VC7.1 libcmt.lib member build\intel\mt_obj\input.obj symbol __input: complete 3627-byte COFF extent and 3387 non-relocation bytes match target; origin only, no source-exact claim (vc71-static-runtime-body-2026-09-17)."
0x004588A7,631,0x00458B1D,FUN_004588a7,___libm_error_support,CRT,excluded,0.00,,,false,,Ghidra 12.1.3 auto-analysis candidate; boundary unreviewed,library,"Pinned VC7.1 libcmt.lib member ..\build\intel\mt_obj\libm_error.obj symbol ___libm_error_support: complete 631-byte COFF extent and 519 non-relocation bytes match target; origin only, no source-exact claim (vc71-static-runtime-body-2026-09-17)."
0x00458B1E,53,0x00458B52,FUN_00458b1e,_has_osfxsr_set,CRT,excluded,0.00,,,false,,Ghidra 12.1.3 auto-analysis candidate; boundary unreviewed,library,"Pinned VC7.1 libcmt.lib member ..\build\intel\mt_obj\cpu_disp.obj symbol _has_osfxsr_set: complete 53-byte COFF extent and 41 non-relocation bytes match target; origin only, no source-exact claim (vc71-static-runtime-body-2026-09-17)."
0x00458B53,210,0x00458C24,FUN_00458b53,___sse2_available_init,CRT,excluded,0.00,,,false,,Ghidra 12.1.3 auto-analysis candidate; boundary unreviewed,library,"Pinned VC7.1 libcmt.lib member ..\build\intel\mt_obj\cpu_disp.obj symbol ___sse2_available_init: complete 210-byte COFF extent and 174 non-relocation bytes match target; origin only, no source-exact claim (vc71-static-runtime-body-2026-09-17)."
0x00458C39,211,0x00458D0B,__floor_default,__floor_default,CRT,excluded,0.00,,,false,,Ghidra 12.1.3 auto-analysis candidate; boundary unreviewed,library,"Pinned VC7.1 libcmt.lib member ..\build\intel\mt_obj\floor.obj symbol __floor_default: complete 211-byte COFF extent and 175 non-relocation bytes match target; origin only, no source-exact claim (vc71-static-runtime-body-2026-09-17)."
0x00458D0C,133,0x00458D90,__mbctoupper,__mbctoupper,CRT,excluded,0.00,,,false,,Ghidra 12.1.3 auto-analysis candidate; boundary unreviewed,library,"Pinned VC7.1 libcmt.lib member build\intel\mt_obj\mbtoupr.obj symbol __mbctoupper: complete 133-byte COFF extent and 117 non-relocation bytes match target; origin only, no source-exact claim (vc71-static-runtime-body-2026-09-17)."
0x00458D91,227,0x00458E73,__resetstkoflw,__resetstkoflw,CRT,excluded,0.00,,,false,,Ghidra 12.1.3 auto-analysis candidate; boundary unreviewed,library,"Pinned VC7.1 libcmt.lib member build\intel\mt_obj\resetstk.obj symbol __resetstkoflw: complete 227-byte COFF extent and 195 non-relocation bytes match target; origin only, no source-exact claim (vc71-static-runtime-body-2026-09-17)."
0x00458E74,48,0x00458EA3,report_failure,_report_failure,CRT,excluded,0.00,,,false,,Ghidra 12.1.3 auto-analysis candidate; boundary unreviewed,library,Pinned VC7.1 libcmt.lib member build\intel\mt_obj\secchk.obj symbol _report_failure: complete 49-byte COFF body matches target across 33 non-relocation bytes. Ledger entry is the 48-byte contiguous fragment; the COFF extent also owns a suffix/shared helper (vc71-static-runtime-extended-body-2026-09-17).
0x00458EA5,14,0x00458EB2,__security_check_cookie,,CRT,excluded,0.00,,,false,,Ghidra 12.1.3 auto-analysis candidate; boundary unreviewed,library,Complete thin runtime wrapper directly transfers to reviewed CRT 0x00458E74; security cookie check invokes CRT failure path (target-vc71-runtime-wrapper-2026-09-17). No exact source identity claimed.
0x00458EC0,61,0x00458EFC,__chkstk,__chkstk,CRT,excluded,0.00,,,false,,Ghidra 12.1.3 auto-analysis candidate; boundary unreviewed,library,"Pinned VC7.1 libcmt.lib member build\intel\mt_obj\chkstk.obj symbol __chkstk: complete 61-byte COFF extent and 61 non-relocation bytes match target; origin only, no source-exact claim (vc71-static-runtime-body-2026-09-17)."
0x00458EFD,376,0x00459074,FUN_00458efd,__NMSG_WRITE,CRT,excluded,0.00,,,false,,Ghidra 12.1.3 auto-analysis candidate; boundary unreviewed,library,"Pinned VC7.1 libcmt.lib member build\intel\mt_obj\crt0msg.obj symbol __NMSG_WRITE: complete 376-byte COFF extent and 256 non-relocation bytes match target; origin only, no source-exact claim (vc71-static-runtime-body-2026-09-17)."
0x0045909F,57,0x004590D7,__FF_MSGBANNER,__FF_MSGBANNER,CRT,excluded,0.00,,,false,,Ghidra 12.1.3 auto-analysis candidate; boundary unreviewed,library,"Pinned VC7.1 libcmt.lib member build\intel\mt_obj\crt0msg.obj symbol __FF_MSGBANNER: complete 57-byte COFF extent and 37 non-relocation bytes match target; origin only, no source-exact claim (vc71-static-runtime-body-2026-09-17)."
0x004590D8,93,0x00459134,__wincmdln,__wincmdln,CRT,excluded,0.00,,,false,,Ghidra 12.1.3 auto-analysis candidate; boundary unreviewed,library,"Pinned VC7.1 libcmt.lib member build\intel\mt_obj\wincmdln.obj symbol __wincmdln: complete 93-byte COFF extent and 73 non-relocation bytes match target; origin only, no source-exact claim (vc71-static-runtime-body-2026-09-17)."
0x00459135,199,0x004591FB,__setenvp,__setenvp,CRT,excluded,0.00,,,false,,Ghidra 12.1.3 auto-analysis candidate; boundary unreviewed,library,"Pinned VC7.1 libcmt.lib member build\intel\mt_obj\stdenvp.obj symbol __setenvp: complete 199-byte COFF extent and 131 non-relocation bytes match target; origin only, no source-exact claim (vc71-static-runtime-body-2026-09-17)."
0x004591FC,364,0x00459367,parse_cmdline,_parse_cmdline,CRT,excluded,0.00,,,false,,Ghidra 12.1.3 auto-analysis candidate; boundary unreviewed,library,"Pinned VC7.1 libcmt.lib member build\intel\mt_obj\stdargv.obj symbol _parse_cmdline: complete 364-byte COFF extent and 352 non-relocation bytes match target; origin only, no source-exact claim (vc71-static-runtime-body-2026-09-17)."
0x00459368,162,0x00459409,__setargv,__setargv,CRT,excluded,0.00,,,false,,Ghidra 12.1.3 auto-analysis candidate; boundary unreviewed,library,"Pinned VC7.1 libcmt.lib member build\intel\mt_obj\stdargv.obj symbol __setargv: complete 162-byte COFF extent and 114 non-relocation bytes match target; origin only, no source-exact claim (vc71-static-runtime-body-2026-09-17)."
0x0045940A,290,0x0045952B,___crtGetEnvironmentStringsA,___crtGetEnvironmentStringsA,CRT,excluded,0.00,,,false,,Ghidra 12.1.3 auto-analysis candidate; boundary unreviewed,library,"Pinned VC7.1 libcmt.lib member build\intel\mt_obj\a_env.obj symbol ___crtGetEnvironmentStringsA: complete 290-byte COFF extent and 234 non-relocation bytes match target; origin only, no source-exact claim (vc71-static-runtime-body-2026-09-17)."
0x0045952C,510,0x00459729,__ioinit,__ioinit,CRT,excluded,0.00,,,false,,Ghidra 12.1.3 auto-analysis candidate; boundary unreviewed,library,"Pinned VC7.1 libcmt.lib member build\intel\mt_obj\ioinit.obj symbol __ioinit: complete 510-byte COFF extent and 430 non-relocation bytes match target; origin only, no source-exact claim (vc71-static-runtime-body-2026-09-17)."
0x00459776,68,0x004597B9,__RTC_Initialize,,CRT,excluded,0.00,,,false,,Ghidra 12.1.3 auto-analysis candidate; boundary unreviewed,library,"Pinned VC7.1 libcmt.lib has 2 matching full 68-byte COFF bodies with at least 24 exact non-relocation bytes; runtime origin is supported, symbol identity remains ambiguous (vc71-static-runtime-family-2026-09-17)."
0x004597FE,16,0x0045980D,___crtInitCritSecNoSpinCount@8,___crtInitCritSecNoSpinCount@8,CRT,excluded,0.00,,,false,,Ghidra 12.1.3 auto-analysis candidate; boundary unreviewed,library,Pinned VC7.1 libcmt.lib member build\intel\mt_obj\initcrit.obj symbol ___crtInitCritSecNoSpinCount@8: unique complete 16-byte COFF body with 12 exact non-relocation bytes; short-body provenance is medium confidence (vc71-static-runtime-short-body-2026-09-17).
0x0045980E,139,0x00459898,___crtInitCritSecAndSpinCount,___crtInitCritSecAndSpinCount,CRT,excluded,0.00,,,false,,Ghidra 12.1.3 auto-analysis candidate; boundary unreviewed,library,"Pinned VC7.1 libcmt.lib member build\intel\mt_obj\initcrit.obj symbol ___crtInitCritSecAndSpinCount: complete 139-byte COFF extent and 87 non-relocation bytes match target; origin only, no source-exact claim (vc71-static-runtime-body-2026-09-17)."
0x0045989C,32,0x004598BB,__global_unwind2,__global_unwind2,CRT,excluded,0.00,,,false,,Ghidra 12.1.3 auto-analysis candidate; boundary unreviewed,library,"Pinned VC7.1 libcmt.lib member build\intel\mt_obj\exsup.obj symbol __global_unwind2: complete 32-byte COFF extent and 24 non-relocation bytes match target; origin only, no source-exact claim (vc71-static-runtime-body-2026-09-17)."
0x004598DE,104,0x00459945,__local_unwind2,__local_unwind2,CRT,excluded,0.00,,,false,,Ghidra 12.1.3 auto-analysis candidate; boundary unreviewed,library,"Pinned VC7.1 libcmt.lib member build\intel\mt_obj\exsup.obj symbol __local_unwind2: complete 104-byte COFF extent and 100 non-relocation bytes match target; origin only, no source-exact claim (vc71-static-runtime-body-2026-09-17)."
0x00459946,35,0x00459968,__abnormal_termination,__abnormal_termination,CRT,excluded,0.00,,,false,,Ghidra 12.1.3 auto-analysis candidate; boundary unreviewed,library,"Pinned VC7.1 libcmt.lib member build\intel\mt_obj\exsup.obj symbol __abnormal_termination: complete 35-byte COFF extent and 31 non-relocation bytes match target; origin only, no source-exact claim (vc71-static-runtime-body-2026-09-17)."
0x00459969,9,0x00459971,__NLG_Notify1,,CRT,excluded,0.00,,,false,,Ghidra 12.1.3 auto-analysis candidate; boundary unreviewed,library,Target runtime behavior review: NLG notification prefix into reviewed CRT body (target-vc71-runtime-special-2026-09-17). No exact CRT object identity claimed.
0x00459972,24,0x00459989,FUN_00459972,__NLG_Notify,CRT,excluded,0.00,,,false,,Ghidra 12.1.3 auto-analysis candidate; boundary unreviewed,library,Pinned VC7.1 libcmt.lib member build\intel\mt_obj\exsup.obj symbol __NLG_Notify: unique complete 24-byte COFF body with 20 exact non-relocation bytes; short-body provenance is medium confidence (vc71-static-runtime-short-body-2026-09-17).
0x0045998A,553,0x00459BB2,__ValidateEH3RN,__ValidateEH3RN,CRT,excluded,0.00,,,false,,Ghidra 12.1.3 auto-analysis candidate; boundary unreviewed,library,"Pinned VC7.1 libcmt.lib member build\intel\mt_obj\eh3valid.obj symbol __ValidateEH3RN: complete 553-byte COFF extent and 477 non-relocation bytes match target; origin only, no source-exact claim (vc71-static-runtime-body-2026-09-17)."
0x00459BB3,116,0x00459C26,__lseek_lk,__lseek_lk,CRT,excluded,0.00,,,false,,Ghidra 12.1.3 auto-analysis candidate; boundary unreviewed,library,"Pinned VC7.1 libcmt.lib member build\intel\mt_obj\lseek.obj symbol __lseek_lk: complete 116-byte COFF extent and 92 non-relocation bytes match target; origin only, no source-exact claim (vc71-static-runtime-body-2026-09-17)."
0x00459C27,171,0x00459CD1,__lseek,,CRT,excluded,0.00,,,false,,Ghidra 12.1.3 auto-analysis candidate; boundary unreviewed,library,"Pinned VC7.1 libcmt.lib has 4 matching full 171-byte COFF bodies with at least 24 exact non-relocation bytes; runtime origin is supported, symbol identity remains ambiguous (vc71-static-runtime-family-2026-09-17)."
0x00459CAE,8,0x00459CB5,FUN_00459cae,,CRT,excluded,0.00,,,false,,Ghidra 12.1.3 auto-analysis candidate; boundary unreviewed,library,Local fragment lies wholly inside pinned VC7.1 libcmt.lib member build\intel\mt_obj\locking.obj symbol __locking at 0x00459C27 (171 matching COFF bytes); separate authored ownership is not claimed (vc71-static-runtime-contained-fragment-2026-09-17).
0x00459CD2,444,0x00459E8D,FUN_00459cd2,__write_lk,CRT,excluded,0.00,,,false,,Ghidra 12.1.3 auto-analysis candidate; boundary unreviewed,library,"Pinned VC7.1 libcmt.lib member build\intel\mt_obj\write.obj symbol __write_lk: complete 444-byte COFF extent and 396 non-relocation bytes match target; origin only, no source-exact claim (vc71-static-runtime-body-2026-09-17)."
0x00459E8E,171,0x00459F38,__write,,CRT,excluded,0.00,,,false,,Ghidra 12.1.3 auto-analysis candidate; boundary unreviewed,library,"Pinned VC7.1 libcmt.lib has 4 matching full 171-byte COFF bodies with at least 24 exact non-relocation bytes; runtime origin is supported, symbol identity remains ambiguous (vc71-static-runtime-family-2026-09-17)."
0x00459F15,8,0x00459F1C,FUN_00459f15,,CRT,excluded,0.00,,,false,,Ghidra 12.1.3 auto-analysis candidate; boundary unreviewed,library,Local fragment lies wholly inside pinned VC7.1 libcmt.lib member build\intel\mt_obj\locking.obj symbol __locking at 0x00459E8E (171 matching COFF bytes); separate authored ownership is not claimed (vc71-static-runtime-contained-fragment-2026-09-17).
0x00459F39,68,0x00459F7C,__getbuf,__getbuf,CRT,excluded,0.00,,,false,,Ghidra 12.1.3 auto-analysis candidate; boundary unreviewed,library,"Pinned VC7.1 libcmt.lib member build\intel\mt_obj\_getbuf.obj symbol __getbuf: complete 68-byte COFF extent and 60 non-relocation bytes match target; origin only, no source-exact claim (vc71-static-runtime-body-2026-09-17)."
0x00459F7D,42,0x00459FA6,__isatty,__isatty,CRT,excluded,0.00,,,false,,Ghidra 12.1.3 auto-analysis candidate; boundary unreviewed,library,"Pinned VC7.1 libcmt.lib member build\intel\mt_obj\isatty.obj symbol __isatty: complete 42-byte COFF extent and 34 non-relocation bytes match target; origin only, no source-exact claim (vc71-static-runtime-body-2026-09-17)."
0x0045A10E,96,0x0045A16D,___wctomb_mt,___wctomb_mt,CRT,excluded,0.00,,,false,,Ghidra 12.1.3 auto-analysis candidate; boundary unreviewed,library,"Pinned VC7.1 libcmt.lib member build\intel\mt_obj\wctomb.obj symbol ___wctomb_mt: complete 96-byte COFF extent and 88 non-relocation bytes match target; origin only, no source-exact claim (vc71-static-runtime-body-2026-09-17)."
0x0045A16E,39,0x0045A194,_wctomb,_wctomb,CRT,excluded,0.00,,,false,,Ghidra 12.1.3 auto-analysis candidate; boundary unreviewed,library,Pinned VC7.1 libcmt.lib member build\intel\mt_obj\wctomb.obj symbol _wctomb has a complete same-size body and 23 exact non-relocation bytes; the target function name independently agrees (vc71-static-runtime-named-body-2026-09-17).
0x0045A1B0,149,0x0045A244,__aulldvrm,__aulldvrm,CRT,excluded,0.00,,,false,,Ghidra 12.1.3 auto-analysis candidate; boundary unreviewed,library,"Pinned VC7.1 libcmt.lib member build\intel\mt_obj\ulldvrm.obj symbol __aulldvrm: complete 149-byte COFF extent and 149 non-relocation bytes match target; origin only, no source-exact claim (vc71-static-runtime-body-2026-09-17)."
0x0045A245,24,0x0045A25C,_abort,_abort,CRT,excluded,0.00,,,false,,Ghidra 12.1.3 auto-analysis candidate; boundary unreviewed,library,Pinned VC7.1 libcmt.lib member build\intel\mt_obj\abort.obj symbol _abort: unique complete 24-byte COFF body with 12 exact non-relocation bytes; short-body provenance is medium confidence (vc71-static-runtime-short-body-2026-09-17).
0x0045A25D,442,0x0045A416,___crtGetStringTypeA,___crtGetStringTypeA,CRT,excluded,0.00,,,false,,Ghidra 12.1.3 auto-analysis candidate; boundary unreviewed,library,"Pinned VC7.1 libcmt.lib member build\intel\mt_obj\a_str.obj symbol ___crtGetStringTypeA: complete 442-byte COFF extent and 342 non-relocation bytes match target; origin only, no source-exact claim (vc71-static-runtime-body-2026-09-17)."
0x0045A417,127,0x0045A495,__Getdays,__Getdays,CRT,excluded,0.00,,,false,,Ghidra 12.1.3 auto-analysis candidate; boundary unreviewed,library,"Pinned VC7.1 libcmt.lib member build\intel\mt_obj\strftime.obj symbol __Getdays: complete 127-byte COFF extent and 95 non-relocation bytes match target; origin only, no source-exact claim (vc71-static-runtime-body-2026-09-17)."
0x0045A496,149,0x0045A52A,__Getmonths,__Getmonths,CRT,excluded,0.00,,,false,,Ghidra 12.1.3 auto-analysis candidate; boundary unreviewed,library,"Pinned VC7.1 libcmt.lib member build\intel\mt_obj\strftime.obj symbol __Getmonths: complete 149-byte COFF extent and 117 non-relocation bytes match target; origin only, no source-exact claim (vc71-static-runtime-body-2026-09-17)."
0x0045A52B,563,0x0045A75D,__Gettnames,__Gettnames,CRT,excluded,0.00,,,false,,Ghidra 12.1.3 auto-analysis candidate; boundary unreviewed,library,"Pinned VC7.1 libcmt.lib member build\intel\mt_obj\strftime.obj symbol __Gettnames: complete 563-byte COFF extent and 443 non-relocation bytes match target; origin only, no source-exact claim (vc71-static-runtime-body-2026-09-17)."
0x0045A75E,32,0x0045A77D,__store_str,__store_str,CRT,excluded,0.00,,,false,,Ghidra 12.1.3 auto-analysis candidate; boundary unreviewed,library,"Pinned VC7.1 libcmt.lib member build\intel\mt_obj\strftime.obj symbol __store_str: complete 32-byte COFF extent and 32 non-relocation bytes match target; origin only, no source-exact claim (vc71-static-runtime-body-2026-09-17)."
0x0045A7B4,121,0x0045A82C,__store_num,__store_num,CRT,excluded,0.00,,,false,,Ghidra 12.1.3 auto-analysis candidate; boundary unreviewed,library,"Pinned VC7.1 libcmt.lib member build\intel\mt_obj\strftime.obj symbol __store_num: complete 121-byte COFF extent and 121 non-relocation bytes match target; origin only, no source-exact claim (vc71-static-runtime-body-2026-09-17)."
0x0045A82D,614,0x0045AA92,__expandtime,__expandtime,CRT,excluded,0.00,,,false,,Ghidra 12.1.3 auto-analysis candidate; boundary unreviewed,library,"Pinned VC7.1 libcmt.lib member build\intel\mt_obj\strftime.obj symbol __expandtime: complete 614-byte COFF extent and 590 non-relocation bytes match target; origin only, no source-exact claim (vc71-static-runtime-body-2026-09-17)."
0x0045AA93,1162,0x0045AF1C,__store_winword,__store_winword,CRT,excluded,0.00,,,false,,Ghidra 12.1.3 auto-analysis candidate; boundary unreviewed,library,"Pinned VC7.1 libcmt.lib member build\intel\mt_obj\strftime.obj symbol __store_winword: complete 1162-byte COFF extent and 1106 non-relocation bytes match target; origin only, no source-exact claim (vc71-static-runtime-body-2026-09-17)."
0x0045AF1D,195,0x0045AFDF,FUN_0045af1d,__Strftime_mt,CRT,excluded,0.00,,,false,,Ghidra 12.1.3 auto-analysis candidate; boundary unreviewed,library,"Pinned VC7.1 libcmt.lib member build\intel\mt_obj\strftime.obj symbol __Strftime_mt: complete 195-byte COFF extent and 191 non-relocation bytes match target; origin only, no source-exact claim (vc71-static-runtime-body-2026-09-17)."
0x0045AFE0,50,0x0045B011,__Strftime,__Strftime,CRT,excluded,0.00,,,false,,Ghidra 12.1.3 auto-analysis candidate; boundary unreviewed,library,"Pinned VC7.1 libcmt.lib member build\intel\mt_obj\strftime.obj symbol __Strftime: complete 50-byte COFF extent and 34 non-relocation bytes match target; origin only, no source-exact claim (vc71-static-runtime-body-2026-09-17)."
0x0045B033,871,0x0045B399,__get_lc_time,__get_lc_time,CRT,excluded,0.00,,,false,,Ghidra 12.1.3 auto-analysis candidate; boundary unreviewed,library,"Pinned VC7.1 libcmt.lib member build\intel\mt_obj\inittime.obj symbol __get_lc_time: complete 871-byte COFF extent and 687 non-relocation bytes match target; origin only, no source-exact claim (vc71-static-runtime-body-2026-09-17)."
0x0045B39A,400,0x0045B529,___free_lc_time,___free_lc_time,CRT,excluded,0.00,,,false,,Ghidra 12.1.3 auto-analysis candidate; boundary unreviewed,library,"Pinned VC7.1 libcmt.lib member build\intel\mt_obj\inittime.obj symbol ___free_lc_time: complete 400-byte COFF extent and 228 non-relocation bytes match target; origin only, no source-exact claim (vc71-static-runtime-body-2026-09-17)."
0x0045B5BC,95,0x0045B61A,___free_lconv_num,___free_lconv_num,CRT,excluded,0.00,,,false,,Ghidra 12.1.3 auto-analysis candidate; boundary unreviewed,library,"Pinned VC7.1 libcmt.lib member build\intel\mt_obj\initnum.obj symbol ___free_lconv_num: complete 95-byte COFF extent and 59 non-relocation bytes match target; origin only, no source-exact claim (vc71-static-runtime-body-2026-09-17)."
0x0045B61B,461,0x0045B7E7,___init_numeric,___init_numeric,CRT,excluded,0.00,,,false,,Ghidra 12.1.3 auto-analysis candidate; boundary unreviewed,library,"Pinned VC7.1 libcmt.lib member build\intel\mt_obj\initnum.obj symbol ___init_numeric: complete 461-byte COFF extent and 305 non-relocation bytes match target; origin only, no source-exact claim (vc71-static-runtime-body-2026-09-17)."
0x0045B81B,217,0x0045B8F3,___free_lconv_mon,___free_lconv_mon,CRT,excluded,0.00,,,false,,Ghidra 12.1.3 auto-analysis candidate; boundary unreviewed,library,"Pinned VC7.1 libcmt.lib member build\intel\mt_obj\initmon.obj symbol ___free_lconv_mon: complete 217-byte COFF extent and 133 non-relocation bytes match target; origin only, no source-exact claim (vc71-static-runtime-body-2026-09-17)."
0x0045B8F4,575,0x0045BB32,___init_monetary,___init_monetary,CRT,excluded,0.00,,,false,,Ghidra 12.1.3 auto-analysis candidate; boundary unreviewed,library,"Pinned VC7.1 libcmt.lib member build\intel\mt_obj\initmon.obj symbol ___init_monetary: complete 575-byte COFF extent and 407 non-relocation bytes match target; origin only, no source-exact claim (vc71-static-runtime-body-2026-09-17)."
0x0045BB33,494,0x0045BD20,FUN_0045bb33,___init_ctype,CRT,excluded,0.00,,,false,,Ghidra 12.1.3 auto-analysis candidate; boundary unreviewed,library,"Pinned VC7.1 libcmt.lib member build\intel\mt_obj\initctyp.obj symbol ___init_ctype: complete 494-byte COFF extent and 390 non-relocation bytes match target; origin only, no source-exact claim (vc71-static-runtime-body-2026-09-17)."
0x0045BD80,7,0x0045BD86,FUN_0045bd80,,CRT,excluded,0.00,,,false,,Ghidra 12.1.3 auto-analysis candidate; boundary unreviewed,library,Target runtime behavior review: strcpy prefix into reviewed CRT body (target-vc71-runtime-special-2026-09-17). No exact CRT object identity claimed.
0x0045BD90,232,0x0045BE77,FUN_0045bd90,_strcat,CRT,excluded,0.00,,,false,,Ghidra 12.1.3 auto-analysis candidate; boundary unreviewed,library,"Pinned VC7.1 libcmt.lib member build\intel\mt_obj\strcat.obj symbol _strcat: complete 232-byte COFF extent and 232 non-relocation bytes match target; origin only, no source-exact claim (vc71-static-runtime-body-2026-09-17)."
0x0045BE80,70,0x0045BEC5,_strcspn,_strcspn,CRT,excluded,0.00,,,false,,Ghidra 12.1.3 auto-analysis candidate; boundary unreviewed,library,"Pinned VC7.1 libcmt.lib member build\intel\mt_obj\strcspn.obj symbol _strcspn: complete 70-byte COFF extent and 70 non-relocation bytes match target; origin only, no source-exact claim (vc71-static-runtime-body-2026-09-17)."
0x0045BED0,96,0x0045BF2F,_memset,_memset,CRT,excluded,0.00,,,false,,Ghidra 12.1.3 auto-analysis candidate; boundary unreviewed,library,"Pinned VC7.1 libcmt.lib member build\intel\mt_obj\memset.obj symbol _memset: complete 96-byte COFF extent and 96 non-relocation bytes match target; origin only, no source-exact claim (vc71-static-runtime-body-2026-09-17)."
0x0045BF30,136,0x0045BFB7,_strcmp,_strcmp,CRT,excluded,0.00,,,false,,Ghidra 12.1.3 auto-analysis candidate; boundary unreviewed,library,"Pinned VC7.1 libcmt.lib member build\intel\mt_obj\strcmp.obj symbol _strcmp: complete 136-byte COFF extent and 136 non-relocation bytes match target; origin only, no source-exact claim (vc71-static-runtime-body-2026-09-17)."
0x0045BFC0,829,0x0045C2FC,_memcpy,,CRT,excluded,0.00,,,false,,Ghidra 12.1.3 auto-analysis candidate; boundary unreviewed,library,"Pinned VC7.1 libcmt.lib has 2 matching full 829-byte COFF bodies with at least 24 exact non-relocation bytes; runtime origin is supported, symbol identity remains ambiguous (vc71-static-runtime-family-2026-09-17)."
0x0045C2FD,96,0x0045C35C,_TranslateName,_TranslateName,CRT,excluded,0.00,,,false,,Ghidra 12.1.3 auto-analysis candidate; boundary unreviewed,library,"Pinned VC7.1 libcmt.lib member build\intel\mt_obj\getqloc.obj symbol _TranslateName: complete 96-byte COFF extent and 92 non-relocation bytes match target; origin only, no source-exact claim (vc71-static-runtime-body-2026-09-17)."
0x0045C377,122,0x0045C3F0,FUN_0045c377,_ProcessCodePage,CRT,excluded,0.00,,,false,,Ghidra 12.1.3 auto-analysis candidate; boundary unreviewed,library,"Pinned VC7.1 libcmt.lib member build\intel\mt_obj\getqloc.obj symbol _ProcessCodePage: complete 122-byte COFF extent and 86 non-relocation bytes match target; origin only, no source-exact claim (vc71-static-runtime-body-2026-09-17)."
0x0045C3F1,30,0x0045C40E,FUN_0045c3f1,_TestDefaultCountry,CRT,excluded,0.00,,,false,,Ghidra 12.1.3 auto-analysis candidate; boundary unreviewed,library,Pinned VC7.1 libcmt.lib member build\intel\mt_obj\getqloc.obj symbol _TestDefaultCountry: unique complete 30-byte COFF body with 26 exact non-relocation bytes; short-body provenance is medium confidence (vc71-static-runtime-short-body-2026-09-17).
0x0045C40F,227,0x0045C4F1,crtGetLocaleInfoA,_crtGetLocaleInfoA@16,CRT,excluded,0.00,,,false,,Ghidra 12.1.3 auto-analysis candidate; boundary unreviewed,library,"Pinned VC7.1 libcmt.lib member build\intel\mt_obj\getqloc.obj symbol _crtGetLocaleInfoA@16: complete 227-byte COFF extent and 187 non-relocation bytes match target; origin only, no source-exact claim (vc71-static-runtime-body-2026-09-17)."
0x0045C4F2,53,0x0045C526,_LcidFromHexString,_LcidFromHexString,CRT,excluded,0.00,,,false,,Ghidra 12.1.3 auto-analysis candidate; boundary unreviewed,library,"Pinned VC7.1 libcmt.lib member build\intel\mt_obj\getqloc.obj symbol _LcidFromHexString: complete 53-byte COFF extent and 53 non-relocation bytes match target; origin only, no source-exact claim (vc71-static-runtime-body-2026-09-17)."
0x0045C527,29,0x0045C543,_GetPrimaryLen,_GetPrimaryLen,CRT,excluded,0.00,,,false,,Ghidra 12.1.3 auto-analysis candidate; boundary unreviewed,library,Pinned VC7.1 libcmt.lib member build\intel\mt_obj\getqloc.obj symbol _GetPrimaryLen: unique complete 29-byte COFF body with 29 exact non-relocation bytes; short-body provenance is medium confidence (vc71-static-runtime-short-body-2026-09-17).
0x0045C544,152,0x0045C5DB,FUN_0045c544,_CountryEnumProc@4,CRT,excluded,0.00,,,false,,Ghidra 12.1.3 auto-analysis candidate; boundary unreviewed,library,"Pinned VC7.1 libcmt.lib member build\intel\mt_obj\getqloc.obj symbol _CountryEnumProc@4: complete 152-byte COFF extent and 100 non-relocation bytes match target; origin only, no source-exact claim (vc71-static-runtime-body-2026-09-17)."
0x0045C5DC,117,0x0045C650,FUN_0045c5dc,_TestDefaultLanguage,CRT,excluded,0.00,,,false,,Ghidra 12.1.3 auto-analysis candidate; boundary unreviewed,library,"Pinned VC7.1 libcmt.lib member build\intel\mt_obj\getqloc.obj symbol _TestDefaultLanguage: complete 117-byte COFF extent and 85 non-relocation bytes match target; origin only, no source-exact claim (vc71-static-runtime-body-2026-09-17)."
0x0045C651,542,0x0045C86E,FUN_0045c651,_LangCountryEnumProc@4,CRT,excluded,0.00,,,false,,Ghidra 12.1.3 auto-analysis candidate; boundary unreviewed,library,"Pinned VC7.1 libcmt.lib member build\intel\mt_obj\getqloc.obj symbol _LangCountryEnumProc@4: complete 542-byte COFF extent and 346 non-relocation bytes match target; origin only, no source-exact claim (vc71-static-runtime-body-2026-09-17)."
0x0045C86F,207,0x0045C93D,FUN_0045c86f,_LanguageEnumProc@4,CRT,excluded,0.00,,,false,,Ghidra 12.1.3 auto-analysis candidate; boundary unreviewed,library,"Pinned VC7.1 libcmt.lib member build\intel\mt_obj\getqloc.obj symbol _LanguageEnumProc@4: complete 207-byte COFF extent and 135 non-relocation bytes match target; origin only, no source-exact claim (vc71-static-runtime-body-2026-09-17)."
0x0045CCD0,64,0x0045CD0F,_strpbrk,_strpbrk,CRT,excluded,0.00,,,false,,Ghidra 12.1.3 auto-analysis candidate; boundary unreviewed,library,"Pinned VC7.1 libcmt.lib member build\intel\mt_obj\strpbrk.obj symbol _strpbrk: complete 64-byte COFF extent and 64 non-relocation bytes match target; origin only, no source-exact claim (vc71-static-runtime-body-2026-09-17)."
0x0045CD56,47,0x0045CD84,FUN_0045cd56,_CPtoLCID,CRT,excluded,0.00,,,false,,Ghidra 12.1.3 auto-analysis candidate; boundary unreviewed,library,"Pinned VC7.1 libcmt.lib member build\intel\mt_obj\mbctype.obj symbol _CPtoLCID: complete 47-byte COFF extent and 47 non-relocation bytes match target; origin only, no source-exact claim (vc71-static-runtime-body-2026-09-17)."
0x0045CD85,41,0x0045CDAD,setSBCS,_setSBCS,CRT,excluded,0.00,,,false,,Ghidra 12.1.3 auto-analysis candidate; boundary unreviewed,library,Pinned VC7.1 libcmt.lib member build\intel\mt_obj\mbctype.obj symbol _setSBCS has a complete same-size body and 21 exact non-relocation bytes; the target function name independently agrees (vc71-static-runtime-named-body-2026-09-17).
0x0045CDAE,411,0x0045CF48,FUN_0045cdae,_setSBUpLow,CRT,excluded,0.00,,,false,,Ghidra 12.1.3 auto-analysis candidate; boundary unreviewed,library,"Pinned VC7.1 libcmt.lib member build\intel\mt_obj\mbctype.obj symbol _setSBUpLow: complete 411-byte COFF extent and 327 non-relocation bytes match target; origin only, no source-exact claim (vc71-static-runtime-body-2026-09-17)."
0x0045CF49,99,0x0045CFAB,___updatetmbcinfo,___updatetmbcinfo,CRT,excluded,0.00,,,false,,Ghidra 12.1.3 auto-analysis candidate; boundary unreviewed,library,Pinned VC7.1 libcmt.lib member build\intel\mt_obj\mbctype.obj symbol ___updatetmbcinfo: complete 111-byte COFF body matches target across 71 non-relocation bytes. Ledger entry is the 99-byte contiguous fragment; the COFF extent also owns a suffix/shared helper (vc71-static-runtime-extended-body-2026-09-17).
0x0045CFAF,9,0x0045CFB7,FUN_0045cfaf,,CRT,excluded,0.00,,,false,,Ghidra 12.1.3 auto-analysis candidate; boundary unreviewed,library,Local fragment lies wholly inside pinned VC7.1 libcmt.lib member build\intel\mt_obj\mbctype.obj symbol ___updatetmbcinfo at 0x0045CF49 (111 matching COFF bytes); separate authored ownership is not claimed (vc71-static-runtime-contained-fragment-2026-09-17).
0x0045CFB8,404,0x0045D14B,FUN_0045cfb8,__setmbcp_lk,CRT,excluded,0.00,,,false,,Ghidra 12.1.3 auto-analysis candidate; boundary unreviewed,library,"Pinned VC7.1 libcmt.lib member build\intel\mt_obj\mbctype.obj symbol __setmbcp_lk: complete 404-byte COFF extent and 296 non-relocation bytes match target; origin only, no source-exact claim (vc71-static-runtime-body-2026-09-17)."
0x0045D15C,327,0x0045D2A2,__setmbcp,__setmbcp,CRT,excluded,0.00,,,false,,Ghidra 12.1.3 auto-analysis candidate; boundary unreviewed,library,Pinned VC7.1 libcmt.lib member build\intel\mt_obj\mbctype.obj symbol __setmbcp: complete 336-byte COFF body matches target across 236 non-relocation bytes. Ledger entry is the 327-byte contiguous fragment; the COFF extent also owns a suffix/shared helper (vc71-static-runtime-extended-body-2026-09-17).
0x0045D2A3,9,0x0045D2AB,FUN_0045d2a3,,CRT,excluded,0.00,,,false,,Ghidra 12.1.3 auto-analysis candidate; boundary unreviewed,library,Local fragment lies wholly inside pinned VC7.1 libcmt.lib member build\intel\mt_obj\mbctype.obj symbol __setmbcp at 0x0045D15C (336 matching COFF bytes); separate authored ownership is not claimed (vc71-static-runtime-contained-fragment-2026-09-17).
0x0045D2AC,30,0x0045D2C9,___initmbctable,___initmbctable,CRT,excluded,0.00,,,false,,Ghidra 12.1.3 auto-analysis candidate; boundary unreviewed,library,Pinned VC7.1 libcmt.lib member build\intel\mt_obj\mbctype.obj symbol ___initmbctable: unique complete 30-byte COFF body with 18 exact non-relocation bytes; short-body provenance is medium confidence (vc71-static-runtime-short-body-2026-09-17).
0x0045D2CA,50,0x0045D2FB,__ZeroTail,__ZeroTail,CRT,excluded,0.00,,,false,,Ghidra 12.1.3 auto-analysis candidate; boundary unreviewed,library,"Pinned VC7.1 libcmt.lib member ..\build\intel\mt_obj\intrncvt.obj symbol __ZeroTail: complete 50-byte COFF extent and 50 non-relocation bytes match target; origin only, no source-exact claim (vc71-static-runtime-body-2026-09-17)."
0x0045D2FC,77,0x0045D348,__IncMan,__IncMan,CRT,excluded,0.00,,,false,,Ghidra 12.1.3 auto-analysis candidate; boundary unreviewed,library,"Pinned VC7.1 libcmt.lib member ..\build\intel\mt_obj\intrncvt.obj symbol __IncMan: complete 77-byte COFF extent and 69 non-relocation bytes match target; origin only, no source-exact claim (vc71-static-runtime-body-2026-09-17)."
0x0045D349,114,0x0045D3BA,__RoundMan,__RoundMan,CRT,excluded,0.00,,,false,,Ghidra 12.1.3 auto-analysis candidate; boundary unreviewed,library,"Pinned VC7.1 libcmt.lib member ..\build\intel\mt_obj\intrncvt.obj symbol __RoundMan: complete 114-byte COFF extent and 106 non-relocation bytes match target; origin only, no source-exact claim (vc71-static-runtime-body-2026-09-17)."
0x0045D3BB,27,0x0045D3D5,__CopyMan,__CopyMan,CRT,excluded,0.00,,,false,,Ghidra 12.1.3 auto-analysis candidate; boundary unreviewed,library,Pinned VC7.1 libcmt.lib member ..\build\intel\mt_obj\intrncvt.obj symbol __CopyMan: unique complete 27-byte COFF body with 27 exact non-relocation bytes; short-body provenance is medium confidence (vc71-static-runtime-short-body-2026-09-17).
0x0045D3D6,12,0x0045D3E1,FUN_0045d3d6,__FillZeroMan,CRT,excluded,0.00,,,false,,Ghidra 12.1.3 auto-analysis candidate; boundary unreviewed,library,Pinned VC7.1 libcmt.lib member ..\build\intel\mt_obj\intrncvt.obj symbol __FillZeroMan: unique complete 12-byte COFF body with 12 exact non-relocation bytes; short-body provenance is medium confidence (vc71-static-runtime-short-body-2026-09-17).
0x0045D3E2,25,0x0045D3FA,__IsZeroMan,__IsZeroMan,CRT,excluded,0.00,,,false,,Ghidra 12.1.3 auto-analysis candidate; boundary unreviewed,library,Pinned VC7.1 libcmt.lib member ..\build\intel\mt_obj\intrncvt.obj symbol __IsZeroMan: unique complete 25-byte COFF body with 25 exact non-relocation bytes; short-body provenance is medium confidence (vc71-static-runtime-short-body-2026-09-17).
0x0045D3FB,123,0x0045D475,__ShrMan,__ShrMan,CRT,excluded,0.00,,,false,,Ghidra 12.1.3 auto-analysis candidate; boundary unreviewed,library,"Pinned VC7.1 libcmt.lib member ..\build\intel\mt_obj\intrncvt.obj symbol __ShrMan: complete 123-byte COFF extent and 123 non-relocation bytes match target; origin only, no source-exact claim (vc71-static-runtime-body-2026-09-17)."
0x0045D476,344,0x0045D5CD,__ld12cvt,__ld12cvt,CRT,excluded,0.00,,,false,,Ghidra 12.1.3 auto-analysis candidate; boundary unreviewed,library,"Pinned VC7.1 libcmt.lib member ..\build\intel\mt_obj\intrncvt.obj symbol __ld12cvt: complete 344-byte COFF extent and 308 non-relocation bytes match target; origin only, no source-exact claim (vc71-static-runtime-body-2026-09-17)."
0x0045D5CE,22,0x0045D5E3,FID_conflict:__ld12tod,__ld12tod,CRT,excluded,0.00,,,false,,Ghidra 12.1.3 auto-analysis candidate; boundary unreviewed,library,Pinned VC7.1 libcmt.lib member ..\build\intel\mt_obj\intrncvt.obj symbol __ld12tod has a complete same-size body and 14 exact non-relocation bytes; the target function name independently agrees (vc71-static-runtime-named-body-2026-09-17).
0x0045D5E4,22,0x0045D5F9,FID_conflict:__ld12tod,__ld12tod,CRT,excluded,0.00,,,false,,Ghidra 12.1.3 auto-analysis candidate; boundary unreviewed,library,Pinned VC7.1 libcmt.lib member ..\build\intel\mt_obj\intrncvt.obj symbol __ld12tod has a complete same-size body and 14 exact non-relocation bytes; the target function name independently agrees (vc71-static-runtime-named-body-2026-09-17).
0x0045D5FA,124,0x0045D675,__ld12told,__ld12told,CRT,excluded,0.00,,,false,,Ghidra 12.1.3 auto-analysis candidate; boundary unreviewed,library,"Pinned VC7.1 libcmt.lib member ..\build\intel\mt_obj\intrncvt.obj symbol __ld12told: complete 124-byte COFF extent and 120 non-relocation bytes match target; origin only, no source-exact claim (vc71-static-runtime-body-2026-09-17)."
0x0045D676,69,0x0045D6BA,FUN_0045d676,,CRT,excluded,0.00,,,false,,Ghidra 12.1.3 auto-analysis candidate; boundary unreviewed,library,"Pinned VC7.1 libcmt.lib has 2 matching full 69-byte COFF bodies with at least 24 exact non-relocation bytes; runtime origin is supported, symbol identity remains ambiguous (vc71-static-runtime-family-2026-09-17)."
0x0045D6BB,70,0x0045D700,FUN_0045d6bb,__atoldbl,CRT,excluded,0.00,,,false,,Ghidra 12.1.3 auto-analysis candidate; boundary unreviewed,library,"Pinned VC7.1 libcmt.lib member ..\build\intel\mt_obj\intrncvt.obj symbol __atoldbl: complete 70-byte COFF extent and 54 non-relocation bytes match target; origin only, no source-exact claim (vc71-static-runtime-body-2026-09-17)."
0x0045D701,69,0x0045D745,FUN_0045d701,,CRT,excluded,0.00,,,false,,Ghidra 12.1.3 auto-analysis candidate; boundary unreviewed,library,"Pinned VC7.1 libcmt.lib has 2 matching full 69-byte COFF bodies with at least 24 exact non-relocation bytes; runtime origin is supported, symbol identity remains ambiguous (vc71-static-runtime-family-2026-09-17)."
0x0045D746,1039,0x0045DB54,FUN_0045d746,___strgtold12,CRT,excluded,0.00,,,false,,Ghidra 12.1.3 auto-analysis candidate; boundary unreviewed,library,Pinned VC7.1 libcmt.lib member ..\build\intel\mt_obj\strgtold.obj symbol ___strgtold12: complete 1088-byte COFF body matches target across 984 non-relocation bytes. Ledger entry is the 1039-byte contiguous fragment; the COFF extent also owns a suffix/shared helper (vc71-static-runtime-extended-body-2026-09-17).
0x0045DB86,85,0x0045DBDA,FUN_0045db86,___STRINGTOLD,CRT,excluded,0.00,,,false,,Ghidra 12.1.3 auto-analysis candidate; boundary unreviewed,library,"Pinned VC7.1 libcmt.lib member ..\build\intel\mt_obj\strgtold.obj symbol ___STRINGTOLD: complete 85-byte COFF extent and 69 non-relocation bytes match target; origin only, no source-exact claim (vc71-static-runtime-body-2026-09-17)."
0x0045DBDB,60,0x0045DC16,FUN_0045dbdb,__forcdecpt,CRT,excluded,0.00,,,false,,Ghidra 12.1.3 auto-analysis candidate; boundary unreviewed,library,"Pinned VC7.1 libcmt.lib member ..\build\intel\mt_obj\cvt.obj symbol __forcdecpt: complete 60-byte COFF extent and 48 non-relocation bytes match target; origin only, no source-exact claim (vc71-static-runtime-body-2026-09-17)."
0x0045DC7C,62,0x0045DCB9,__fassign,__fassign,CRT,excluded,0.00,,,false,,Ghidra 12.1.3 auto-analysis candidate; boundary unreviewed,library,"Pinned VC7.1 libcmt.lib member ..\build\intel\mt_obj\cvt.obj symbol __fassign: complete 62-byte COFF extent and 54 non-relocation bytes match target; origin only, no source-exact claim (vc71-static-runtime-body-2026-09-17)."
0x0045DCBA,29,0x0045DCD6,__shift,__shift,CRT,excluded,0.00,,,false,,Ghidra 12.1.3 auto-analysis candidate; boundary unreviewed,library,Pinned VC7.1 libcmt.lib member ..\build\intel\mt_obj\cvt.obj symbol __shift: unique complete 29-byte COFF body with 21 exact non-relocation bytes; short-body provenance is medium confidence (vc71-static-runtime-short-body-2026-09-17).
0x0045DCD7,174,0x0045DD84,__cftoe2,__cftoe2,CRT,excluded,0.00,,,false,,Ghidra 12.1.3 auto-analysis candidate; boundary unreviewed,library,"Pinned VC7.1 libcmt.lib member ..\build\intel\mt_obj\cvt.obj symbol __cftoe2: complete 174-byte COFF extent and 158 non-relocation bytes match target; origin only, no source-exact claim (vc71-static-runtime-body-2026-09-17)."
0x0045DD85,112,0x0045DDF4,FUN_0045dd85,__cftoe,CRT,excluded,0.00,,,false,,Ghidra 12.1.3 auto-analysis candidate; boundary unreviewed,library,"Pinned VC7.1 libcmt.lib member ..\build\intel\mt_obj\cvt.obj symbol __cftoe: complete 112-byte COFF extent and 92 non-relocation bytes match target; origin only, no source-exact claim (vc71-static-runtime-body-2026-09-17)."
0x0045DDF5,156,0x0045DE90,__cftof2,__cftof2,CRT,excluded,0.00,,,false,,Ghidra 12.1.3 auto-analysis candidate; boundary unreviewed,library,"Pinned VC7.1 libcmt.lib member ..\build\intel\mt_obj\cvt.obj symbol __cftof2: complete 156-byte COFF extent and 136 non-relocation bytes match target; origin only, no source-exact claim (vc71-static-runtime-body-2026-09-17)."
0x0045DE91,103,0x0045DEF7,FUN_0045de91,__cftof,CRT,excluded,0.00,,,false,,Ghidra 12.1.3 auto-analysis candidate; boundary unreviewed,library,"Pinned VC7.1 libcmt.lib member ..\build\intel\mt_obj\cvt.obj symbol __cftof: complete 103-byte COFF extent and 83 non-relocation bytes match target; origin only, no source-exact claim (vc71-static-runtime-body-2026-09-17)."
0x0045DEF8,159,0x0045DF96,FUN_0045def8,__cftog,CRT,excluded,0.00,,,false,,Ghidra 12.1.3 auto-analysis candidate; boundary unreviewed,library,"Pinned VC7.1 libcmt.lib member ..\build\intel\mt_obj\cvt.obj symbol __cftog: complete 159-byte COFF extent and 135 non-relocation bytes match target; origin only, no source-exact claim (vc71-static-runtime-body-2026-09-17)."
0x0045DF97,81,0x0045DFE7,__cfltcvt,__cfltcvt,CRT,excluded,0.00,,,false,,Ghidra 12.1.3 auto-analysis candidate; boundary unreviewed,library,"Pinned VC7.1 libcmt.lib member ..\build\intel\mt_obj\cvt.obj symbol __cfltcvt: complete 81-byte COFF extent and 69 non-relocation bytes match target; origin only, no source-exact claim (vc71-static-runtime-body-2026-09-17)."
0x0045DFE8,18,0x0045DFF9,__setdefaultprecision,__setdefaultprecision,CRT,excluded,0.00,,,false,,Ghidra 12.1.3 auto-analysis candidate; boundary unreviewed,library,Pinned VC7.1 libcmt.lib member build\intel\mt_obj\fp8.obj symbol __setdefaultprecision: unique complete 18-byte COFF body with 14 exact non-relocation bytes; short-body provenance is medium confidence (vc71-static-runtime-short-body-2026-09-17).
0x0045DFFA,64,0x0045E039,__ms_p5_test_fdiv,__ms_p5_test_fdiv,CRT,excluded,0.00,,,false,,Ghidra 12.1.3 auto-analysis candidate; boundary unreviewed,library,"Pinned VC7.1 libcmt.lib member ..\build\intel\mt_obj\testfdiv.obj symbol __ms_p5_test_fdiv: complete 64-byte COFF extent and 52 non-relocation bytes match target; origin only, no source-exact claim (vc71-static-runtime-body-2026-09-17)."
0x0045E03A,41,0x0045E062,__ms_p5_mp_test_fdiv,__ms_p5_mp_test_fdiv,CRT,excluded,0.00,,,false,,Ghidra 12.1.3 auto-analysis candidate; boundary unreviewed,library,Pinned VC7.1 libcmt.lib member ..\build\intel\mt_obj\testfdiv.obj symbol __ms_p5_mp_test_fdiv has a complete same-size body and 21 exact non-relocation bytes; the target function name independently agrees (vc71-static-runtime-named-body-2026-09-17).
0x0045E063,129,0x0045E0E3,__getenv_lk,__getenv_lk,CRT,excluded,0.00,,,false,,Ghidra 12.1.3 auto-analysis candidate; boundary unreviewed,library,"Pinned VC7.1 libcmt.lib member build\intel\mt_obj\getenv.obj symbol __getenv_lk: complete 129-byte COFF extent and 97 non-relocation bytes match target; origin only, no source-exact claim (vc71-static-runtime-body-2026-09-17)."
0x0045E123,225,0x0045E203,__filbuf,__filbuf,CRT,excluded,0.00,,,false,,Ghidra 12.1.3 auto-analysis candidate; boundary unreviewed,library,"Pinned VC7.1 libcmt.lib member build\intel\mt_obj\_filbuf.obj symbol __filbuf: complete 225-byte COFF extent and 209 non-relocation bytes match target; origin only, no source-exact claim (vc71-static-runtime-body-2026-09-17)."
0x0045E204,108,0x0045E26F,FID_conflict:_ungetc,__ungetc_lk,CRT,excluded,0.00,,,false,,Ghidra 12.1.3 auto-analysis candidate; boundary unreviewed,library,"Pinned VC7.1 libcmt.lib member build\intel\mt_obj\ungetc.obj symbol __ungetc_lk: complete 108-byte COFF extent and 104 non-relocation bytes match target; origin only, no source-exact claim (vc71-static-runtime-body-2026-09-17)."
0x0045E2B5,192,0x0045E374,___mbtowc_mt,___mbtowc_mt,CRT,excluded,0.00,,,false,,Ghidra 12.1.3 auto-analysis candidate; boundary unreviewed,library,"Pinned VC7.1 libcmt.lib member build\intel\mt_obj\mbtowc.obj symbol ___mbtowc_mt: complete 192-byte COFF extent and 180 non-relocation bytes match target; origin only, no source-exact claim (vc71-static-runtime-body-2026-09-17)."
0x0045E375,43,0x0045E39F,_mbtowc,,CRT,excluded,0.00,,,false,,Ghidra 12.1.3 auto-analysis candidate; boundary unreviewed,library,"Pinned VC7.1 libcmt.lib has 3 matching full 43-byte COFF bodies with at least 24 exact non-relocation bytes; runtime origin is supported, symbol identity remains ambiguous (vc71-static-runtime-family-2026-09-17)."
0x0045E3A0,3,0x0045E3A2,FUN_0045e3a0,,CRT,excluded,0.00,,,false,,Ghidra 12.1.3 auto-analysis candidate; boundary unreviewed,library,Target default zero-result math callback is registered or consumed only by reviewed CRT runtime code (target-vc71-runtime-callback-helper-2026-09-17). Exact object provenance remains unknown.
0x0045E3A3,677,0x0045E647,__raise_exc,__raise_exc,CRT,excluded,0.00,,,false,,Ghidra 12.1.3 auto-analysis candidate; boundary unreviewed,library,"Pinned VC7.1 libcmt.lib member ..\build\intel\mt_obj\fpexcept.obj symbol __raise_exc: complete 677-byte COFF extent and 665 non-relocation bytes match target; origin only, no source-exact claim (vc71-static-runtime-body-2026-09-17)."
0x0045E648,548,0x0045E86B,__handle_exc,__handle_exc,CRT,excluded,0.00,,,false,,Ghidra 12.1.3 auto-analysis candidate; boundary unreviewed,library,"Pinned VC7.1 libcmt.lib member ..\build\intel\mt_obj\fpexcept.obj symbol __handle_exc: complete 548-byte COFF extent and 472 non-relocation bytes match target; origin only, no source-exact claim (vc71-static-runtime-body-2026-09-17)."
0x0045E86C,40,0x0045E893,FID_conflict:__set_errno_from_matherr,__set_errno,CRT,excluded,0.00,,,false,,Ghidra 12.1.3 auto-analysis candidate; boundary unreviewed,library,"Pinned VC7.1 libcmt.lib member ..\build\intel\mt_obj\fpexcept.obj symbol __set_errno: complete 40-byte COFF extent and 32 non-relocation bytes match target; origin only, no source-exact claim (vc71-static-runtime-body-2026-09-17)."
0x0045E8B4,45,0x0045E8E0,__errcode,__errcode,CRT,excluded,0.00,,,false,,Ghidra 12.1.3 auto-analysis candidate; boundary unreviewed,library,"Pinned VC7.1 libcmt.lib member ..\build\intel\mt_obj\fpexcept.obj symbol __errcode: complete 45-byte COFF extent and 45 non-relocation bytes match target; origin only, no source-exact claim (vc71-static-runtime-body-2026-09-17)."
0x0045E8E1,158,0x0045E97E,__umatherr,__umatherr,CRT,excluded,0.00,,,false,,Ghidra 12.1.3 auto-analysis candidate; boundary unreviewed,library,"Pinned VC7.1 libcmt.lib member ..\build\intel\mt_obj\fpexcept.obj symbol __umatherr: complete 158-byte COFF extent and 130 non-relocation bytes match target; origin only, no source-exact claim (vc71-static-runtime-body-2026-09-17)."
0x0045E97F,83,0x0045E9D1,__handle_qnan1,__handle_qnan1,CRT,excluded,0.00,,,false,,Ghidra 12.1.3 auto-analysis candidate; boundary unreviewed,library,"Pinned VC7.1 libcmt.lib member ..\build\intel\mt_obj\fpexcept.obj symbol __handle_qnan1: complete 83-byte COFF extent and 67 non-relocation bytes match target; origin only, no source-exact claim (vc71-static-runtime-body-2026-09-17)."
0x0045E9D2,95,0x0045EA30,__handle_qnan2,__handle_qnan2,CRT,excluded,0.00,,,false,,Ghidra 12.1.3 auto-analysis candidate; boundary unreviewed,library,"Pinned VC7.1 libcmt.lib member ..\build\intel\mt_obj\fpexcept.obj symbol __handle_qnan2: complete 95-byte COFF extent and 79 non-relocation bytes match target; origin only, no source-exact claim (vc71-static-runtime-body-2026-09-17)."
0x0045EA31,188,0x0045EAEC,FUN_0045ea31,__except1,CRT,excluded,0.00,,,false,,Ghidra 12.1.3 auto-analysis candidate; boundary unreviewed,library,"Pinned VC7.1 libcmt.lib member ..\build\intel\mt_obj\fpexcept.obj symbol __except1: complete 188-byte COFF extent and 152 non-relocation bytes match target; origin only, no source-exact claim (vc71-static-runtime-body-2026-09-17)."
0x0045EAED,205,0x0045EBB9,FUN_0045eaed,__except2,CRT,excluded,0.00,,,false,,Ghidra 12.1.3 auto-analysis candidate; boundary unreviewed,library,"Pinned VC7.1 libcmt.lib member ..\build\intel\mt_obj\fpexcept.obj symbol __except2: complete 205-byte COFF extent and 169 non-relocation bytes match target; origin only, no source-exact claim (vc71-static-runtime-body-2026-09-17)."
0x0045EBBA,17,0x0045EBCA,__frnd,__frnd,CRT,excluded,0.00,,,false,,Ghidra 12.1.3 auto-analysis candidate; boundary unreviewed,library,Pinned VC7.1 libcmt.lib member ..\build\intel\mt_obj\frnd.obj symbol __frnd: unique complete 17-byte COFF body with 17 exact non-relocation bytes; short-body provenance is medium confidence (vc71-static-runtime-short-body-2026-09-17).
0x0045EBCB,42,0x0045EBF4,__set_exp,__set_exp,CRT,excluded,0.00,,,false,,Ghidra 12.1.3 auto-analysis candidate; boundary unreviewed,library,"Pinned VC7.1 libcmt.lib member ..\build\intel\mt_obj\util.obj symbol __set_exp: complete 42-byte COFF extent and 42 non-relocation bytes match target; origin only, no source-exact claim (vc71-static-runtime-body-2026-09-17)."
0x0045EC34,37,0x0045EC58,__set_bexp,__set_bexp,CRT,excluded,0.00,,,false,,Ghidra 12.1.3 auto-analysis candidate; boundary unreviewed,library,"Pinned VC7.1 libcmt.lib member ..\build\intel\mt_obj\util.obj symbol __set_bexp: complete 37-byte COFF extent and 37 non-relocation bytes match target; origin only, no source-exact claim (vc71-static-runtime-body-2026-09-17)."
0x0045EC59,91,0x0045ECB3,__sptype,__sptype,CRT,excluded,0.00,,,false,,Ghidra 12.1.3 auto-analysis candidate; boundary unreviewed,library,"Pinned VC7.1 libcmt.lib member ..\build\intel\mt_obj\util.obj symbol __sptype: complete 91-byte COFF extent and 91 non-relocation bytes match target; origin only, no source-exact claim (vc71-static-runtime-body-2026-09-17)."
0x0045ECB4,188,0x0045ED6F,__decomp,__decomp,CRT,excluded,0.00,,,false,,Ghidra 12.1.3 auto-analysis candidate; boundary unreviewed,library,"Pinned VC7.1 libcmt.lib member ..\build\intel\mt_obj\util.obj symbol __decomp: complete 188-byte COFF extent and 172 non-relocation bytes match target; origin only, no source-exact claim (vc71-static-runtime-body-2026-09-17)."
0x0045ED70,11,0x0045ED7A,__statfp,,CRT,excluded,0.00,,,false,,Ghidra 12.1.3 auto-analysis candidate; boundary unreviewed,library,Target runtime behavior review: x87 status-word runtime helper (target-vc71-runtime-special-2026-09-17). No exact CRT object identity claimed.
0x0045ED7B,12,0x0045ED86,__clrfp,__clrfp,CRT,excluded,0.00,,,false,,Ghidra 12.1.3 auto-analysis candidate; boundary unreviewed,library,Pinned VC7.1 libcmt.lib member ..\build\intel\mt_obj\fpctrl.obj symbol __clrfp: unique complete 12-byte COFF body with 12 exact non-relocation bytes; short-body provenance is medium confidence (vc71-static-runtime-short-body-2026-09-17).
0x0045ED87,36,0x0045EDAA,__ctrlfp,__ctrlfp,CRT,excluded,0.00,,,false,,Ghidra 12.1.3 auto-analysis candidate; boundary unreviewed,library,"Pinned VC7.1 libcmt.lib member ..\build\intel\mt_obj\fpctrl.obj symbol __ctrlfp: complete 36-byte COFF extent and 36 non-relocation bytes match target; origin only, no source-exact claim (vc71-static-runtime-body-2026-09-17)."
0x0045EDAB,86,0x0045EE00,FUN_0045edab,__set_statfp,CRT,excluded,0.00,,,false,,Ghidra 12.1.3 auto-analysis candidate; boundary unreviewed,library,"Pinned VC7.1 libcmt.lib member ..\build\intel\mt_obj\fpctrl.obj symbol __set_statfp: complete 86-byte COFF extent and 74 non-relocation bytes match target; origin only, no source-exact claim (vc71-static-runtime-body-2026-09-17)."
0x0045EE1D,982,0x0045F1F2,FUN_0045ee1d,___crtLCMapStringA,CRT,excluded,0.00,,,false,,Ghidra 12.1.3 auto-analysis candidate; boundary unreviewed,library,"Pinned VC7.1 libcmt.lib member build\intel\mt_obj\a_map.obj symbol ___crtLCMapStringA: complete 982-byte COFF extent and 818 non-relocation bytes match target; origin only, no source-exact claim (vc71-static-runtime-body-2026-09-17)."
0x0045F1F3,102,0x0045F258,___security_init_cookie,___security_init_cookie,CRT,excluded,0.00,,,false,,Ghidra 12.1.3 auto-analysis candidate; boundary unreviewed,library,"Pinned VC7.1 libcmt.lib member build\intel\mt_obj\seccinit.obj symbol ___security_init_cookie: complete 102-byte COFF extent and 70 non-relocation bytes match target; origin only, no source-exact claim (vc71-static-runtime-body-2026-09-17)."
0x0045F259,331,0x0045F3A3,FUN_0045f259,___security_error_handler,CRT,excluded,0.00,,,false,,Ghidra 12.1.3 auto-analysis candidate; boundary unreviewed,library,"Pinned VC7.1 libcmt.lib member build\intel\mt_obj\secfail.obj symbol ___security_error_handler: complete 331-byte COFF extent and 219 non-relocation bytes match target; origin only, no source-exact claim (vc71-static-runtime-body-2026-09-17)."
0x0045F3D0,249,0x0045F4C8,___crtMessageBoxA,___crtMessageBoxA,CRT,excluded,0.00,,,false,,Ghidra 12.1.3 auto-analysis candidate; boundary unreviewed,library,"Pinned VC7.1 libcmt.lib member build\intel\mt_obj\crtmbox.obj symbol ___crtMessageBoxA: complete 249-byte COFF extent and 165 non-relocation bytes match target; origin only, no source-exact claim (vc71-static-runtime-body-2026-09-17)."
0x0045F4C9,51,0x0045F4FB,x_ismbbtype,_x_ismbbtype,CRT,excluded,0.00,,,false,,Ghidra 12.1.3 auto-analysis candidate; boundary unreviewed,library,"Pinned VC7.1 libcmt.lib member build\intel\mt_obj\ismbbyte.obj symbol _x_ismbbtype: complete 51-byte COFF extent and 43 non-relocation bytes match target; origin only, no source-exact claim (vc71-static-runtime-body-2026-09-17)."
0x0045F590,17,0x0045F5A0,__ismbblead,__ismbblead,CRT,excluded,0.00,,,false,,Ghidra 12.1.3 auto-analysis candidate; boundary unreviewed,library,Pinned VC7.1 libcmt.lib member build\intel\mt_obj\ismbbyte.obj symbol __ismbblead: unique complete 17-byte COFF body with 13 exact non-relocation bytes; short-body provenance is medium confidence (vc71-static-runtime-short-body-2026-09-17).
0x0045F655,127,0x0045F6D3,__free_osfhnd,__free_osfhnd,CRT,excluded,0.00,,,false,,Ghidra 12.1.3 auto-analysis candidate; boundary unreviewed,library,"Pinned VC7.1 libcmt.lib member build\intel\mt_obj\osfinfo.obj symbol __free_osfhnd: complete 127-byte COFF extent and 103 non-relocation bytes match target; origin only, no source-exact claim (vc71-static-runtime-body-2026-09-17)."
0x0045F6D4,65,0x0045F714,__get_osfhandle,__get_osfhandle,CRT,excluded,0.00,,,false,,Ghidra 12.1.3 auto-analysis candidate; boundary unreviewed,library,"Pinned VC7.1 libcmt.lib member build\intel\mt_obj\osfinfo.obj symbol __get_osfhandle: complete 65-byte COFF extent and 49 non-relocation bytes match target; origin only, no source-exact claim (vc71-static-runtime-body-2026-09-17)."
0x0045F715,148,0x0045F7A8,__lock_fhandle,__lock_fhandle,CRT,excluded,0.00,,,false,,Ghidra 12.1.3 auto-analysis candidate; boundary unreviewed,library,Pinned VC7.1 libcmt.lib member build\intel\mt_obj\osfinfo.obj symbol __lock_fhandle: complete 160-byte COFF body matches target across 120 non-relocation bytes. Ledger entry is the 148-byte contiguous fragment; the COFF extent also owns a suffix/shared helper (vc71-static-runtime-extended-body-2026-09-17).
0x0045F7AC,9,0x0045F7B4,FUN_0045f7ac,,CRT,excluded,0.00,,,false,,Ghidra 12.1.3 auto-analysis candidate; boundary unreviewed,library,Local fragment lies wholly inside pinned VC7.1 libcmt.lib member build\intel\mt_obj\osfinfo.obj symbol __lock_fhandle at 0x0045F715 (160 matching COFF bytes); separate authored ownership is not claimed (vc71-static-runtime-contained-fragment-2026-09-17).
0x0045F7B5,34,0x0045F7D6,FUN_0045f7b5,__unlock_fhandle,CRT,excluded,0.00,,,false,,Ghidra 12.1.3 auto-analysis candidate; boundary unreviewed,library,"Pinned VC7.1 libcmt.lib member build\intel\mt_obj\osfinfo.obj symbol __unlock_fhandle: complete 34-byte COFF extent and 26 non-relocation bytes match target; origin only, no source-exact claim (vc71-static-runtime-body-2026-09-17)."
0x0045FA1A,131,0x0045FA9C,__lseeki64_lk,__lseeki64_lk,CRT,excluded,0.00,,,false,,Ghidra 12.1.3 auto-analysis candidate; boundary unreviewed,library,"Pinned VC7.1 libcmt.lib member build\intel\mt_obj\lseeki64.obj symbol __lseeki64_lk: complete 131-byte COFF extent and 107 non-relocation bytes match target; origin only, no source-exact claim (vc71-static-runtime-body-2026-09-17)."
0x0045FBF6,93,0x0045FC52,FUN_0045fbf6,__flush,CRT,excluded,0.00,,,false,,Ghidra 12.1.3 auto-analysis candidate; boundary unreviewed,library,"Pinned VC7.1 libcmt.lib member build\intel\mt_obj\fflush.obj symbol __flush: complete 93-byte COFF extent and 89 non-relocation bytes match target; origin only, no source-exact claim (vc71-static-runtime-body-2026-09-17)."
0x0045FDAF,9,0x0045FDB7,FUN_0045fdaf,,CRT,excluded,0.00,,,false,,Ghidra 12.1.3 auto-analysis candidate; boundary unreviewed,library,Complete thin runtime wrapper directly transfers to reviewed CRT 0x0045373D; floating-point trap invokes CRT fatal exit (target-vc71-runtime-wrapper-2026-09-17). No exact source identity claimed.
0x0045FE47,46,0x0045FE74,siglookup,_siglookup,CRT,excluded,0.00,,,false,,Ghidra 12.1.3 auto-analysis candidate; boundary unreviewed,library,"Pinned VC7.1 libcmt.lib member build\intel\mt_obj\winsig.obj symbol _siglookup: complete 46-byte COFF extent and 42 non-relocation bytes match target; origin only, no source-exact claim (vc71-static-runtime-body-2026-09-17)."
0x00460028,377,0x004601A0,_raise,_raise,CRT,excluded,0.00,,,false,,Ghidra 12.1.3 auto-analysis candidate; boundary unreviewed,library,"Pinned VC7.1 libcmt.lib member build\intel\mt_obj\winsig.obj symbol _raise: complete 377-byte COFF extent and 301 non-relocation bytes match target; origin only, no source-exact claim (vc71-static-runtime-body-2026-09-17)."
0x00460163,13,0x0046016F,FUN_00460163,,CRT,excluded,0.00,,,false,,Ghidra 12.1.3 auto-analysis candidate; boundary unreviewed,library,Local fragment lies wholly inside pinned VC7.1 libcmt.lib member build\intel\mt_obj\winsig.obj symbol _raise at 0x00460028 (377 matching COFF bytes); separate authored ownership is not claimed (vc71-static-runtime-contained-fragment-2026-09-17).
0x004601A1,71,0x004601E7,FUN_004601a1,___ansicp,CRT,excluded,0.00,,,false,,Ghidra 12.1.3 auto-analysis candidate; boundary unreviewed,library,"Pinned VC7.1 libcmt.lib member build\intel\mt_obj\convrtcp.obj symbol ___ansicp: complete 71-byte COFF extent and 55 non-relocation bytes match target; origin only, no source-exact claim (vc71-static-runtime-body-2026-09-17)."
0x004601E8,474,0x004603C1,FUN_004601e8,___convertcp,CRT,excluded,0.00,,,false,,Ghidra 12.1.3 auto-analysis candidate; boundary unreviewed,library,"Pinned VC7.1 libcmt.lib member build\intel\mt_obj\convrtcp.obj symbol ___convertcp: complete 474-byte COFF extent and 394 non-relocation bytes match target; origin only, no source-exact claim (vc71-static-runtime-body-2026-09-17)."
0x004603D0,78,0x0046041D,___ascii_stricmp,___ascii_stricmp,CRT,excluded,0.00,,,false,,Ghidra 12.1.3 auto-analysis candidate; boundary unreviewed,library,"Pinned VC7.1 libcmt.lib member build\intel\mt_obj\_stricmp.obj symbol ___ascii_stricmp: complete 78-byte COFF extent and 78 non-relocation bytes match target; origin only, no source-exact claim (vc71-static-runtime-body-2026-09-17)."
0x0046041E,304,0x0046054D,FUN_0046041e,___getlocaleinfo,CRT,excluded,0.00,,,false,,Ghidra 12.1.3 auto-analysis candidate; boundary unreviewed,library,"Pinned VC7.1 libcmt.lib member build\intel\mt_obj\inithelp.obj symbol ___getlocaleinfo: complete 304-byte COFF extent and 244 non-relocation bytes match target; origin only, no source-exact claim (vc71-static-runtime-body-2026-09-17)."
0x0046054E,105,0x004605B6,__stricmp,,CRT,excluded,0.00,2 stack args / RET,,false,,Target locale-aware case-insensitive comparison wrapper dispatches to the adjacent ASCII implementation on the default path; 11 direct target calls use this exact entry and the body ends in RET immediately before __strnicmp,library,Reviewed CRT _stricmp wrapper boundary and origin. Excluded from the authored denominator; exact original CRT library member is not claimed.
0x004605B7,127,0x00460635,__strnicmp,__strnicmp,CRT,excluded,0.00,,,false,,Ghidra 12.1.3 auto-analysis candidate; boundary unreviewed,library,"Pinned VC7.1 libcmt.lib member build\intel\mt_obj\strnicmp.obj symbol __strnicmp: complete 127-byte COFF extent and 103 non-relocation bytes match target; origin only, no source-exact claim (vc71-static-runtime-body-2026-09-17)."
0x00460636,62,0x00460673,xtoa,_xtoa,CRT,excluded,0.00,,,false,,Ghidra 12.1.3 auto-analysis candidate; boundary unreviewed,library,"Pinned VC7.1 libcmt.lib member build\intel\mt_obj\xtoa.obj symbol _xtoa: complete 62-byte COFF extent and 62 non-relocation bytes match target; origin only, no source-exact claim (vc71-static-runtime-body-2026-09-17)."
0x00460674,42,0x0046069D,__itoa,__itoa,CRT,excluded,0.00,,,false,,Ghidra 12.1.3 auto-analysis candidate; boundary unreviewed,library,"Pinned VC7.1 libcmt.lib member build\intel\mt_obj\xtoa.obj symbol __itoa: complete 42-byte COFF extent and 38 non-relocation bytes match target; origin only, no source-exact claim (vc71-static-runtime-body-2026-09-17)."
0x0046069E,39,0x004606C4,__ltoa,__ltoa,CRT,excluded,0.00,,,false,,Ghidra 12.1.3 auto-analysis candidate; boundary unreviewed,library,"Pinned VC7.1 libcmt.lib member build\intel\mt_obj\xtoa.obj symbol __ltoa: complete 39-byte COFF extent and 35 non-relocation bytes match target; origin only, no source-exact claim (vc71-static-runtime-body-2026-09-17)."
0x004606DF,109,0x0046074B,FID_conflict:@x64toa@20,_x64toa@20,CRT,excluded,0.00,,,false,,Ghidra 12.1.3 auto-analysis candidate; boundary unreviewed,library,"Pinned VC7.1 libcmt.lib member build\intel\mt_obj\xtoa.obj symbol _x64toa@20: complete 109-byte COFF extent and 105 non-relocation bytes match target; origin only, no source-exact claim (vc71-static-runtime-body-2026-09-17)."
0x0046074C,49,0x0046077C,__i64toa,__i64toa,CRT,excluded,0.00,,,false,,Ghidra 12.1.3 auto-analysis candidate; boundary unreviewed,library,"Pinned VC7.1 libcmt.lib member build\intel\mt_obj\xtoa.obj symbol __i64toa: complete 49-byte COFF extent and 45 non-relocation bytes match target; origin only, no source-exact claim (vc71-static-runtime-body-2026-09-17)."
0x0046077D,27,0x00460797,__ui64toa,__ui64toa,CRT,excluded,0.00,,,false,,Ghidra 12.1.3 auto-analysis candidate; boundary unreviewed,library,Pinned VC7.1 libcmt.lib member build\intel\mt_obj\xtoa.obj symbol __ui64toa: unique complete 27-byte COFF body with 23 exact non-relocation bytes; short-body provenance is medium confidence (vc71-static-runtime-short-body-2026-09-17).
0x00460798,33,0x004607B8,___addl,___addl,CRT,excluded,0.00,,,false,,Ghidra 12.1.3 auto-analysis candidate; boundary unreviewed,library,"Pinned VC7.1 libcmt.lib member ..\build\intel\mt_obj\mantold.obj symbol ___addl: complete 33-byte COFF extent and 33 non-relocation bytes match target; origin only, no source-exact claim (vc71-static-runtime-body-2026-09-17)."
0x004607B9,94,0x00460816,___add_12,___add_12,CRT,excluded,0.00,,,false,,Ghidra 12.1.3 auto-analysis candidate; boundary unreviewed,library,"Pinned VC7.1 libcmt.lib member ..\build\intel\mt_obj\mantold.obj symbol ___add_12: complete 94-byte COFF extent and 78 non-relocation bytes match target; origin only, no source-exact claim (vc71-static-runtime-body-2026-09-17)."
0x00460817,46,0x00460844,___shl_12,___shl_12,CRT,excluded,0.00,,,false,,Ghidra 12.1.3 auto-analysis candidate; boundary unreviewed,library,"Pinned VC7.1 libcmt.lib member ..\build\intel\mt_obj\mantold.obj symbol ___shl_12: complete 46-byte COFF extent and 46 non-relocation bytes match target; origin only, no source-exact claim (vc71-static-runtime-body-2026-09-17)."
0x00460845,45,0x00460871,___shr_12,___shr_12,CRT,excluded,0.00,,,false,,Ghidra 12.1.3 auto-analysis candidate; boundary unreviewed,library,"Pinned VC7.1 libcmt.lib member ..\build\intel\mt_obj\mantold.obj symbol ___shr_12: complete 45-byte COFF extent and 45 non-relocation bytes match target; origin only, no source-exact claim (vc71-static-runtime-body-2026-09-17)."
0x00460872,232,0x00460959,FUN_00460872,___mtold12,CRT,excluded,0.00,,,false,,Ghidra 12.1.3 auto-analysis candidate; boundary unreviewed,library,"Pinned VC7.1 libcmt.lib member ..\build\intel\mt_obj\mantold.obj symbol ___mtold12: complete 232-byte COFF extent and 200 non-relocation bytes match target; origin only, no source-exact claim (vc71-static-runtime-body-2026-09-17)."
0x0046095A,566,0x00460B8F,FUN_0046095a,___ld12mul,CRT,excluded,0.00,,,false,,Ghidra 12.1.3 auto-analysis candidate; boundary unreviewed,library,"Pinned VC7.1 libcmt.lib member ..\build\intel\mt_obj\tenpow.obj symbol ___ld12mul: complete 566-byte COFF extent and 546 non-relocation bytes match target; origin only, no source-exact claim (vc71-static-runtime-body-2026-09-17)."
0x00460B90,142,0x00460C1D,FUN_00460b90,___multtenpow12,CRT,excluded,0.00,,,false,,Ghidra 12.1.3 auto-analysis candidate; boundary unreviewed,library,"Pinned VC7.1 libcmt.lib member ..\build\intel\mt_obj\tenpow.obj symbol ___multtenpow12: complete 142-byte COFF extent and 122 non-relocation bytes match target; origin only, no source-exact claim (vc71-static-runtime-body-2026-09-17)."
0x00460C26,200,0x00460CED,___tolower_mt,___tolower_mt,CRT,excluded,0.00,,,false,,Ghidra 12.1.3 auto-analysis candidate; boundary unreviewed,library,"Pinned VC7.1 libcmt.lib member build\intel\mt_obj\tolower.obj symbol ___tolower_mt: complete 200-byte COFF extent and 192 non-relocation bytes match target; origin only, no source-exact claim (vc71-static-runtime-body-2026-09-17)."
0x00460CEE,34,0x00460D0F,_tolower,_tolower,CRT,excluded,0.00,,,false,,Ghidra 12.1.3 auto-analysis candidate; boundary unreviewed,library,Pinned VC7.1 libcmt.lib member build\intel\mt_obj\tolower.obj symbol _tolower has a complete same-size body and 18 exact non-relocation bytes; the target function name independently agrees (vc71-static-runtime-named-body-2026-09-17).
0x00460D10,119,0x00460D86,__fptostr,__fptostr,CRT,excluded,0.00,,,false,,Ghidra 12.1.3 auto-analysis candidate; boundary unreviewed,library,"Pinned VC7.1 libcmt.lib member build\intel\mt_obj\_fptostr.obj symbol __fptostr: complete 119-byte COFF extent and 111 non-relocation bytes match target; origin only, no source-exact claim (vc71-static-runtime-body-2026-09-17)."
0x00460D87,186,0x00460E40,___dtold,___dtold,CRT,excluded,0.00,,,false,,Ghidra 12.1.3 auto-analysis candidate; boundary unreviewed,library,"Pinned VC7.1 libcmt.lib member ..\build\intel\mt_obj\cfout.obj symbol ___dtold: complete 186-byte COFF extent and 186 non-relocation bytes match target; origin only, no source-exact claim (vc71-static-runtime-body-2026-09-17)."
0x00460E41,120,0x00460EB8,FUN_00460e41,__fltout2,CRT,excluded,0.00,,,false,,Ghidra 12.1.3 auto-analysis candidate; boundary unreviewed,library,"Pinned VC7.1 libcmt.lib member ..\build\intel\mt_obj\cfout.obj symbol __fltout2: complete 120-byte COFF extent and 100 non-relocation bytes match target; origin only, no source-exact claim (vc71-static-runtime-body-2026-09-17)."
0x00460EE4,146,0x00460F75,__abstract_cw,__abstract_cw,CRT,excluded,0.00,,,false,,Ghidra 12.1.3 auto-analysis candidate; boundary unreviewed,library,"Pinned VC7.1 libcmt.lib member ..\build\intel\mt_obj\ieee87.obj symbol __abstract_cw: complete 146-byte COFF extent and 146 non-relocation bytes match target; origin only, no source-exact claim (vc71-static-runtime-body-2026-09-17)."
0x00460F76,142,0x00461003,__hw_cw,__hw_cw,CRT,excluded,0.00,,,false,,Ghidra 12.1.3 auto-analysis candidate; boundary unreviewed,library,"Pinned VC7.1 libcmt.lib member ..\build\intel\mt_obj\ieee87.obj symbol __hw_cw: complete 142-byte COFF extent and 142 non-relocation bytes match target; origin only, no source-exact claim (vc71-static-runtime-body-2026-09-17)."
0x0046105E,50,0x0046108F,__control87,__control87,CRT,excluded,0.00,,,false,,Ghidra 12.1.3 auto-analysis candidate; boundary unreviewed,library,"Pinned VC7.1 libcmt.lib member ..\build\intel\mt_obj\ieee87.obj symbol __control87: complete 50-byte COFF extent and 42 non-relocation bytes match target; origin only, no source-exact claim (vc71-static-runtime-body-2026-09-17)."
0x00461090,22,0x004610A5,__controlfp,__controlfp,CRT,excluded,0.00,,,false,,Ghidra 12.1.3 auto-analysis candidate; boundary unreviewed,library,Pinned VC7.1 libcmt.lib member ..\build\intel\mt_obj\ieee87.obj symbol __controlfp: unique complete 22-byte COFF body with 18 exact non-relocation bytes; short-body provenance is medium confidence (vc71-static-runtime-short-body-2026-09-17).
0x004610A6,78,0x004610F3,__mbsnbicoll,__mbsnbicoll,CRT,excluded,0.00,,,false,,Ghidra 12.1.3 auto-analysis candidate; boundary unreviewed,library,"Pinned VC7.1 libcmt.lib member build\intel\mt_obj\mbsnbico.obj symbol __mbsnbicoll: complete 78-byte COFF extent and 62 non-relocation bytes match target; origin only, no source-exact claim (vc71-static-runtime-body-2026-09-17)."
0x004610F4,144,0x00461183,___wtomb_environ,___wtomb_environ,CRT,excluded,0.00,,,false,,Ghidra 12.1.3 auto-analysis candidate; boundary unreviewed,library,"Pinned VC7.1 libcmt.lib member build\intel\mt_obj\wtombenv.obj symbol ___wtomb_environ: complete 144-byte COFF extent and 120 non-relocation bytes match target; origin only, no source-exact claim (vc71-static-runtime-body-2026-09-17)."
0x00461184,477,0x00461360,FUN_00461184,__read_lk,CRT,excluded,0.00,,,false,,Ghidra 12.1.3 auto-analysis candidate; boundary unreviewed,library,"Pinned VC7.1 libcmt.lib member build\intel\mt_obj\read.obj symbol __read_lk: complete 477-byte COFF extent and 441 non-relocation bytes match target; origin only, no source-exact claim (vc71-static-runtime-body-2026-09-17)."
0x00461361,171,0x0046140B,__read,,CRT,excluded,0.00,,,false,,Ghidra 12.1.3 auto-analysis candidate; boundary unreviewed,library,"Pinned VC7.1 libcmt.lib has 4 matching full 171-byte COFF bodies with at least 24 exact non-relocation bytes; runtime origin is supported, symbol identity remains ambiguous (vc71-static-runtime-family-2026-09-17)."
0x004613E8,8,0x004613EF,FUN_004613e8,,CRT,excluded,0.00,,,false,,Ghidra 12.1.3 auto-analysis candidate; boundary unreviewed,library,Local fragment lies wholly inside pinned VC7.1 libcmt.lib member build\intel\mt_obj\locking.obj symbol __locking at 0x00461361 (171 matching COFF bytes); separate authored ownership is not claimed (vc71-static-runtime-contained-fragment-2026-09-17).
0x0046140C,76,0x00461457,FUN_0046140c,__fclose_lk,CRT,excluded,0.00,,,false,,Ghidra 12.1.3 auto-analysis candidate; boundary unreviewed,library,"Pinned VC7.1 libcmt.lib member build\intel\mt_obj\fclose.obj symbol __fclose_lk: complete 76-byte COFF extent and 60 non-relocation bytes match target; origin only, no source-exact claim (vc71-static-runtime-body-2026-09-17)."
0x00461565,304,0x00461694,___crtGetLocaleInfoW,___crtGetLocaleInfoW,CRT,excluded,0.00,,,false,,Ghidra 12.1.3 auto-analysis candidate; boundary unreviewed,library,"Pinned VC7.1 libcmt.lib member build\intel\mt_obj\w_loc.obj symbol ___crtGetLocaleInfoW: complete 304-byte COFF extent and 232 non-relocation bytes match target; origin only, no source-exact claim (vc71-static-runtime-body-2026-09-17)."
0x00461695,320,0x004617D4,___crtGetLocaleInfoA,___crtGetLocaleInfoA,CRT,excluded,0.00,,,false,,Ghidra 12.1.3 auto-analysis candidate; boundary unreviewed,library,"Pinned VC7.1 libcmt.lib member build\intel\mt_obj\a_loc.obj symbol ___crtGetLocaleInfoA: complete 320-byte COFF extent and 248 non-relocation bytes match target; origin only, no source-exact claim (vc71-static-runtime-body-2026-09-17)."
0x004617E0,97,0x00461840,___ascii_strnicmp,___ascii_strnicmp,CRT,excluded,0.00,,,false,,Ghidra 12.1.3 auto-analysis candidate; boundary unreviewed,library,"Pinned VC7.1 libcmt.lib member build\intel\mt_obj\_strnicm.obj symbol ___ascii_strnicmp: complete 97-byte COFF extent and 97 non-relocation bytes match target; origin only, no source-exact claim (vc71-static-runtime-body-2026-09-17)."
0x00461841,668,0x00461ADC,FUN_00461841,_$I10_OUTPUT,CRT,excluded,0.00,,,false,,Ghidra 12.1.3 auto-analysis candidate; boundary unreviewed,library,"Pinned VC7.1 libcmt.lib member ..\build\intel\mt_obj\x10fout.obj symbol _$I10_OUTPUT: complete 668-byte COFF extent and 604 non-relocation bytes match target; origin only, no source-exact claim (vc71-static-runtime-body-2026-09-17)."
0x00461ADD,28,0x00461AF8,_strncnt,_strncnt,CRT,excluded,0.00,,,false,,Ghidra 12.1.3 auto-analysis candidate; boundary unreviewed,library,Pinned VC7.1 libcmt.lib member build\intel\mt_obj\a_cmp.obj symbol _strncnt has a complete same-size body and 28 exact non-relocation bytes; the target function name independently agrees (vc71-static-runtime-named-body-2026-09-17).
0x00461AF9,906,0x00461E82,FUN_00461af9,___crtCompareStringA,CRT,excluded,0.00,,,false,,Ghidra 12.1.3 auto-analysis candidate; boundary unreviewed,library,"Pinned VC7.1 libcmt.lib member build\intel\mt_obj\a_cmp.obj symbol ___crtCompareStringA: complete 906-byte COFF extent and 754 non-relocation bytes match target; origin only, no source-exact claim (vc71-static-runtime-body-2026-09-17)."
0x00461E83,77,0x00461ECF,findenv,_findenv,CRT,excluded,0.00,,,false,,Ghidra 12.1.3 auto-analysis candidate; boundary unreviewed,library,"Pinned VC7.1 libcmt.lib member build\intel\mt_obj\setenv.obj symbol _findenv: complete 77-byte COFF extent and 61 non-relocation bytes match target; origin only, no source-exact claim (vc71-static-runtime-body-2026-09-17)."
0x00461ED0,97,0x00461F30,copy_environ,,CRT,excluded,0.00,,,false,,Ghidra 12.1.3 auto-analysis candidate; boundary unreviewed,library,"Pinned VC7.1 libcmt.lib has 2 matching full 97-byte COFF bodies with at least 24 exact non-relocation bytes; runtime origin is supported, symbol identity remains ambiguous (vc71-static-runtime-family-2026-09-17)."
0x00461F31,470,0x00462106,FUN_00461f31,___crtsetenv,CRT,excluded,0.00,,,false,,Ghidra 12.1.3 auto-analysis candidate; boundary unreviewed,library,"Pinned VC7.1 libcmt.lib member build\intel\mt_obj\setenv.obj symbol ___crtsetenv: complete 470-byte COFF extent and 362 non-relocation bytes match target; origin only, no source-exact claim (vc71-static-runtime-body-2026-09-17)."
0x00462107,131,0x00462189,__close_lk,__close_lk,CRT,excluded,0.00,,,false,,Ghidra 12.1.3 auto-analysis candidate; boundary unreviewed,library,"Pinned VC7.1 libcmt.lib member build\intel\mt_obj\close.obj symbol __close_lk: complete 131-byte COFF extent and 95 non-relocation bytes match target; origin only, no source-exact claim (vc71-static-runtime-body-2026-09-17)."
0x0046218A,155,0x00462224,FUN_0046218a,__close,CRT,excluded,0.00,,,false,,Ghidra 12.1.3 auto-analysis candidate; boundary unreviewed,library,"Pinned VC7.1 libcmt.lib member build\intel\mt_obj\close.obj symbol __close: complete 155-byte COFF extent and 111 non-relocation bytes match target; origin only, no source-exact claim (vc71-static-runtime-body-2026-09-17)."
0x00462201,8,0x00462208,FUN_00462201,,CRT,excluded,0.00,,,false,,Ghidra 12.1.3 auto-analysis candidate; boundary unreviewed,library,Local fragment lies wholly inside pinned VC7.1 libcmt.lib member build\intel\mt_obj\close.obj symbol __close at 0x0046218A (155 matching COFF bytes); separate authored ownership is not claimed (vc71-static-runtime-contained-fragment-2026-09-17).
0x00462225,43,0x0046224F,FUN_00462225,__freebuf,CRT,excluded,0.00,,,false,,Ghidra 12.1.3 auto-analysis candidate; boundary unreviewed,library,"Pinned VC7.1 libcmt.lib member build\intel\mt_obj\_freebuf.obj symbol __freebuf: complete 43-byte COFF extent and 39 non-relocation bytes match target; origin only, no source-exact claim (vc71-static-runtime-body-2026-09-17)."
0x00462250,43,0x0046227A,__strdup,__strdup,CRT,excluded,0.00,,,false,,Ghidra 12.1.3 auto-analysis candidate; boundary unreviewed,library,"Pinned VC7.1 libcmt.lib member build\intel\mt_obj\strdup.obj symbol __strdup: complete 43-byte COFF extent and 31 non-relocation bytes match target; origin only, no source-exact claim (vc71-static-runtime-body-2026-09-17)."
0x0046227B,123,0x004622F5,FUN_0046227b,__mbschr,CRT,excluded,0.00,,,false,,Ghidra 12.1.3 auto-analysis candidate; boundary unreviewed,library,"Pinned VC7.1 libcmt.lib member build\intel\mt_obj\mbschr.obj symbol __mbschr: complete 123-byte COFF extent and 107 non-relocation bytes match target; origin only, no source-exact claim (vc71-static-runtime-body-2026-09-17)."
0x00462301,38,0x00462326,"std::basic_string<char,std::char_traits<char>,std::allocator<char>_>::basic_string<char,std::char_traits<char>,std::allocator<char>_>",,CxxRuntime,excluded,0.00,,,false,,Ghidra 12.1.3 auto-analysis candidate; boundary unreviewed,library,Complete target code; IDA and target vtable/call review identifies a std::string constructor in the VC7.1 standard C++ exception family (target-vc71-standard-exception-family-2026-09-17). Exact CRT member and source unit remain unknown.
0x00462327,60,0x00462362,FID_conflict:runtime_error,,CxxRuntime,excluded,0.00,,,false,,Ghidra 12.1.3 auto-analysis candidate; boundary unreviewed,library,Complete target code; IDA and target vtable/call review identifies a std::logic_error constructor in the VC7.1 standard C++ exception family (target-vc71-standard-exception-family-2026-09-17). Exact CRT member and source unit remain unknown.
0x00462371,29,0x0046238D,FUN_00462371,,CxxRuntime,excluded,0.00,,,false,,Ghidra 12.1.3 auto-analysis candidate; boundary unreviewed,library,Complete target code; IDA and target vtable/call review identifies a std::logic_error destructor in the VC7.1 standard C++ exception family (target-vc71-standard-exception-family-2026-09-17). Exact CRT member and source unit remain unknown.
0x0046238E,28,0x004623A9,FUN_0046238e,,CxxRuntime,excluded,0.00,,,false,,Ghidra 12.1.3 auto-analysis candidate; boundary unreviewed,library,Complete target code; IDA and target vtable/call review identifies a std::logic_error deleting destructor in the VC7.1 standard C++ exception family (target-vc71-standard-exception-family-2026-09-17). Exact CRT member and source unit remain unknown.
0x004623C2,28,0x004623DD,FUN_004623c2,,CxxRuntime,excluded,0.00,,,false,,Ghidra 12.1.3 auto-analysis candidate; boundary unreviewed,library,Complete target code; IDA and target vtable/call review identifies a std::length_error deleting destructor in the VC7.1 standard C++ exception family (target-vc71-standard-exception-family-2026-09-17). Exact CRT member and source unit remain unknown.
0x004623DE,11,0x004623E8,FUN_004623de,,CxxRuntime,excluded,0.00,,,false,,Ghidra 12.1.3 auto-analysis candidate; boundary unreviewed,library,Complete target code; IDA and target vtable/call review identifies a std::length_error vtable destructor in the VC7.1 standard C++ exception family (target-vc71-standard-exception-family-2026-09-17). Exact CRT member and source unit remain unknown.
0x00462401,28,0x0046241C,FUN_00462401,,CxxRuntime,excluded,0.00,,,false,,Ghidra 12.1.3 auto-analysis candidate; boundary unreviewed,library,Complete target code; IDA and target vtable/call review identifies a std::out_of_range deleting destructor in the VC7.1 standard C++ exception family (target-vc71-standard-exception-family-2026-09-17). Exact CRT member and source unit remain unknown.
0x0046241D,11,0x00462427,FUN_0046241d,,CxxRuntime,excluded,0.00,,,false,,Ghidra 12.1.3 auto-analysis candidate; boundary unreviewed,library,Complete target code; IDA and target vtable/call review identifies a std::out_of_range vtable destructor in the VC7.1 standard C++ exception family (target-vc71-standard-exception-family-2026-09-17). Exact CRT member and source unit remain unknown.
0x00462428,63,0x00462466,FUN_00462428,,CxxRuntime,excluded,0.00,,,false,,Ghidra 12.1.3 auto-analysis candidate; boundary unreviewed,library,Complete target code; IDA and target vtable/call review identifies a std::string invalid-position throw helper in the VC7.1 standard C++ exception family (target-vc71-standard-exception-family-2026-09-17). Exact CRT member and source unit remain unknown.
0x004624C3,34,0x004624E4,FUN_004624c3,,CxxRuntime,excluded,0.00,,,false,,Ghidra 12.1.3 auto-analysis candidate; boundary unreviewed,library,Complete target code; IDA and target vtable/call review identifies a std::string constructor in the VC7.1 standard C++ exception family (target-vc71-standard-exception-family-2026-09-17). Exact CRT member and source unit remain unknown.
0x004624E5,63,0x00462523,FUN_004624e5,,CxxRuntime,excluded,0.00,,,false,,Ghidra 12.1.3 auto-analysis candidate; boundary unreviewed,library,Complete target code; IDA and target vtable/call review identifies a std::string excessive-length throw helper in the VC7.1 standard C++ exception family (target-vc71-standard-exception-family-2026-09-17). Exact CRT member and source unit remain unknown.
0x0046263A,6,0x0046263F,KERNEL32.DLL::RtlUnwind,,PEImport,excluded,0.00,,,true,,Ghidra 12.1.3 auto-analysis candidate; boundary unreviewed,import_thunk,"Target FF 25 jump reaches PE IAT slot 0x0046607C for KERNEL32.dll::RtlUnwind; import thunk, no authored body (pe32-iat-jump-thunk-2026-09-17)."
0x004626D6,43,0x00462700,_JumpToContinuation,?_JumpToContinuation@@YGXPAXPAUEHRegistrationNode@@@Z,CRT,excluded,0.00,,,false,,Ghidra 12.1.3 auto-analysis candidate; boundary unreviewed,library,Pinned VC7.1 libcmt.lib member ..\build\intel\mt_obj\trnsctrl.obj symbol ?_JumpToContinuation@@YGXPAXPAUEHRegistrationNode@@@Z: complete 48-byte COFF body matches target across 48 non-relocation bytes. Ledger entry is the 43-byte contiguous fragment; the COFF extent also owns a suffix/shared helper (vc71-static-runtime-extended-body-2026-09-17).
0x00462706,7,0x0046270C,_CallMemberFunction0,,CxxEH,excluded,0.00,,,false,,Ghidra 12.1.3 auto-analysis candidate; boundary unreviewed,library,Seven-byte member-call adapter directly called by reviewed CRT EH body 0x00462F7C at 0x00462FA1 (target-vc71-eh-member-adapter-2026-09-17). Exact object provenance remains unknown.
0x0046270D,7,0x00462713,FID_conflict:_CallMemberFunction1,,CxxEH,excluded,0.00,,,false,,Ghidra 12.1.3 auto-analysis candidate; boundary unreviewed,library,Seven-byte member-call adapter directly called by reviewed CRT EH body 0x00463399 at 0x004634F3 (target-vc71-eh-member-adapter-2026-09-17). Exact object provenance remains unknown.
0x00462714,7,0x0046271A,FID_conflict:_CallMemberFunction1,,CxxEH,excluded,0.00,,,false,,Ghidra 12.1.3 auto-analysis candidate; boundary unreviewed,library,Seven-byte member-call adapter directly called by reviewed CRT EH body 0x00463399 at 0x004634E2 (target-vc71-eh-member-adapter-2026-09-17). Exact object provenance remains unknown.
0x0046271B,82,0x0046276C,_UnwindNestedFrames,?_UnwindNestedFrames@@YGXPAUEHRegistrationNode@@PAUEHExceptionRecord@@@Z,CRT,excluded,0.00,,,false,,Ghidra 12.1.3 auto-analysis candidate; boundary unreviewed,library,"Pinned VC7.1 libcmt.lib member ..\build\intel\mt_obj\trnsctrl.obj symbol ?_UnwindNestedFrames@@YGXPAUEHRegistrationNode@@PAUEHExceptionRecord@@@Z: complete 82-byte COFF extent and 74 non-relocation bytes match target; origin only, no source-exact claim (vc71-static-runtime-body-2026-09-17)."
0x0046276D,54,0x004627A2,___CxxFrameHandler,___CxxFrameHandler,CRT,excluded,0.00,,,false,,Ghidra 12.1.3 auto-analysis candidate; boundary unreviewed,library,"Pinned VC7.1 libcmt.lib member ..\build\intel\mt_obj\trnsctrl.obj symbol ___CxxFrameHandler: complete 54-byte COFF extent and 50 non-relocation bytes match target; origin only, no source-exact claim (vc71-static-runtime-body-2026-09-17)."
0x004627F8,199,0x004628BE,_CallSETranslator,?_CallSETranslator@@YAHPAUEHExceptionRecord@@PAUEHRegistrationNode@@PAX2PBU_s_FuncInfo@@H1@Z,CRT,excluded,0.00,,,false,,Ghidra 12.1.3 auto-analysis candidate; boundary unreviewed,library,"Pinned VC7.1 libcmt.lib member ..\build\intel\mt_obj\trnsctrl.obj symbol ?_CallSETranslator@@YAHPAUEHExceptionRecord@@PAUEHRegistrationNode@@PAX2PBU_s_FuncInfo@@H1@Z: complete 199-byte COFF extent and 183 non-relocation bytes match target; origin only, no source-exact claim (vc71-static-runtime-body-2026-09-17)."
0x004628BF,178,0x00462970,TranslatorGuardHandler,?TranslatorGuardHandler@@YA?AW4_EXCEPTION_DISPOSITION@@PAUEHExceptionRecord@@PAUTranslatorGuardRN@@PAX2@Z,CRT,excluded,0.00,,,false,,Ghidra 12.1.3 auto-analysis candidate; boundary unreviewed,library,"Pinned VC7.1 libcmt.lib member ..\build\intel\mt_obj\trnsctrl.obj symbol ?TranslatorGuardHandler@@YA?AW4_EXCEPTION_DISPOSITION@@PAUEHExceptionRecord@@PAUTranslatorGuardRN@@PAX2@Z: complete 178-byte COFF extent and 162 non-relocation bytes match target; origin only, no source-exact claim (vc71-static-runtime-body-2026-09-17)."
0x00462971,122,0x004629EA,_GetRangeOfTrysToCheck,?_GetRangeOfTrysToCheck@@YAPBU_s_TryBlockMapEntry@@PBU_s_FuncInfo@@HHPAI1@Z,CRT,excluded,0.00,,,false,,Ghidra 12.1.3 auto-analysis candidate; boundary unreviewed,library,"Pinned VC7.1 libcmt.lib member ..\build\intel\mt_obj\trnsctrl.obj symbol ?_GetRangeOfTrysToCheck@@YAPBU_s_TryBlockMapEntry@@PBU_s_FuncInfo@@HHPAI1@Z: complete 122-byte COFF extent and 114 non-relocation bytes match target; origin only, no source-exact claim (vc71-static-runtime-body-2026-09-17)."
0x004629EB,40,0x00462A12,_CreateFrameInfo,?_CreateFrameInfo@@YAPAUFrameInfo@@PAU1@PAX@Z,CRT,excluded,0.00,,,false,,Ghidra 12.1.3 auto-analysis candidate; boundary unreviewed,library,"Pinned VC7.1 libcmt.lib member ..\build\intel\mt_obj\trnsctrl.obj symbol ?_CreateFrameInfo@@YAPAUFrameInfo@@PAU1@PAX@Z: complete 40-byte COFF extent and 32 non-relocation bytes match target; origin only, no source-exact claim (vc71-static-runtime-body-2026-09-17)."
0x00462A13,33,0x00462A33,IsExceptionObjectToBeDestroyed,?IsExceptionObjectToBeDestroyed@@YAHPAX@Z,CRT,excluded,0.00,,,false,,Ghidra 12.1.3 auto-analysis candidate; boundary unreviewed,library,"Pinned VC7.1 libcmt.lib member ..\build\intel\mt_obj\trnsctrl.obj symbol ?IsExceptionObjectToBeDestroyed@@YAHPAX@Z: complete 33-byte COFF extent and 29 non-relocation bytes match target; origin only, no source-exact claim (vc71-static-runtime-body-2026-09-17)."
0x00462A34,76,0x00462A7F,_FindAndUnlinkFrame,?_FindAndUnlinkFrame@@YAXPAUFrameInfo@@@Z,CRT,excluded,0.00,,,false,,Ghidra 12.1.3 auto-analysis candidate; boundary unreviewed,library,"Pinned VC7.1 libcmt.lib member ..\build\intel\mt_obj\trnsctrl.obj symbol ?_FindAndUnlinkFrame@@YAXPAUFrameInfo@@@Z: complete 76-byte COFF extent and 60 non-relocation bytes match target; origin only, no source-exact claim (vc71-static-runtime-body-2026-09-17)."
0x00462A80,89,0x00462AD8,_CallCatchBlock2,?_CallCatchBlock2@@YAPAXPAUEHRegistrationNode@@PBU_s_FuncInfo@@PAXHK@Z,CRT,excluded,0.00,,,false,,Ghidra 12.1.3 auto-analysis candidate; boundary unreviewed,library,"Pinned VC7.1 libcmt.lib member ..\build\intel\mt_obj\trnsctrl.obj symbol ?_CallCatchBlock2@@YAPAXPAUEHRegistrationNode@@PBU_s_FuncInfo@@PAXHK@Z: complete 89-byte COFF extent and 77 non-relocation bytes match target; origin only, no source-exact claim (vc71-static-runtime-body-2026-09-17)."
0x00462ADC,31,0x00462AFA,FUN_00462adc,__EH_prolog,CRT,excluded,0.00,,,false,,Ghidra 12.1.3 auto-analysis candidate; boundary unreviewed,library,Pinned VC7.1 libcmt.lib member ..\build\intel\mt_obj\ehprolog.obj symbol __EH_prolog: unique complete 31-byte COFF body with 31 exact non-relocation bytes; short-body provenance is medium confidence (vc71-static-runtime-short-body-2026-09-17).
0x00462AFB,58,0x00462B34,__CxxThrowException@8,__CxxThrowException@8,CRT,excluded,0.00,,,false,,Ghidra 12.1.3 auto-analysis candidate; boundary unreviewed,library,"Pinned VC7.1 libcmt.lib member ..\build\intel\mt_obj\throw.obj symbol __CxxThrowException@8: complete 58-byte COFF extent and 50 non-relocation bytes match target; origin only, no source-exact claim (vc71-static-runtime-body-2026-09-17)."
0x00462B35,61,0x00462B71,type_info::~type_info,??1type_info@@UAE@XZ,CRT,excluded,0.00,,,false,,Ghidra 12.1.3 auto-analysis candidate; boundary unreviewed,library,Pinned VC7.1 libcmt.lib member ..\build\intel\mt_obj\typinfo.obj symbol ??1type_info@@UAE@XZ: complete 70-byte COFF body matches target across 42 non-relocation bytes. Ledger entry is the 61-byte contiguous fragment; the COFF extent also owns a suffix/shared helper (vc71-static-runtime-extended-body-2026-09-17).
0x00462B72,9,0x00462B7A,FUN_00462b72,,CRT,excluded,0.00,,,false,,Ghidra 12.1.3 auto-analysis candidate; boundary unreviewed,library,Local fragment lies wholly inside pinned VC7.1 libcmt.lib member ..\build\intel\mt_obj\typinfo.obj symbol ??1type_info@@UAE@XZ at 0x00462B35 (70 matching COFF bytes); separate authored ownership is not claimed (vc71-static-runtime-contained-fragment-2026-09-17).
0x00462B7B,28,0x00462B96,type_info::`scalar_deleting_destructor',,CxxRuntime,excluded,0.00,,,false,,Ghidra 12.1.3 auto-analysis candidate; boundary unreviewed,library,Complete target code; IDA and target vtable/call review identifies a type_info deleting destructor in the VC7.1 standard C++ exception family (target-vc71-standard-exception-family-2026-09-17). Exact CRT member and source unit remain unknown.
0x00462C01,17,0x00462C11,exception::exception,??0exception@@QAE@XZ,CRT,excluded,0.00,,,false,,Ghidra 12.1.3 auto-analysis candidate; boundary unreviewed,library,Pinned VC7.1 libcmt.lib member ..\build\intel\mt_obj\stdexcpt.obj symbol ??0exception@@QAE@XZ: unique complete 17-byte COFF body with 13 exact non-relocation bytes; short-body provenance is medium confidence (vc71-static-runtime-short-body-2026-09-17).
0x00462C5A,82,0x00462CAB,FUN_00462c5a,??0exception@@QAE@ABV0@@Z,CRT,excluded,0.00,,,false,,Ghidra 12.1.3 auto-analysis candidate; boundary unreviewed,library,"Pinned VC7.1 libcmt.lib member ..\build\intel\mt_obj\stdexcpt.obj symbol ??0exception@@QAE@ABV0@@Z: complete 82-byte COFF extent and 66 non-relocation bytes match target; origin only, no source-exact claim (vc71-static-runtime-body-2026-09-17)."
0x00462CAC,22,0x00462CC1,exception::~exception,??1exception@@UAE@XZ,CRT,excluded,0.00,,,false,,Ghidra 12.1.3 auto-analysis candidate; boundary unreviewed,library,Pinned VC7.1 libcmt.lib member ..\build\intel\mt_obj\stdexcpt.obj symbol ??1exception@@UAE@XZ: unique complete 22-byte COFF body with 14 exact non-relocation bytes; short-body provenance is medium confidence (vc71-static-runtime-short-body-2026-09-17).
0x00462D00,11,0x00462D0A,FUN_00462d00,,CxxRuntime,excluded,0.00,,,false,,Ghidra 12.1.3 auto-analysis candidate; boundary unreviewed,library,Complete target code; IDA and target vtable/call review identifies a bad_cast vtable destructor in the VC7.1 standard C++ exception family (target-vc71-standard-exception-family-2026-09-17). Exact CRT member and source unit remain unknown.
0x00462D3C,11,0x00462D46,FUN_00462d3c,,CxxRuntime,excluded,0.00,,,false,,Ghidra 12.1.3 auto-analysis candidate; boundary unreviewed,library,Complete target code; IDA and target vtable/call review identifies a bad_typeid vtable destructor in the VC7.1 standard C++ exception family (target-vc71-standard-exception-family-2026-09-17). Exact CRT member and source unit remain unknown.
0x00462D77,11,0x00462D81,FUN_00462d77,,CxxRuntime,excluded,0.00,,,false,,Ghidra 12.1.3 auto-analysis candidate; boundary unreviewed,library,Complete target code; IDA and target vtable/call review identifies a bad_typeid vtable destructor in the VC7.1 standard C++ exception family (target-vc71-standard-exception-family-2026-09-17). Exact CRT member and source unit remain unknown.
0x00462D82,28,0x00462D9D,FUN_00462d82,,CxxRuntime,excluded,0.00,,,false,,Ghidra 12.1.3 auto-analysis candidate; boundary unreviewed,library,Complete target code; IDA and target vtable/call review identifies a base exception deleting destructor in the VC7.1 standard C++ exception family (target-vc71-standard-exception-family-2026-09-17). Exact CRT member and source unit remain unknown.
0x00462D9E,31,0x00462DBC,exception::operator=,??4exception@@QAEAAV0@ABV0@@Z,CRT,excluded,0.00,,,false,,Ghidra 12.1.3 auto-analysis candidate; boundary unreviewed,library,Pinned VC7.1 libcmt.lib member ..\build\intel\mt_obj\stdexcpt.obj symbol ??4exception@@QAEAAV0@ABV0@@Z: unique complete 31-byte COFF body with 23 exact non-relocation bytes; short-body provenance is medium confidence (vc71-static-runtime-short-body-2026-09-17).
0x00462DBD,28,0x00462DD8,FUN_00462dbd,,CxxRuntime,excluded,0.00,,,false,,Ghidra 12.1.3 auto-analysis candidate; boundary unreviewed,library,Complete target code; IDA and target vtable/call review identifies a bad_cast deleting destructor in the VC7.1 standard C++ exception family (target-vc71-standard-exception-family-2026-09-17). Exact CRT member and source unit remain unknown.
0x00462DD9,28,0x00462DF4,FUN_00462dd9,,CxxRuntime,excluded,0.00,,,false,,Ghidra 12.1.3 auto-analysis candidate; boundary unreviewed,library,Complete target code; IDA and target vtable/call review identifies a bad_typeid deleting destructor in the VC7.1 standard C++ exception family (target-vc71-standard-exception-family-2026-09-17). Exact CRT member and source unit remain unknown.
0x00462DF5,28,0x00462E10,FUN_00462df5,,CxxRuntime,excluded,0.00,,,false,,Ghidra 12.1.3 auto-analysis candidate; boundary unreviewed,library,Complete target code; IDA and target vtable/call review identifies a bad_typeid deleting destructor in the VC7.1 standard C++ exception family (target-vc71-standard-exception-family-2026-09-17). Exact CRT member and source unit remain unknown.
0x00462E11,79,0x00462E5F,TypeMatch,?TypeMatch@@YAHPBU_s_HandlerType@@PBU_s_CatchableType@@PBU_s_ThrowInfo@@@Z,CRT,excluded,0.00,,,false,,Ghidra 12.1.3 auto-analysis candidate; boundary unreviewed,library,"Pinned VC7.1 libcmt.lib member ..\build\intel\mt_obj\frame.obj symbol ?TypeMatch@@YAHPBU_s_HandlerType@@PBU_s_CatchableType@@PBU_s_ThrowInfo@@@Z: complete 79-byte COFF extent and 75 non-relocation bytes match target; origin only, no source-exact claim (vc71-static-runtime-body-2026-09-17)."
0x00462E7E,173,0x00462F2A,___FrameUnwindToState,___FrameUnwindToState,CRT,excluded,0.00,,,false,,Ghidra 12.1.3 auto-analysis candidate; boundary unreviewed,library,Pinned VC7.1 libcmt.lib member ..\build\intel\mt_obj\frame.obj symbol ___FrameUnwindToState: complete 206-byte COFF body matches target across 166 non-relocation bytes. Ledger entry is the 173-byte contiguous fragment; the COFF extent also owns a suffix/shared helper (vc71-static-runtime-extended-body-2026-09-17).
0x00462F31,27,0x00462F4B,FUN_00462f31,,CRT,excluded,0.00,,,false,,Ghidra 12.1.3 auto-analysis candidate; boundary unreviewed,library,Local fragment lies wholly inside pinned VC7.1 libcmt.lib member ..\build\intel\mt_obj\frame.obj symbol ___FrameUnwindToState at 0x00462E7E (206 matching COFF bytes); separate authored ownership is not claimed (vc71-static-runtime-contained-fragment-2026-09-17).
0x00462F7C,52,0x00462FAF,___DestructExceptionObject,___DestructExceptionObject,CRT,excluded,0.00,,,false,,Ghidra 12.1.3 auto-analysis candidate; boundary unreviewed,library,Pinned VC7.1 libcmt.lib member ..\build\intel\mt_obj\frame.obj symbol ___DestructExceptionObject: complete 69-byte COFF body matches target across 49 non-relocation bytes. Ledger entry is the 52-byte contiguous fragment; the COFF extent also owns a suffix/shared helper (vc71-static-runtime-extended-body-2026-09-17).
0x00462FC1,31,0x00462FDF,AdjustPointer,?AdjustPointer@@YAPAXPAXABUPMD@@@Z,CRT,excluded,0.00,,,false,,Ghidra 12.1.3 auto-analysis candidate; boundary unreviewed,library,Pinned VC7.1 libcmt.lib member ..\build\intel\mt_obj\frame.obj symbol ?AdjustPointer@@YAPAXPAXABUPMD@@@Z: unique complete 31-byte COFF body with 31 exact non-relocation bytes; short-body provenance is medium confidence (vc71-static-runtime-short-body-2026-09-17).
0x004631D5,332,0x00463320,CallCatchBlock,?CallCatchBlock@@YAPAXPAUEHExceptionRecord@@PAUEHRegistrationNode@@PAU_CONTEXT@@PBU_s_FuncInfo@@PAXHK@Z,CRT,excluded,0.00,,,false,,Ghidra 12.1.3 auto-analysis candidate; boundary unreviewed,library,Pinned VC7.1 libcmt.lib member ..\build\intel\mt_obj\frame.obj symbol ?CallCatchBlock@@YAPAXPAUEHExceptionRecord@@PAUEHRegistrationNode@@PAU_CONTEXT@@PBU_s_FuncInfo@@PAXHK@Z: complete 452-byte COFF body matches target across 388 non-relocation bytes. Ledger entry is the 332-byte contiguous fragment; the COFF extent also owns a suffix/shared helper (vc71-static-runtime-extended-body-2026-09-17).
0x0046332A,111,0x00463398,FUN_0046332a,,CRT,excluded,0.00,,,false,,Ghidra 12.1.3 auto-analysis candidate; boundary unreviewed,library,Local fragment lies wholly inside pinned VC7.1 libcmt.lib member ..\build\intel\mt_obj\frame.obj symbol ?CallCatchBlock@@YAPAXPAUEHExceptionRecord@@PAUEHRegistrationNode@@PAU_CONTEXT@@PBU_s_FuncInfo@@PAXHK@Z at 0x004631D5 (452 matching COFF bytes); separate authored ownership is not claimed (vc71-static-runtime-contained-fragment-2026-09-17).
0x00463399,368,0x00463508,BuildCatchObject,?BuildCatchObject@@YAXPAUEHExceptionRecord@@PAXPBU_s_HandlerType@@PBU_s_CatchableType@@@Z,CRT,excluded,0.00,,,false,,Ghidra 12.1.3 auto-analysis candidate; boundary unreviewed,library,Pinned VC7.1 libcmt.lib member ..\build\intel\mt_obj\frame.obj symbol ?BuildCatchObject@@YAXPAUEHExceptionRecord@@PAXPBU_s_HandlerType@@PBU_s_CatchableType@@@Z: complete 380-byte COFF body matches target across 292 non-relocation bytes. Ledger entry is the 368-byte contiguous fragment; the COFF extent also owns a suffix/shared helper (vc71-static-runtime-extended-body-2026-09-17).
0x00463515,293,0x00463639,___CxxExceptionFilter,___CxxExceptionFilter,CRT,excluded,0.00,,,false,,Ghidra 12.1.3 auto-analysis candidate; boundary unreviewed,library,"Pinned VC7.1 libcmt.lib member ..\build\intel\mt_obj\frame.obj symbol ___CxxExceptionFilter: complete 293-byte COFF extent and 265 non-relocation bytes match target; origin only, no source-exact claim (vc71-static-runtime-body-2026-09-17)."
0x0046363A,103,0x004636A0,CatchIt,?CatchIt@@YAXPAUEHExceptionRecord@@PAUEHRegistrationNode@@PAU_CONTEXT@@PAXPBU_s_FuncInfo@@PBU_s_HandlerType@@PBU_s_CatchableType@@PBU_s_TryBlockMapEntry@@H1E@Z,CRT,excluded,0.00,,,false,,Ghidra 12.1.3 auto-analysis candidate; boundary unreviewed,library,"Pinned VC7.1 libcmt.lib member ..\build\intel\mt_obj\frame.obj symbol ?CatchIt@@YAXPAUEHExceptionRecord@@PAUEHRegistrationNode@@PAU_CONTEXT@@PAXPBU_s_FuncInfo@@PBU_s_HandlerType@@PBU_s_CatchableType@@PBU_s_TryBlockMapEntry@@H1E@Z: complete 103-byte COFF extent and 83 non-relocation bytes match target; origin only, no source-exact claim (vc71-static-runtime-body-2026-09-17)."
0x004636A1,190,0x0046375E,FindHandlerForForeignException,?FindHandlerForForeignException@@YAXPAUEHExceptionRecord@@PAUEHRegistrationNode@@PAU_CONTEXT@@PAXPBU_s_FuncInfo@@HH1@Z,CRT,excluded,0.00,,,false,,Ghidra 12.1.3 auto-analysis candidate; boundary unreviewed,library,"Pinned VC7.1 libcmt.lib member ..\build\intel\mt_obj\frame.obj symbol ?FindHandlerForForeignException@@YAXPAUEHExceptionRecord@@PAUEHRegistrationNode@@PAU_CONTEXT@@PAXPBU_s_FuncInfo@@HH1@Z: complete 190-byte COFF extent and 174 non-relocation bytes match target; origin only, no source-exact claim (vc71-static-runtime-body-2026-09-17)."
0x0046375F,516,0x00463962,FindHandler,?FindHandler@@YAXPAUEHExceptionRecord@@PAUEHRegistrationNode@@PAU_CONTEXT@@PAXPBU_s_FuncInfo@@EH1@Z,CRT,excluded,0.00,,,false,,Ghidra 12.1.3 auto-analysis candidate; boundary unreviewed,library,"Pinned VC7.1 libcmt.lib member ..\build\intel\mt_obj\frame.obj symbol ?FindHandler@@YAXPAUEHExceptionRecord@@PAUEHRegistrationNode@@PAU_CONTEXT@@PAXPBU_s_FuncInfo@@EH1@Z: complete 516-byte COFF extent and 464 non-relocation bytes match target; origin only, no source-exact claim (vc71-static-runtime-body-2026-09-17)."
0x00463963,162,0x00463A04,___InternalCxxFrameHandler,___InternalCxxFrameHandler,CRT,excluded,0.00,,,false,,Ghidra 12.1.3 auto-analysis candidate; boundary unreviewed,library,"Pinned VC7.1 libcmt.lib member ..\build\intel\mt_obj\frame.obj symbol ___InternalCxxFrameHandler: complete 162-byte COFF extent and 150 non-relocation bytes match target; origin only, no source-exact claim (vc71-static-runtime-body-2026-09-17)."
0x00463A10,76,0x00463A5B,__CallSettingFrame@12,__CallSettingFrame@12,CRT,excluded,0.00,,,false,,Ghidra 12.1.3 auto-analysis candidate; boundary unreviewed,library,"Pinned VC7.1 libcmt.lib member ..\build\intel\mt_obj\lowhelpr.obj symbol __CallSettingFrame@12: complete 76-byte COFF extent and 68 non-relocation bytes match target; origin only, no source-exact claim (vc71-static-runtime-body-2026-09-17)."
0x00463A5C,78,0x00463AA9,FUN_00463a5c,?__CxxUnhandledExceptionFilter@@YGJPAU_EXCEPTION_POINTERS@@@Z,CRT,excluded,0.00,,,false,,Ghidra 12.1.3 auto-analysis candidate; boundary unreviewed,library,"Pinned VC7.1 libcmt.lib member ..\build\intel\mt_obj\unhandld.obj symbol ?__CxxUnhandledExceptionFilter@@YGJPAU_EXCEPTION_POINTERS@@@Z: complete 78-byte COFF extent and 62 non-relocation bytes match target; origin only, no source-exact claim (vc71-static-runtime-body-2026-09-17)."
0x00463ACA,28,0x00463AE5,_ValidateRead,?_ValidateRead@@YAHPBXI@Z,CRT,excluded,0.00,,,false,,Ghidra 12.1.3 auto-analysis candidate; boundary unreviewed,library,Pinned VC7.1 libcmt.lib member ..\build\intel\mt_obj\validate.obj symbol ?_ValidateRead@@YAHPBXI@Z has a complete same-size body and 24 exact non-relocation bytes; the target function name independently agrees (vc71-static-runtime-named-body-2026-09-17).
0x00463AE6,28,0x00463B01,_ValidateWrite,?_ValidateWrite@@YAHPAXI@Z,CRT,excluded,0.00,,,false,,Ghidra 12.1.3 auto-analysis candidate; boundary unreviewed,library,Pinned VC7.1 libcmt.lib member ..\build\intel\mt_obj\validate.obj symbol ?_ValidateWrite@@YAHPAXI@Z has a complete same-size body and 24 exact non-relocation bytes; the target function name independently agrees (vc71-static-runtime-named-body-2026-09-17).
0x00463B02,24,0x00463B19,_ValidateExecute,?_ValidateExecute@@YAHP6GHXZ@Z,CRT,excluded,0.00,,,false,,Ghidra 12.1.3 auto-analysis candidate; boundary unreviewed,library,Pinned VC7.1 libcmt.lib member ..\build\intel\mt_obj\validate.obj symbol ?_ValidateExecute@@YAHP6GHXZ@Z: unique complete 24-byte COFF body with 20 exact non-relocation bytes; short-body provenance is medium confidence (vc71-static-runtime-short-body-2026-09-17).
0x00463B2C,117,0x00463BA0,FUN_00463b2c,__ftol2,CRT,excluded,0.00,,,false,,Ghidra 12.1.3 auto-analysis candidate; boundary unreviewed,library,"Pinned VC7.1 libcmt.lib member ..\build\intel\mt_obj\ftol2.obj symbol __ftol2: complete 117-byte COFF extent and 117 non-relocation bytes match target; origin only, no source-exact claim (vc71-static-runtime-body-2026-09-17)."
0x00463BBA,10,0x00463BC3,FUN_00463bba,,CRT,excluded,0.00,,,false,,Ghidra 12.1.3 auto-analysis candidate; boundary unreviewed,library,Complete thin runtime wrapper directly transfers to reviewed CRT 0x00463CC0; CIfmod enters the CRT math dispatcher (target-vc71-runtime-wrapper-2026-09-17). No exact source identity claimed.
0x00463BF0,20,0x00463C03,FUN_00463bf0,__CIacos,CRT,excluded,0.00,,,false,,Ghidra 12.1.3 auto-analysis candidate; boundary unreviewed,library,Pinned VC7.1 libcmt.lib member ..\build\intel\mt_obj\acos.obj symbol __CIacos: complete 203-byte COFF body matches target across 151 non-relocation bytes. Ledger entry is the 20-byte contiguous fragment; the COFF extent also owns a suffix/shared helper (vc71-static-runtime-extended-body-2026-09-17).
0x00463C0D,174,0x00463CBA,FUN_00463c0d,,CRT,excluded,0.00,,,false,,Ghidra 12.1.3 auto-analysis candidate; boundary unreviewed,library,"IDA MCP identifies the 174-byte contiguous acos entry; target direct call at 0x00463BFB and dense decode through RET at 0x00463CBA confirm its local extent. Shared exit chunks at 0x00464F9E and later are noncontiguous; the old 5,022-byte span merged independent CRT functions. ida-direct-entry-target-decode-2026-09-17 Local fragment lies wholly inside pinned VC7.1 libcmt.lib member ..\build\intel\mt_obj\acos.obj symbol __CIacos at 0x00463BF0 (203 matching COFF bytes); separate authored ownership is not claimed (vc71-static-runtime-contained-fragment-2026-09-17)."
0x00463CC0,62,0x00463CFD,__cintrindisp2,__cintrindisp2,CRT,excluded,0.00,,,false,,Ghidra 12.1.3 auto-analysis candidate; boundary unreviewed,library,"Pinned VC7.1 libcmt.lib member ..\build\intel\mt_obj\87cdisp.obj symbol __cintrindisp2: complete 62-byte COFF extent and 54 non-relocation bytes match target; origin only, no source-exact claim (vc71-static-runtime-body-2026-09-17)."
0x00463CFE,61,0x00463D3A,__cintrindisp1,__cintrindisp1,CRT,excluded,0.00,,,false,,Ghidra 12.1.3 auto-analysis candidate; boundary unreviewed,library,"Pinned VC7.1 libcmt.lib member ..\build\intel\mt_obj\87cdisp.obj symbol __cintrindisp1: complete 61-byte COFF extent and 53 non-relocation bytes match target; origin only, no source-exact claim (vc71-static-runtime-body-2026-09-17)."
0x00463D3B,72,0x00463D82,__ctrandisp2,__ctrandisp2,CRT,excluded,0.00,,,false,,Ghidra 12.1.3 auto-analysis candidate; boundary unreviewed,library,Pinned VC7.1 libcmt.lib member ..\build\intel\mt_obj\87cdisp.obj symbol __ctrandisp2: complete 406-byte COFF body matches target across 370 non-relocation bytes. Ledger entry is the 72-byte contiguous fragment; the COFF extent also owns a suffix/shared helper (vc71-static-runtime-extended-body-2026-09-17).
0x00463D83,7,0x00463D89,FUN_00463d83,,CRT,excluded,0.00,,,false,,Ghidra 12.1.3 auto-analysis candidate; boundary unreviewed,library,Local fragment lies wholly inside pinned VC7.1 libcmt.lib member ..\build\intel\mt_obj\87cdisp.obj symbol __ctrandisp2 at 0x00463D3B (406 matching COFF bytes); separate authored ownership is not claimed (vc71-static-runtime-contained-fragment-2026-09-17).
0x00463D8A,327,0x00463ED0,FUN_00463d8a,,CRT,excluded,0.00,,,false,,Ghidra 12.1.3 auto-analysis candidate; boundary unreviewed,library,Local fragment lies wholly inside pinned VC7.1 libcmt.lib member ..\build\intel\mt_obj\87cdisp.obj symbol __ctrandisp2 at 0x00463D3B (406 matching COFF bytes); separate authored ownership is not claimed (vc71-static-runtime-contained-fragment-2026-09-17).
0x00463ED1,51,0x00463F03,__ctrandisp1,__ctrandisp1,CRT,excluded,0.00,,,false,,Ghidra 12.1.3 auto-analysis candidate; boundary unreviewed,library,"Pinned VC7.1 libcmt.lib member ..\build\intel\mt_obj\87cdisp.obj symbol __ctrandisp1: complete 51-byte COFF extent and 47 non-relocation bytes match target; origin only, no source-exact claim (vc71-static-runtime-body-2026-09-17)."
0x00463F04,60,0x00463F3F,__fload,__fload,CRT,excluded,0.00,,,false,,Ghidra 12.1.3 auto-analysis candidate; boundary unreviewed,library,"Pinned VC7.1 libcmt.lib member ..\build\intel\mt_obj\87cdisp.obj symbol __fload: complete 60-byte COFF extent and 60 non-relocation bytes match target; origin only, no source-exact claim (vc71-static-runtime-body-2026-09-17)."
0x00463F40,103,0x00463FA6,__trandisp1,__trandisp1,CRT,excluded,0.00,,,false,,Ghidra 12.1.3 auto-analysis candidate; boundary unreviewed,library,"Pinned VC7.1 libcmt.lib member ..\build\intel\mt_obj\87disp.obj symbol __trandisp1: complete 103-byte COFF extent and 99 non-relocation bytes match target; origin only, no source-exact claim (vc71-static-runtime-body-2026-09-17)."
0x00463FA7,140,0x00464032,__trandisp2,__trandisp2,CRT,excluded,0.00,,,false,,Ghidra 12.1.3 auto-analysis candidate; boundary unreviewed,library,"Pinned VC7.1 libcmt.lib member ..\build\intel\mt_obj\87disp.obj symbol __trandisp2: complete 140-byte COFF extent and 136 non-relocation bytes match target; origin only, no source-exact claim (vc71-static-runtime-body-2026-09-17)."
0x00464916,518,0x00464B1B,FUN_00464916,__fprem_common,CRT,excluded,0.00,,,false,,Ghidra 12.1.3 auto-analysis candidate; boundary unreviewed,library,"Pinned VC7.1 libcmt.lib member ..\build\intel\mt_obj\adj_fdiv.obj symbol __fprem_common: complete 518-byte COFF extent and 502 non-relocation bytes match target; origin only, no source-exact claim (vc71-static-runtime-body-2026-09-17)."
0x00464B1C,178,0x00464BCD,FUN_00464b1c,__adj_fprem,CRT,excluded,0.00,,,false,,Ghidra 12.1.3 auto-analysis candidate; boundary unreviewed,library,"Pinned VC7.1 libcmt.lib member ..\build\intel\mt_obj\adj_fdiv.obj symbol __adj_fprem: complete 178-byte COFF extent and 166 non-relocation bytes match target; origin only, no source-exact claim (vc71-static-runtime-body-2026-09-17)."
0x00464EA0,23,0x00464EB6,FUN_00464ea0,__startTwoArgErrorHandling,CRT,excluded,0.00,,,false,,Ghidra 12.1.3 auto-analysis candidate; boundary unreviewed,library,Pinned VC7.1 libcmt.lib member ..\build\intel\mt_obj\genexcep.obj symbol __startTwoArgErrorHandling: unique complete 23-byte COFF body with 23 exact non-relocation bytes; short-body provenance is medium confidence (vc71-static-runtime-short-body-2026-09-17).
0x00464EB7,60,0x00464EF2,__startOneArgErrorHandling,__startOneArgErrorHandling,CRT,excluded,0.00,,,false,,Ghidra 12.1.3 auto-analysis candidate; boundary unreviewed,library,"Pinned VC7.1 libcmt.lib member ..\build\intel\mt_obj\genexcep.obj symbol __startOneArgErrorHandling: complete 60-byte COFF extent and 56 non-relocation bytes match target; origin only, no source-exact claim (vc71-static-runtime-body-2026-09-17)."
0x00464F15,23,0x00464F2B,FUN_00464f15,__load_CW,CRT,excluded,0.00,,,false,,Ghidra 12.1.3 auto-analysis candidate; boundary unreviewed,library,Pinned VC7.1 libcmt.lib member ..\build\intel\mt_obj\common.obj symbol __load_CW: unique complete 23-byte COFF body with 23 exact non-relocation bytes; short-body provenance is medium confidence (vc71-static-runtime-short-body-2026-09-17).
0x00464F2C,25,0x00464F44,FUN_00464f2c,__convertTOStoQNaN,CRT,excluded,0.00,,,false,,Ghidra 12.1.3 auto-analysis candidate; boundary unreviewed,library,Pinned VC7.1 libcmt.lib member ..\build\intel\mt_obj\common.obj symbol __convertTOStoQNaN: unique complete 25-byte COFF body with 21 exact non-relocation bytes; short-body provenance is medium confidence (vc71-static-runtime-short-body-2026-09-17).
0x00464F88,22,0x00464F9D,FUN_00464f88,__checkTOS_withFB,CRT,excluded,0.00,,,false,,Ghidra 12.1.3 auto-analysis candidate; boundary unreviewed,library,Pinned VC7.1 libcmt.lib member ..\build\intel\mt_obj\common.obj symbol __checkTOS_withFB: unique complete 22-byte COFF body with 22 exact non-relocation bytes; short-body provenance is medium confidence (vc71-static-runtime-short-body-2026-09-17).
0x00464FAB,42,0x00464FD4,__math_exit,__math_exit,CRT,excluded,0.00,,,false,,Ghidra 12.1.3 auto-analysis candidate; boundary unreviewed,library,"Pinned VC7.1 libcmt.lib member ..\build\intel\mt_obj\common.obj symbol __math_exit: complete 42-byte COFF extent and 38 non-relocation bytes match target; origin only, no source-exact claim (vc71-static-runtime-body-2026-09-17)."
0x0046508C,252,0x00465187,FUN_0046508c,__87except,CRT,excluded,0.00,,,false,,Ghidra 12.1.3 auto-analysis candidate; boundary unreviewed,library,"Pinned VC7.1 libcmt.lib member ..\build\intel\mt_obj\87except.obj symbol __87except: complete 252-byte COFF extent and 220 non-relocation bytes match target; origin only, no source-exact claim (vc71-static-runtime-body-2026-09-17)."
0x00465190,8,0x00465197,Unwind@00465190,,CxxEH,excluded,0.00,,,false,,Ghidra 12.1.3 auto-analysis candidate; boundary unreviewed,compiler_generated,VC7.1 C++ FuncInfo 0x0047113C unwind-map entry 0x00471134 points to this generated cleanup action; complete target code ends in jmp (target-cxx-eh-unwind-map-2026-09-17).
0x004651A2,8,0x004651A9,Unwind@004651a2,,CxxEH,excluded,0.00,,,false,,Ghidra 12.1.3 auto-analysis candidate; boundary unreviewed,compiler_generated,VC7.1 C++ FuncInfo 0x004711D4 unwind-map entry 0x004711CC points to this generated cleanup action; complete target code ends in jmp (target-cxx-eh-unwind-map-2026-09-17).
0x004651B4,8,0x004651BB,Unwind@004651b4,,CxxEH,excluded,0.00,,,false,,Ghidra 12.1.3 auto-analysis candidate; boundary unreviewed,compiler_generated,VC7.1 C++ FuncInfo 0x004711F8 unwind-map entry 0x004711F0 points to this generated cleanup action; complete target code ends in jmp (target-cxx-eh-unwind-map-2026-09-17).
0x004651C6,8,0x004651CD,Unwind@004651c6,,CxxEH,excluded,0.00,,,false,,Ghidra 12.1.3 auto-analysis candidate; boundary unreviewed,compiler_generated,VC7.1 C++ FuncInfo 0x00471258 unwind-map entry 0x00471250 points to this generated cleanup action; complete target code ends in jmp (target-cxx-eh-unwind-map-2026-09-17).
0x004651E0,28,0x004651FB,Unwind@004651e0,,CxxEH,excluded,0.00,,,false,,Ghidra 12.1.3 auto-analysis candidate; boundary unreviewed,compiler_generated,VC7.1 C++ FuncInfo 0x0047128C unwind-map entry 0x00471274 points to this generated cleanup action; complete target code ends in ret (target-cxx-eh-unwind-map-2026-09-17).
0x004651FC,14,0x00465209,Unwind@004651fc,,CxxEH,excluded,0.00,,,false,,Ghidra 12.1.3 auto-analysis candidate; boundary unreviewed,compiler_generated,VC7.1 C++ FuncInfo 0x0047128C unwind-map entry 0x0047127C points to this generated cleanup action; complete target code ends in jmp (target-cxx-eh-unwind-map-2026-09-17).
0x0046520A,27,0x00465224,Unwind@0046520a,,CxxEH,excluded,0.00,,,false,,Ghidra 12.1.3 auto-analysis candidate; boundary unreviewed,compiler_generated,VC7.1 C++ FuncInfo 0x0047128C unwind-map entry 0x00471284 points to this generated cleanup action; complete target code ends in ret (target-cxx-eh-unwind-map-2026-09-17).
0x00465230,11,0x0046523A,Unwind@00465230,,CxxEH,excluded,0.00,,,false,,Ghidra 12.1.3 auto-analysis candidate; boundary unreviewed,compiler_generated,VC7.1 C++ FuncInfo 0x004712B0 unwind-map entry 0x004712A8 points to this generated cleanup action; complete target code ends in jmp (target-cxx-eh-unwind-map-2026-09-17).
0x00465250,24,0x00465267,Unwind@00465250,,CxxEH,excluded,0.00,,,false,,Ghidra 12.1.3 auto-analysis candidate; boundary unreviewed,compiler_generated,VC7.1 C++ FuncInfo 0x004712D4 unwind-map entry 0x004712CC points to this generated cleanup action; complete target code ends in ret (target-cxx-eh-unwind-map-2026-09-17).
0x00465280,11,0x0046528A,Unwind@00465280,,CxxEH,excluded,0.00,,,false,,Ghidra 12.1.3 auto-analysis candidate; boundary unreviewed,compiler_generated,VC7.1 C++ FuncInfo 0x004712F8 unwind-map entry 0x004712F0 points to this generated cleanup action; complete target code ends in jmp (target-cxx-eh-unwind-map-2026-09-17).
0x004652A0,27,0x004652BA,Unwind@004652a0,,CxxEH,excluded,0.00,,,false,,Ghidra 12.1.3 auto-analysis candidate; boundary unreviewed,compiler_generated,VC7.1 C++ FuncInfo 0x00471324 unwind-map entry 0x00471314 points to this generated cleanup action; complete target code ends in ret (target-cxx-eh-unwind-map-2026-09-17).
0x004652BB,27,0x004652D5,Unwind@004652bb,,CxxEH,excluded,0.00,,,false,,Ghidra 12.1.3 auto-analysis candidate; boundary unreviewed,compiler_generated,VC7.1 C++ FuncInfo 0x00471324 unwind-map entry 0x0047131C points to this generated cleanup action; complete target code ends in ret (target-cxx-eh-unwind-map-2026-09-17).
0x004652E0,11,0x004652EA,Unwind@004652e0,,CxxEH,excluded,0.00,,,false,,Ghidra 12.1.3 auto-analysis candidate; boundary unreviewed,compiler_generated,VC7.1 C++ FuncInfo 0x00471350 unwind-map entry 0x00471340 points to this generated cleanup action; complete target code ends in jmp (target-cxx-eh-unwind-map-2026-09-17).
0x004652EB,14,0x004652F8,Unwind@004652eb,,CxxEH,excluded,0.00,,,false,,Ghidra 12.1.3 auto-analysis candidate; boundary unreviewed,compiler_generated,VC7.1 C++ FuncInfo 0x00471350 unwind-map entry 0x00471348 points to this generated cleanup action; complete target code ends in jmp (target-cxx-eh-unwind-map-2026-09-17).
0x00465310,11,0x0046531A,Unwind@00465310,,CxxEH,excluded,0.00,,,false,,Ghidra 12.1.3 auto-analysis candidate; boundary unreviewed,compiler_generated,VC7.1 C++ FuncInfo 0x00471374 unwind-map entry 0x0047136C points to this generated cleanup action; complete target code ends in ret (target-cxx-eh-unwind-map-2026-09-17).
0x00465330,11,0x0046533A,Unwind@00465330,,CxxEH,excluded,0.00,,,false,,Ghidra 12.1.3 auto-analysis candidate; boundary unreviewed,compiler_generated,VC7.1 C++ FuncInfo 0x00471398 unwind-map entry 0x00471390 points to this generated cleanup action; complete target code ends in ret (target-cxx-eh-unwind-map-2026-09-17).
0x00465350,8,0x00465357,Unwind@00465350,,CxxEH,excluded,0.00,,,false,,Ghidra 12.1.3 auto-analysis candidate; boundary unreviewed,compiler_generated,VC7.1 C++ FuncInfo 0x004713C4 unwind-map entry 0x004713B4 points to this generated cleanup action; complete target code ends in jmp (target-cxx-eh-unwind-map-2026-09-17).
0x00465358,11,0x00465362,Unwind@00465358,,CxxEH,excluded,0.00,,,false,,Ghidra 12.1.3 auto-analysis candidate; boundary unreviewed,compiler_generated,VC7.1 C++ FuncInfo 0x004713C4 unwind-map entry 0x004713BC points to this generated cleanup action; complete target code ends in jmp (target-cxx-eh-unwind-map-2026-09-17).
0x00465380,8,0x00465387,Unwind@00465380,,CxxEH,excluded,0.00,,,false,,Ghidra 12.1.3 auto-analysis candidate; boundary unreviewed,compiler_generated,VC7.1 C++ FuncInfo 0x0047146C unwind-map entry 0x00471464 points to this generated cleanup action; complete target code ends in jmp (target-cxx-eh-unwind-map-2026-09-17).
0x004653A0,8,0x004653A7,Unwind@004653a0,,CxxEH,excluded,0.00,,,false,,Ghidra 12.1.3 auto-analysis candidate; boundary unreviewed,compiler_generated,VC7.1 C++ FuncInfo 0x00471490 unwind-map entry 0x00471488 points to this generated cleanup action; complete target code ends in jmp (target-cxx-eh-unwind-map-2026-09-17).
0x004653C0,11,0x004653CA,Unwind@004653c0,,CxxEH,excluded,0.00,,,false,,Ghidra 12.1.3 auto-analysis candidate; boundary unreviewed,compiler_generated,VC7.1 C++ FuncInfo 0x004714B4 unwind-map entry 0x004714AC points to this generated cleanup action; complete target code ends in ret (target-cxx-eh-unwind-map-2026-09-17).
0x004653E0,11,0x004653EA,Unwind@004653e0,,CxxEH,excluded,0.00,,,false,,Ghidra 12.1.3 auto-analysis candidate; boundary unreviewed,compiler_generated,VC7.1 C++ FuncInfo 0x004714D8 unwind-map entry 0x004714D0 points to this generated cleanup action; complete target code ends in jmp (target-cxx-eh-unwind-map-2026-09-17).
0x00465400,28,0x0046541B,Unwind@00465400,,CxxEH,excluded,0.00,,,false,,Ghidra 12.1.3 auto-analysis candidate; boundary unreviewed,compiler_generated,VC7.1 C++ FuncInfo 0x004714FC unwind-map entry 0x004714F4 points to this generated cleanup action; complete target code ends in ret (target-cxx-eh-unwind-map-2026-09-17).
0x00465430,25,0x00465448,Unwind@00465430,,CxxEH,excluded,0.00,,,false,,Ghidra 12.1.3 auto-analysis candidate; boundary unreviewed,compiler_generated,VC7.1 C++ FuncInfo 0x00471540 unwind-map entry 0x00471518 points to this generated cleanup action; complete target code ends in ret (target-cxx-eh-unwind-map-2026-09-17).
0x00465449,27,0x00465463,Unwind@00465449,,CxxEH,excluded,0.00,,,false,,Ghidra 12.1.3 auto-analysis candidate; boundary unreviewed,compiler_generated,VC7.1 C++ FuncInfo 0x00471540 unwind-map entry 0x00471520 points to this generated cleanup action; complete target code ends in ret (target-cxx-eh-unwind-map-2026-09-17).
0x00465464,27,0x0046547E,Unwind@00465464,,CxxEH,excluded,0.00,,,false,,Ghidra 12.1.3 auto-analysis candidate; boundary unreviewed,compiler_generated,VC7.1 C++ FuncInfo 0x00471540 unwind-map entry 0x00471528 points to this generated cleanup action; complete target code ends in ret (target-cxx-eh-unwind-map-2026-09-17).
0x0046547F,27,0x00465499,Unwind@0046547f,,CxxEH,excluded,0.00,,,false,,Ghidra 12.1.3 auto-analysis candidate; boundary unreviewed,compiler_generated,VC7.1 C++ FuncInfo 0x00471540 unwind-map entry 0x00471530 points to this generated cleanup action; complete target code ends in ret (target-cxx-eh-unwind-map-2026-09-17).
0x0046549A,27,0x004654B4,Unwind@0046549a,,CxxEH,excluded,0.00,,,false,,Ghidra 12.1.3 auto-analysis candidate; boundary unreviewed,compiler_generated,VC7.1 C++ FuncInfo 0x00471540 unwind-map entry 0x00471538 points to this generated cleanup action; complete target code ends in ret (target-cxx-eh-unwind-map-2026-09-17).
0x004654C0,14,0x004654CD,Unwind@004654c0,,CxxEH,excluded,0.00,,,false,,Ghidra 12.1.3 auto-analysis candidate; boundary unreviewed,compiler_generated,VC7.1 C++ FuncInfo 0x00471564 unwind-map entry 0x0047155C points to this generated cleanup action; complete target code ends in jmp (target-cxx-eh-unwind-map-2026-09-17).
0x004654E0,25,0x004654F8,Unwind@004654e0,,CxxEH,excluded,0.00,,,false,,Ghidra 12.1.3 auto-analysis candidate; boundary unreviewed,compiler_generated,VC7.1 C++ FuncInfo 0x00471590 unwind-map entry 0x00471580 points to this generated cleanup action; complete target code ends in ret (target-cxx-eh-unwind-map-2026-09-17).
0x004654F9,27,0x00465513,Unwind@004654f9,,CxxEH,excluded,0.00,,,false,,Ghidra 12.1.3 auto-analysis candidate; boundary unreviewed,compiler_generated,VC7.1 C++ FuncInfo 0x00471590 unwind-map entry 0x00471588 points to this generated cleanup action; complete target code ends in ret (target-cxx-eh-unwind-map-2026-09-17).
0x00465520,28,0x0046553B,Unwind@00465520,,CxxEH,excluded,0.00,,,false,,Ghidra 12.1.3 auto-analysis candidate; boundary unreviewed,compiler_generated,VC7.1 C++ FuncInfo 0x004715B4 unwind-map entry 0x004715AC points to this generated cleanup action; complete target code ends in ret (target-cxx-eh-unwind-map-2026-09-17).
0x00465550,27,0x0046556A,Unwind@00465550,,CxxEH,excluded,0.00,,,false,,Ghidra 12.1.3 auto-analysis candidate; boundary unreviewed,compiler_generated,VC7.1 C++ FuncInfo 0x004715D8 unwind-map entry 0x004715D0 points to this generated cleanup action; complete target code ends in ret (target-cxx-eh-unwind-map-2026-09-17).
0x00465580,11,0x0046558A,Unwind@00465580,,CxxEH,excluded,0.00,,,false,,Ghidra 12.1.3 auto-analysis candidate; boundary unreviewed,compiler_generated,VC7.1 C++ FuncInfo 0x004715FC unwind-map entry 0x004715F4 points to this generated cleanup action; complete target code ends in jmp (target-cxx-eh-unwind-map-2026-09-17).
0x004655A0,11,0x004655AA,Unwind@004655a0,,CxxEH,excluded,0.00,,,false,,Ghidra 12.1.3 auto-analysis candidate; boundary unreviewed,compiler_generated,VC7.1 C++ FuncInfo 0x00471620 unwind-map entry 0x00471618 points to this generated cleanup action; complete target code ends in ret (target-cxx-eh-unwind-map-2026-09-17).
0x004655C0,25,0x004655D8,Unwind@004655c0,,CxxEH,excluded,0.00,,,false,,Ghidra 12.1.3 auto-analysis candidate; boundary unreviewed,compiler_generated,VC7.1 C++ FuncInfo 0x00471654 unwind-map entry 0x0047163C points to this generated cleanup action; complete target code ends in ret (target-cxx-eh-unwind-map-2026-09-17).
0x004655D9,27,0x004655F3,Unwind@004655d9,,CxxEH,excluded,0.00,,,false,,Ghidra 12.1.3 auto-analysis candidate; boundary unreviewed,compiler_generated,VC7.1 C++ FuncInfo 0x00471654 unwind-map entry 0x00471644 points to this generated cleanup action; complete target code ends in ret (target-cxx-eh-unwind-map-2026-09-17).
0x004655F4,27,0x0046560E,Unwind@004655f4,,CxxEH,excluded,0.00,,,false,,Ghidra 12.1.3 auto-analysis candidate; boundary unreviewed,compiler_generated,VC7.1 C++ FuncInfo 0x00471654 unwind-map entry 0x0047164C points to this generated cleanup action; complete target code ends in ret (target-cxx-eh-unwind-map-2026-09-17).
0x00465620,14,0x0046562D,Unwind@00465620,,CxxEH,excluded,0.00,,,false,,Ghidra 12.1.3 auto-analysis candidate; boundary unreviewed,compiler_generated,VC7.1 C++ FuncInfo 0x00471678 unwind-map entry 0x00471670 points to this generated cleanup action; complete target code ends in jmp (target-cxx-eh-unwind-map-2026-09-17).
0x00465640,11,0x0046564A,Unwind@00465640,,CxxEH,excluded,0.00,,,false,,Ghidra 12.1.3 auto-analysis candidate; boundary unreviewed,compiler_generated,VC7.1 C++ FuncInfo 0x0047169C unwind-map entry 0x00471694 points to this generated cleanup action; complete target code ends in ret (target-cxx-eh-unwind-map-2026-09-17).
0x00465660,11,0x0046566A,Unwind@00465660,,CxxEH,excluded,0.00,,,false,,Ghidra 12.1.3 auto-analysis candidate; boundary unreviewed,compiler_generated,VC7.1 C++ FuncInfo 0x004716C0 unwind-map entry 0x004716B8 points to this generated cleanup action; complete target code ends in ret (target-cxx-eh-unwind-map-2026-09-17).
0x00465680,11,0x0046568A,Unwind@00465680,,CxxEH,excluded,0.00,,,false,,Ghidra 12.1.3 auto-analysis candidate; boundary unreviewed,compiler_generated,VC7.1 C++ FuncInfo 0x004716EC unwind-map entry 0x004716DC points to this generated cleanup action; complete target code ends in jmp (target-cxx-eh-unwind-map-2026-09-17).
0x0046568B,11,0x00465695,Unwind@0046568b,,CxxEH,excluded,0.00,,,false,,Ghidra 12.1.3 auto-analysis candidate; boundary unreviewed,compiler_generated,VC7.1 C++ FuncInfo 0x004716EC unwind-map entry 0x004716E4 points to this generated cleanup action; complete target code ends in jmp (target-cxx-eh-unwind-map-2026-09-17).
0x004656A0,25,0x004656B8,Unwind@004656a0,,CxxEH,excluded,0.00,,,false,,Ghidra 12.1.3 auto-analysis candidate; boundary unreviewed,compiler_generated,VC7.1 C++ FuncInfo 0x00471740 unwind-map entry 0x00471708 points to this generated cleanup action; complete target code ends in ret (target-cxx-eh-unwind-map-2026-09-17).
0x004656B9,27,0x004656D3,Unwind@004656b9,,CxxEH,excluded,0.00,,,false,,Ghidra 12.1.3 auto-analysis candidate; boundary unreviewed,compiler_generated,VC7.1 C++ FuncInfo 0x00471740 unwind-map entry 0x00471710 points to this generated cleanup action; complete target code ends in ret (target-cxx-eh-unwind-map-2026-09-17).
0x004656D4,27,0x004656EE,Unwind@004656d4,,CxxEH,excluded,0.00,,,false,,Ghidra 12.1.3 auto-analysis candidate; boundary unreviewed,compiler_generated,VC7.1 C++ FuncInfo 0x00471740 unwind-map entry 0x00471718 points to this generated cleanup action; complete target code ends in ret (target-cxx-eh-unwind-map-2026-09-17).
0x004656EF,27,0x00465709,Unwind@004656ef,,CxxEH,excluded,0.00,,,false,,Ghidra 12.1.3 auto-analysis candidate; boundary unreviewed,compiler_generated,VC7.1 C++ FuncInfo 0x00471740 unwind-map entry 0x00471720 points to this generated cleanup action; complete target code ends in ret (target-cxx-eh-unwind-map-2026-09-17).
0x0046570A,27,0x00465724,Unwind@0046570a,,CxxEH,excluded,0.00,,,false,,Ghidra 12.1.3 auto-analysis candidate; boundary unreviewed,compiler_generated,VC7.1 C++ FuncInfo 0x00471740 unwind-map entry 0x00471728 points to this generated cleanup action; complete target code ends in ret (target-cxx-eh-unwind-map-2026-09-17).
0x00465725,27,0x0046573F,Unwind@00465725,,CxxEH,excluded,0.00,,,false,,Ghidra 12.1.3 auto-analysis candidate; boundary unreviewed,compiler_generated,VC7.1 C++ FuncInfo 0x00471740 unwind-map entry 0x00471730 points to this generated cleanup action; complete target code ends in ret (target-cxx-eh-unwind-map-2026-09-17).
0x00465740,14,0x0046574D,Unwind@00465740,,CxxEH,excluded,0.00,,,false,,Ghidra 12.1.3 auto-analysis candidate; boundary unreviewed,compiler_generated,VC7.1 C++ FuncInfo 0x00471740 unwind-map entry 0x00471738 points to this generated cleanup action; complete target code ends in jmp (target-cxx-eh-unwind-map-2026-09-17).
0x00465760,28,0x0046577B,Unwind@00465760,,CxxEH,excluded,0.00,,,false,,Ghidra 12.1.3 auto-analysis candidate; boundary unreviewed,compiler_generated,VC7.1 C++ FuncInfo 0x00471774 unwind-map entry 0x0047175C points to this generated cleanup action; complete target code ends in ret (target-cxx-eh-unwind-map-2026-09-17).
0x0046577C,14,0x00465789,Unwind@0046577c,,CxxEH,excluded,0.00,,,false,,Ghidra 12.1.3 auto-analysis candidate; boundary unreviewed,compiler_generated,VC7.1 C++ FuncInfo 0x00471774 unwind-map entry 0x00471764 points to this generated cleanup action; complete target code ends in jmp (target-cxx-eh-unwind-map-2026-09-17).
0x0046578A,27,0x004657A4,Unwind@0046578a,,CxxEH,excluded,0.00,,,false,,Ghidra 12.1.3 auto-analysis candidate; boundary unreviewed,compiler_generated,VC7.1 C++ FuncInfo 0x00471774 unwind-map entry 0x0047176C points to this generated cleanup action; complete target code ends in ret (target-cxx-eh-unwind-map-2026-09-17).
0x004657B0,11,0x004657BA,Unwind@004657b0,,CxxEH,excluded,0.00,,,false,,Ghidra 12.1.3 auto-analysis candidate; boundary unreviewed,compiler_generated,VC7.1 C++ FuncInfo 0x00471798 unwind-map entry 0x00471790 points to this generated cleanup action; complete target code ends in ret (target-cxx-eh-unwind-map-2026-09-17).
0x004657D0,11,0x004657DA,Unwind@004657d0,,CxxEH,excluded,0.00,,,false,,Ghidra 12.1.3 auto-analysis candidate; boundary unreviewed,compiler_generated,VC7.1 C++ FuncInfo 0x004717C4 unwind-map entry 0x004717B4 points to this generated cleanup action; complete target code ends in jmp (target-cxx-eh-unwind-map-2026-09-17).
0x004657DB,14,0x004657E8,Unwind@004657db,,CxxEH,excluded,0.00,,,false,,Ghidra 12.1.3 auto-analysis candidate; boundary unreviewed,compiler_generated,VC7.1 C++ FuncInfo 0x004717C4 unwind-map entry 0x004717BC points to this generated cleanup action; complete target code ends in jmp (target-cxx-eh-unwind-map-2026-09-17).
0x00465800,11,0x0046580A,Unwind@00465800,,CxxEH,excluded,0.00,,,false,,Ghidra 12.1.3 auto-analysis candidate; boundary unreviewed,compiler_generated,VC7.1 C++ FuncInfo 0x004717E8 unwind-map entry 0x004717E0 points to this generated cleanup action; complete target code ends in ret (target-cxx-eh-unwind-map-2026-09-17).
0x00465820,11,0x0046582A,Unwind@00465820,,CxxEH,excluded,0.00,,,false,,Ghidra 12.1.3 auto-analysis candidate; boundary unreviewed,compiler_generated,VC7.1 C++ FuncInfo 0x0047180C unwind-map entry 0x00471804 points to this generated cleanup action; complete target code ends in ret (target-cxx-eh-unwind-map-2026-09-17).
0x00465840,11,0x0046584A,Unwind@00465840,,CxxEH,excluded,0.00,,,false,,Ghidra 12.1.3 auto-analysis candidate; boundary unreviewed,compiler_generated,VC7.1 C++ FuncInfo 0x00471830 unwind-map entry 0x00471828 points to this generated cleanup action; complete target code ends in ret (target-cxx-eh-unwind-map-2026-09-17).
0x00465860,11,0x0046586A,Unwind@00465860,,CxxEH,excluded,0.00,,,false,,Ghidra 12.1.3 auto-analysis candidate; boundary unreviewed,compiler_generated,VC7.1 C++ FuncInfo 0x00471854 unwind-map entry 0x0047184C points to this generated cleanup action; complete target code ends in ret (target-cxx-eh-unwind-map-2026-09-17).
0x00465880,11,0x0046588A,Unwind@00465880,,CxxEH,excluded,0.00,,,false,,Ghidra 12.1.3 auto-analysis candidate; boundary unreviewed,compiler_generated,VC7.1 C++ FuncInfo 0x00471878 unwind-map entry 0x00471870 points to this generated cleanup action; complete target code ends in ret (target-cxx-eh-unwind-map-2026-09-17).
0x004658A0,11,0x004658AA,Unwind@004658a0,,CxxEH,excluded,0.00,,,false,,Ghidra 12.1.3 auto-analysis candidate; boundary unreviewed,compiler_generated,VC7.1 C++ FuncInfo 0x0047189C unwind-map entry 0x00471894 points to this generated cleanup action; complete target code ends in ret (target-cxx-eh-unwind-map-2026-09-17).
