address,name,size,status,match_percent,unit,evidence
0x00401000,AsciiManagerView::AsciiManagerView,251,exact,100.00,ascii-manager-constructor,Canonical artifact_kind=linked-pe unit cold-built twice with pinned VC7.1 SP1 build6030 in the real AsciiManagerCreate caller context; the complete PDB extent and both DIR32 fields replay zero-difference.
0x00401100,th10::leaf::LeafIdentity00401100View::Get,3,exact,100.00,game-decomphelp-identity-00401100,Canonical linked-PE replay of the complete DecomphelpLeafAccessors.cpp TU with the member method as the LTCG entry; direct IDA Pro MCP boundary review and raw bytes are zero-difference.
0x004014D0,AsciiManagerView::ResetStrings,26,exact,100.00,ascii-manager-reset-strings,Canonical artifact_kind=linked-pe unit cold-built twice with pinned VC7.1 SP1 build6030; the complete 26-byte PDB-owned extent is raw-equal and has no linked fields.
0x004014F0,AsciiManagerView::OnUpdate,26,exact,100.00,ascii-manager-on-update,Canonical artifact_kind=coff unit cold-built twice with pinned VC7.1 SP1 build6030 and compared zero-difference across the complete 26-byte relocation-free owned extent.
0x00401510,AsciiManagerView::OnDrawLowPriority,7,exact,100.00,ascii-manager-on-draw-low,Canonical artifact_kind=coff unit cold-built twice with pinned VC7.1 SP1 build6030; the complete seven-byte extent and sole REL32 regular-string renderer field replay zero-difference.
0x00401530,AsciiManagerView::AddString,132,exact,100.00,ascii-manager-add-string,Canonical artifact_kind=linked-pe unit cold-built twice with pinned VC7.1 SP1 build6030; the complete 132-byte PDB-owned extent is raw-equal and has no linked fields.
0x004015C0,AsciiManagerView::AddGuiString,109,exact,100.00,ascii-manager-add-gui-string,Canonical artifact_kind=linked-pe unit cold-built twice with pinned VC7.1 SP1 build6030; the complete 109-byte PDB-owned extent is raw-equal and has no linked fields.
0x00401630,AsciiManagerView::AddFormatText,85,exact,100.00,ascii-manager-add-format-text-gs,Canonical /GS linked-PE unit cold-built twice with pinned VC7.1 SP1 build6030; the complete 85-byte PDB-owned extent and all 4 declared linked fields replay zero-difference.
0x00401690,AsciiManagerView::AddSmallFormatText,100,exact,100.00,ascii-manager-add-small-format-text-gs,Canonical /GS linked-PE unit cold-built twice with pinned VC7.1 SP1 build6030; the complete 100-byte PDB-owned extent and all 4 declared linked fields replay zero-difference.
0x00401700,AsciiManagerView::AddGuiFormatText,94,exact,100.00,ascii-manager-add-gui-format-text-gs,Canonical /GS linked-PE unit cold-built twice with pinned VC7.1 SP1 build6030; the complete 94-byte PDB-owned extent and all 4 declared linked fields replay zero-difference.
0x00401C90,AsciiManagerView::GetSize,6,exact,100.00,ascii-manager-get-size,Canonical artifact_kind=coff unit cold-built twice with pinned VC7.1 SP1 build6030 and compared zero-difference across the complete six-byte relocation-free owned extent.
0x00401CA0,th10::leaf::Fn00401CA0,4,exact,100.00,game-decomphelp-fulltu-00401ca0,Canonical linked-PE replay of the complete DecomphelpLeafAccessors.cpp TU with pinned VC7.1 SP1 build6030; direct IDA Pro MCP bytes and complete PDB extent are zero-difference.
0x00401CB0,th10::leaf::Fn00401CB0,7,exact,100.00,game-decomphelp-fulltu-00401cb0,Canonical linked-PE replay of the complete DecomphelpLeafAccessors.cpp TU with pinned VC7.1 SP1 build6030; direct IDA boundary/tail review; raw bytes and complete PDB extent are zero-difference.
0x00401CC0,th10::leaf::Fn00401CC0,7,exact,100.00,game-decomphelp-fulltu-00401cc0,Canonical linked-PE replay of the complete DecomphelpLeafAccessors.cpp TU with pinned VC7.1 SP1 build6030; direct IDA boundary/tail review; raw bytes and complete PDB extent are zero-difference.
0x00401CD0,th10::leaf::Fn00401CD0,7,exact,100.00,game-decomphelp-fulltu-00401cd0,Canonical linked-PE replay of the complete DecomphelpLeafAccessors.cpp TU with pinned VC7.1 SP1 build6030; direct IDA boundary/tail review; raw bytes and complete PDB extent are zero-difference.
0x00401D10,th10::leaf::Fn00401D10,7,exact,100.00,game-decomphelp-fulltu-00401d10,Canonical linked-PE replay of the complete DecomphelpLeafAccessors.cpp TU with pinned VC7.1 SP1 build6030; direct IDA boundary/tail review; raw bytes and complete PDB extent are zero-difference.
0x00401D90,th10::leaf::Fn00401D90,15,exact,100.00,game-decomphelp-fulltu-00401d90,Canonical linked-PE replay of the complete DecomphelpLeafAccessors.cpp TU with pinned VC7.1 SP1 build6030; direct IDA boundary/tail review; raw bytes and complete PDB extent are zero-difference.
0x00401DB0,th10::leaf::Fn00401DB0,1,exact,100.00,game-decomphelp-fulltu-00401db0,Canonical linked-PE replay of the complete DecomphelpLeafAccessors.cpp TU with pinned VC7.1 SP1 build6030; direct IDA boundary/tail review; raw bytes and complete PDB extent are zero-difference.
0x00401DE0,AnmVmView::Initialize,273,exact,100.00,anm-vm-initialize-private,Canonical artifact_kind=coff unit cold-built twice with pinned VC7.1 SP1 build6030; the complete 273-byte relocation-free private-ABI reset extent replayed zero-difference. The static overload models target ECX context + EDX VM ownership; the ordinary source-facing overload remains separate.
0x00401F00,AnmMatrixView::SetIdentity,55,exact,100.00,anm-matrix-set-identity,Canonical artifact_kind=linked-pe unit cold-built twice with pinned VC7.1 SP1 build6030 and compared raw byte-identical across the complete 55-byte PDB-owned relocation-free extent.
0x00401F40,AnmVmTimerView::Initialize,15,exact,100.00,anm-timer-initialize,Canonical artifact_kind=linked-pe unit cold-built twice with pinned VC7.1 SP1 build6030 and compared raw byte-identical across the complete 15-byte PDB-owned relocation-free extent.
0x00401F60,th10::leaf::Fn00401F60,8,exact,100.00,game-decomphelp-fulltu-00401f60,Canonical linked-PE replay of the complete DecomphelpLeafAccessors.cpp TU with pinned VC7.1 SP1 build6030; direct IDA boundary/tail review; raw bytes and complete PDB extent are zero-difference.
0x00401F70,th10::leaf::Fn00401F70,8,exact,100.00,game-decomphelp-fulltu-00401f70,Canonical linked-PE replay of the complete DecomphelpLeafAccessors.cpp TU with pinned VC7.1 SP1 build6030; direct IDA boundary/tail review; raw bytes and complete PDB extent are zero-difference.
0x00401F80,th10::leaf::Fn00401F80,8,exact,100.00,game-decomphelp-fulltu-00401f80,Canonical linked-PE replay of the complete DecomphelpLeafAccessors.cpp TU with pinned VC7.1 SP1 build6030; direct IDA boundary/tail review; raw bytes and complete PDB extent are zero-difference.
0x00401F90,th10::leaf::Fn00401F90,11,exact,100.00,game-decomphelp-fulltu-00401f90,Canonical linked-PE replay of the complete DecomphelpLeafAccessors.cpp TU with pinned VC7.1 SP1 build6030; direct IDA boundary/tail review; raw bytes and complete PDB extent are zero-difference.
0x00401FA0,th10::leaf::LeafIdentity00401FA0View::Get,3,exact,100.00,game-decomphelp-identity-00401fa0,Canonical linked-PE replay of the complete DecomphelpLeafAccessors.cpp TU with the member method as the LTCG entry; direct IDA Pro MCP boundary review and raw bytes are zero-difference.
0x00401FB0,th10::leaf::Fn00401FB0,7,exact,100.00,game-decomphelp-fulltu-00401fb0,Canonical linked-PE replay of the complete DecomphelpLeafAccessors.cpp TU with pinned VC7.1 SP1 build6030; direct IDA boundary/tail review; raw bytes and complete PDB extent are zero-difference.
0x00401FC0,th10::leaf::Fn00401FC0,1,exact,100.00,game-decomphelp-fulltu-00401fc0,Canonical linked-PE replay of the complete DecomphelpLeafAccessors.cpp TU with pinned VC7.1 SP1 build6030; direct IDA boundary/tail review; raw bytes and complete PDB extent are zero-difference.
0x00401FF0,AnmVmView::~AnmVmView,34,exact,100.00,anm-vm-destructor,Canonical artifact_kind=coff unit cold-built twice with pinned VC7.1 SP1 build6030; the complete 34-byte extent and sole REL32 free field replay zero-difference.
0x00402050,AnmVmView::AnmVmView,88,exact,100.00,anm-vm-constructor,Canonical artifact_kind=coff unit cold-built twice with pinned VC7.1 SP1 build6030 and compared zero-difference across the complete 88-byte relocation-free owned extent.
0x004020B0,th10::leaf::Fn004020B0,56,exact,100.00,game-decomphelp-fulltu-004020b0,Canonical linked-PE replay of the complete DecomphelpLeafAccessors.cpp TU with pinned VC7.1 SP1 build6030; direct IDA boundary/tail review; raw bytes and complete PDB extent are zero-difference.
0x004020F0,th10::leaf::Fn004020F0,5,exact,100.00,game-decomphelp-fulltu-004020f0,Canonical linked-PE replay of the complete DecomphelpLeafAccessors.cpp TU with pinned VC7.1 SP1 build6030; direct IDA boundary/tail review; raw bytes and complete PDB extent are zero-difference.
0x00402100,th10::leaf::Fn00402100,5,exact,100.00,game-decomphelp-fulltu-00402100,Canonical linked-PE replay of the complete DecomphelpLeafAccessors.cpp TU with pinned VC7.1 SP1 build6030; direct IDA boundary/tail review; raw bytes and complete PDB extent are zero-difference.
0x00402110,th10::leaf::Fn00402110,5,exact,100.00,game-decomphelp-fulltu-00402110,Canonical linked-PE replay of the complete DecomphelpLeafAccessors.cpp TU with pinned VC7.1 SP1 build6030; direct IDA boundary/tail review; raw bytes and complete PDB extent are zero-difference.
0x00402120,th10::leaf::Fn00402120,1,exact,100.00,game-decomphelp-fulltu-00402120,Canonical linked-PE replay of the complete DecomphelpLeafAccessors.cpp TU with pinned VC7.1 SP1 build6030; direct IDA boundary/tail review; raw bytes and complete PDB extent are zero-difference.
0x00402130,th10::leaf::Fn00402130,5,exact,100.00,game-decomphelp-fulltu-00402130,Canonical linked-PE replay of the complete DecomphelpLeafAccessors.cpp TU with pinned VC7.1 SP1 build6030; direct IDA boundary/tail review; raw bytes and complete PDB extent are zero-difference.
0x00402140,th10::leaf::Fn00402140,1,exact,100.00,game-decomphelp-fulltu-00402140,Canonical linked-PE replay of the complete DecomphelpLeafAccessors.cpp TU with pinned VC7.1 SP1 build6030; direct IDA boundary/tail review; raw bytes and complete PDB extent are zero-difference.
0x00402150,th10::leaf::Fn00402150,1,exact,100.00,game-decomphelp-fulltu-00402150,Canonical linked-PE replay of the complete DecomphelpLeafAccessors.cpp TU with pinned VC7.1 SP1 build6030; direct IDA boundary/tail review; raw bytes and complete PDB extent are zero-difference.
0x00402220,th10::leaf::Fn00402220,8,exact,100.00,game-decomphelp-fulltu-00402220,Canonical linked-PE replay of the complete DecomphelpLeafAccessors.cpp TU with pinned VC7.1 SP1 build6030; direct IDA boundary/tail review; raw bytes and complete PDB extent are zero-difference.
0x00404410,th10::leaf::Fn00404410,11,exact,100.00,game-decomphelp-fulltu-00404410,Canonical linked-PE replay of the complete DecomphelpLeafAccessors.cpp TU with pinned VC7.1 SP1 build6030; direct IDA boundary/tail review; raw bytes and complete PDB extent are zero-difference.
0x00404C90,th10::leaf::Fn00404C90,7,exact,100.00,game-decomphelp-fulltu-00404c90,Canonical linked-PE replay of the complete DecomphelpLeafAccessors.cpp TU with pinned VC7.1 SP1 build6030; direct IDA boundary/tail review; raw bytes and complete PDB extent are zero-difference.
0x00404CA0,th10::leaf::Fn00404CA0,56,exact,100.00,game-decomphelp-fulltu-00404ca0,Canonical linked-PE replay of the complete DecomphelpLeafAccessors.cpp TU with pinned VC7.1 SP1 build6030; direct IDA Pro MCP byte/tail review; raw bytes and complete PDB extent are zero-difference.
0x00404CE0,th10::leaf::Fn00404CE0,7,exact,100.00,game-decomphelp-fulltu-00404ce0,Canonical linked-PE replay of the complete DecomphelpLeafAccessors.cpp TU with pinned VC7.1 SP1 build6030; direct IDA boundary/tail review; raw bytes and complete PDB extent are zero-difference.
0x00404D30,th10::leaf::Fn00404D30,11,exact,100.00,game-decomphelp-fulltu-00404d30,Canonical linked-PE replay of the complete DecomphelpLeafAccessors.cpp TU with pinned VC7.1 SP1 build6030; direct IDA boundary/tail review; raw bytes and complete PDB extent are zero-difference.
0x00404E90,th10::leaf::LeafCompare00404E90View::Compare,15,exact,100.00,game-decomphelp-compare-00404e90,Canonical linked-PE replay of the complete DecomphelpLeafAccessors.cpp TU with pinned VC7.1 SP1 build6030; direct IDA Pro MCP boundary/byte review; raw bytes and complete PDB extent are zero-difference.
0x00404EC0,th10::leaf::Fn00404EC0,4,exact,100.00,game-decomphelp-float-get-00404ec0,Canonical linked-PE replay of the complete DecomphelpLeafAccessors.cpp TU with pinned VC7.1 SP1 build6030; direct IDA Pro MCP byte/tail review; raw bytes and complete PDB extent are zero-difference.
0x00404F20,th10::leaf::Fn00404F20,8,exact,100.00,game-decomphelp-fulltu-00404f20,Canonical linked-PE replay of the complete DecomphelpLeafAccessors.cpp TU with pinned VC7.1 SP1 build6030; direct IDA boundary/tail review; raw bytes and complete PDB extent are zero-difference.
0x004050D0,th10::leaf::Fn004050D0,50,exact,100.00,game-decomphelp-fulltu-004050d0,"Canonical linked-PE replay of the complete decomphelp leaf TU; direct IDA body review and the complete PDB extent are raw-equal."
0x00405150,th10::leaf::Fn00405150,4,exact,100.00,game-decomphelp-fulltu-00405150,Canonical linked-PE replay of the complete DecomphelpLeafAccessors.cpp TU with pinned VC7.1 SP1 build6030; direct IDA boundary/tail review; raw bytes and complete PDB extent are zero-difference.
0x00405160,th10::leaf::Fn00405160,4,exact,100.00,game-decomphelp-fulltu-00405160,Canonical linked-PE replay of the complete DecomphelpLeafAccessors.cpp TU with pinned VC7.1 SP1 build6030; direct IDA boundary/tail review; raw bytes and complete PDB extent are zero-difference.
0x004051B0,th10::leaf::Fn004051B0,7,exact,100.00,game-decomphelp-fulltu-004051b0,Canonical linked-PE replay of the complete DecomphelpLeafAccessors.cpp TU with pinned VC7.1 SP1 build6030; direct IDA boundary/tail review; raw bytes and complete PDB extent are zero-difference.
0x004051C0,th10::leaf::Fn004051C0,14,exact,100.00,game-decomphelp-fulltu-004051c0,Canonical linked-PE replay of the complete DecomphelpLeafAccessors.cpp TU with pinned VC7.1 SP1 build6030; direct IDA Pro MCP byte/tail review; raw bytes and complete PDB extent are zero-difference.
0x00405340,th10::leaf::Fn00405340,17,exact,100.00,game-decomphelp-fulltu-00405340,Canonical linked-PE replay of the complete DecomphelpLeafAccessors.cpp TU with pinned VC7.1 SP1 build6030; direct IDA boundary/tail review; raw bytes and complete PDB extent are zero-difference.
0x00405360,th10::leaf::Fn00405360,4,exact,100.00,game-decomphelp-fulltu-00405360,Canonical linked-PE replay of the complete DecomphelpLeafAccessors.cpp TU with pinned VC7.1 SP1 build6030; direct IDA boundary/tail review; raw bytes and complete PDB extent are zero-difference.
0x00405370,th10::leaf::LeafValueSetter00405370View::Set,9,exact,100.00,game-decomphelp-setter-00405370,Canonical linked-PE replay of the complete DecomphelpLeafAccessors.cpp TU with the natural __thiscall member entry; direct IDA Pro MCP boundary and bytes are zero-difference.
0x00405380,th10::leaf::Fn00405380,3,exact,100.00,game-decomphelp-fulltu-00405380,Canonical linked-PE replay of the complete DecomphelpLeafAccessors.cpp TU with pinned VC7.1 SP1 build6030; direct IDA Pro MCP bytes and complete PDB extent are zero-difference.
0x00405390,th10::leaf::Fn00405390,4,exact,100.00,game-decomphelp-fulltu-00405390,Canonical linked-PE replay of the complete DecomphelpLeafAccessors.cpp TU with pinned VC7.1 SP1 build6030; direct IDA boundary/tail review; raw bytes and complete PDB extent are zero-difference.
0x004053A0,th10::leaf::Fn004053A0,7,exact,100.00,game-decomphelp-fulltu-004053a0,Canonical linked-PE replay of the complete DecomphelpLeafAccessors.cpp TU with pinned VC7.1 SP1 build6030; direct IDA boundary/tail review; raw bytes and complete PDB extent are zero-difference.
0x004053D0,th10::leaf::Fn004053D0,4,exact,100.00,game-decomphelp-fulltu-004053d0,Canonical linked-PE replay of the complete DecomphelpLeafAccessors.cpp TU with pinned VC7.1 SP1 build6030; direct IDA boundary/tail review; raw bytes and complete PDB extent are zero-difference.
0x004053E0,th10::leaf::Fn004053E0,1,exact,100.00,game-decomphelp-fulltu-004053e0,Canonical linked-PE replay of the complete DecomphelpLeafAccessors.cpp TU with pinned VC7.1 SP1 build6030; direct IDA boundary/tail review; raw bytes and complete PDB extent are zero-difference.
0x004053F0,th10::leaf::Fn004053F0,1,exact,100.00,game-decomphelp-fulltu-004053f0,Canonical linked-PE replay of the complete DecomphelpLeafAccessors.cpp TU with pinned VC7.1 SP1 build6030; direct IDA boundary/tail review; raw bytes and complete PDB extent are zero-difference.
0x00405400,th10::leaf::LeafIdentity00405400View::Get,3,exact,100.00,game-decomphelp-identity-00405400,Canonical linked-PE replay of the complete DecomphelpLeafAccessors.cpp TU with the member method as entry; direct IDA boundary review and raw bytes are zero-difference.
0x00405410,AnmVmTimerView::SetCurrent,57,exact,100.00,anm-vm-timer-set-current,Canonical linked-PE unit uses the real AnmRenderManagerView::ExecuteScript /GL /GS entry; the complete 57-byte private-EAX timer contribution matches all 53 normalized code bytes with the sole g_AnmGameSpeed DIR32 linkage accounted for.
0x00405490,th10::leaf::Fn00405490,4,exact,100.00,game-decomphelp-fulltu-00405490,Canonical linked-PE replay of the complete DecomphelpLeafAccessors.cpp TU with pinned VC7.1 SP1 build6030; direct IDA Pro MCP bytes and complete PDB extent are zero-difference.
0x004054A0,th10::leaf::Fn004054A0,6,exact,100.00,game-decomphelp-fulltu-004054a0,Canonical linked-PE replay of the complete DecomphelpLeafAccessors.cpp TU with pinned VC7.1 SP1 build6030; direct IDA boundary/tail review; raw bytes and complete PDB extent are zero-difference.
0x00405560,th10::leaf::Fn00405560,10,exact,100.00,game-decomphelp-fulltu-00405560,Canonical linked-PE replay of the complete DecomphelpLeafAccessors.cpp TU with pinned VC7.1 SP1 build6030; direct IDA boundary/tail review; raw bytes and complete PDB extent are zero-difference.
0x00405570,th10::leaf::Fn00405570,15,exact,100.00,game-decomphelp-fulltu-00405570,Canonical linked-PE replay of the complete DecomphelpLeafAccessors.cpp TU with pinned VC7.1 SP1 build6030; direct IDA Pro MCP byte/tail review; raw bytes and complete PDB extent are zero-difference.
0x00405580,th10::leaf::Fn00405580,7,exact,100.00,game-decomphelp-fulltu-00405580,Canonical linked-PE replay of the complete DecomphelpLeafAccessors.cpp TU with pinned VC7.1 SP1 build6030; direct IDA boundary/tail review; raw bytes and complete PDB extent are zero-difference.
0x00405590,th10::leaf::Fn00405590,5,exact,100.00,game-decomphelp-fulltu-00405590,Canonical linked-PE replay of the complete DecomphelpLeafAccessors.cpp TU with pinned VC7.1 SP1 build6030; direct IDA boundary/tail review; raw bytes and complete PDB extent are zero-difference.
0x00405850,th10::leaf::Fn00405850,6,exact,100.00,game-decomphelp-fulltu-00405850,Canonical linked-PE replay of the complete DecomphelpLeafAccessors.cpp TU with pinned VC7.1 SP1 build6030; direct IDA boundary/tail review; raw bytes and complete PDB extent are zero-difference.
0x00405B60,GameScoreStateView::AddRank,42,exact,100.00,item-rank-add,Canonical linked-PE ItemHelpers unit under the adjacent item polar helper /GL entry reproduces all 42 relocation-free bytes raw-equal; five TH10 ItemManager call sites establish the rank-delta semantics.
0x00405B90,th10::leaf::Fn00405B90,5,exact,100.00,game-decomphelp-fulltu-00405b90,Canonical linked-PE replay of the complete DecomphelpLeafAccessors.cpp TU with pinned VC7.1 SP1 build6030; direct IDA boundary/tail review; raw bytes and complete PDB extent are zero-difference.
0x00405BA0,th10::leaf::Fn00405BA0,4,exact,100.00,game-decomphelp-fulltu-00405ba0,Canonical linked-PE replay of the complete DecomphelpLeafAccessors.cpp TU with pinned VC7.1 SP1 build6030; direct IDA Pro MCP bytes and complete PDB extent are zero-difference.
0x00405BB0,th10::leaf::Fn00405BB0,4,exact,100.00,game-decomphelp-fulltu-00405bb0,Canonical linked-PE replay of the complete DecomphelpLeafAccessors.cpp TU with pinned VC7.1 SP1 build6030; direct IDA boundary/tail review; raw bytes and complete PDB extent are zero-difference.
0x00405BC0,th10::leaf::Fn00405BC0,1,exact,100.00,game-decomphelp-fulltu-00405bc0,Canonical linked-PE replay of the complete DecomphelpLeafAccessors.cpp TU with pinned VC7.1 SP1 build6030; direct IDA boundary/tail review; raw bytes and complete PDB extent are zero-difference.
0x00405BE0,BulletRuntimeView::Deactivate,158,exact,100.00,bullet-runtime-deactivate,Canonical linked-PE unit uses BulletManagerView::UpdateBullets as the real entry; all 158 bytes match with only the two declared g_AnmGameSpeed DIR32 fields varying by image.
0x00405CA0,th10::leaf::Fn00405CA0,7,exact,100.00,game-decomphelp-fulltu-00405ca0,Canonical linked-PE replay of the complete DecomphelpLeafAccessors.cpp TU with pinned VC7.1 SP1 build6030; direct IDA boundary/tail review; raw bytes and complete PDB extent are zero-difference.
0x00405CB0,th10::leaf::Fn00405CB0,8,exact,100.00,game-decomphelp-fulltu-00405cb0,Canonical linked-PE replay of the complete DecomphelpLeafAccessors.cpp TU with pinned VC7.1 SP1 build6030; direct IDA boundary/tail review; raw bytes and complete PDB extent are zero-difference.
0x00405E10,th10::leaf::LeafFlag00405E10View::Clear,7,exact,100.00,game-decomphelp-flag-00405e10,Canonical linked-PE replay of the complete DecomphelpLeafAccessors.cpp TU with the natural __thiscall member entry; direct IDA Pro MCP boundary and bytes are zero-difference.
0x00406160,BulletPositionView::IsOutsidePlayfield,109,exact,100.00,bullet-position-bounds,Canonical linked-PE replay under BulletManagerView::UpdateBullets reproduces all 109 bytes; the only image-varying fields are two 0.5f DIR32 constants and four declared playfield-bound DIR32 fields.
0x004061D0,BulletWrapPositionView::IsOutsidePlayfield,109,exact,100.00,bullet-wrap-position-bounds,"Canonical linked-PE replay reproduces all 109 bytes; declared fields are two 0.5f constants, left/right bounds, the zero-float visible top bound, and bottom bound."
0x00406240,BulletUpdateRuntime,885,exact,100.00,bullet-runtime-update,"Canonical mixed-profile linked-PE replay under the real BulletUpdateRuntime entry reproduces the full 885-byte PDB contribution; 39 declared linkage fields include the transform and Player collision callees, and all 729 comparable code bytes match."
0x004065C0,BulletManagerView::UpdateBullets,249,exact,100.00,bullet-manager-update,"Canonical linked-PE unit enters through BulletManagerUpdateCallback and reproduces the complete 249-byte private-ESI owner; six declared fields cover the update gate, stack-ABI BulletUpdateRuntime seam, timer constants, and __ftol2."
0x00406770,BulletManagerUpdateCallback,40,exact,100.00,bullet-manager-update-callback,"Canonical linked-PE unit enters the callback directly under /GL /GS and reproduces all 40 bytes after normalizing only g_BulletUpdateGate DIR32 and UpdateBullets REL32; 0x0040678E is an interior entry, not a standalone owner."
0x004074B0,BulletRuntimeView::UpdateDeceleration,164,exact,100.00,bullet-update-deceleration,"Canonical linked-PE replay under BulletManagerView::UpdateBullets reproduces the complete 164-byte extent; seven declared linkage fields cover the TH10 5.0/0.3125 and timer constants, exact polar-vector helper, and __ftol2."
0x00407780,BulletRuntimeView::UpdateRelativeDirectionChange,338,exact,100.00,bullet-update-relative-direction,"Canonical linked-PE replay reproduces all 338 bytes; eight declared linkage fields cover sound owner/call, game speed, polar-vector helper, timer constants and __ftol2."
0x00407A30,BulletRuntimeView::UpdateAimedDirectionChange,431,exact,100.00,bullet-update-aimed-direction,"Canonical linked-PE replay reproduces all 431 bytes; twelve declared linkage fields cover sound/player references, angle helper, game speed, polar-vector helper, timer constants and __ftol2."
0x00407BE0,BulletRuntimeView::UpdateBoundaryBounce,446,exact,100.00,bullet-update-boundary-bounce,Canonical linked-PE replay reproduces all 446 bytes with 20 declared linkage fields; exact QueueSoundSample support recovers the retail EDI sound-id ABI.
0x00407EF0,BulletRuntimeView::UpdateState8,306,exact,100.00,bullet-update-state8,"Canonical linked-PE replay reproduces all 306 bytes; twelve declared linkage fields cover player/global references, angle helpers, game speed, timer constants and __ftol2."
0x00408660,BulletAngleDifference,80,exact,100.00,bullet-angle-difference,Canonical normal-COFF replay reproduces all 80 bytes and four DIR32 pi/2pi constant fields at their target offsets.
0x004086B0,EnemyBulletPositionView::IsOutsidePlayfield,91,exact,100.00,enemy-bullet-playfield-bounds,Canonical linked-PE unit cold-built with pinned VC7.1 SP1 build6030 under the real EnemyCancelManagerView::CancelBulletPattern /GL /GS caller context; complete 91-byte PDB extent and all four playfield DIR32 fields replay zero-difference.
0x00408730,th10::leaf::Fn00408730,25,exact,100.00,game-decomphelp-fulltu-00408730,Canonical linked-PE replay of the complete DecomphelpLeafAccessors.cpp TU with pinned VC7.1 SP1 build6030; direct IDA Pro MCP byte/tail review; raw bytes and complete PDB extent are zero-difference.
0x00408750,AnmOpcodeVectorView::FromAngleMagnitude,30,exact,100.00,anm-opcode-vector,Canonical linked-PE unit rebuilt in two separate pinned VC7.1 SP1 build6030 replays; all 30 relocation-free target bytes are raw-equal.
0x00408780,th10::leaf::Fn00408780,10,exact,100.00,game-decomphelp-fulltu-00408780,Canonical linked-PE replay of the complete DecomphelpLeafAccessors.cpp TU with pinned VC7.1 SP1 build6030; direct IDA boundary/tail review; raw bytes and complete PDB extent are zero-difference.
0x00408790,th10::leaf::Fn00408790,14,exact,100.00,game-decomphelp-fulltu-00408790,Canonical linked-PE replay of the complete DecomphelpLeafAccessors.cpp TU with pinned VC7.1 SP1 build6030; direct IDA boundary/tail review; raw bytes and complete PDB extent are zero-difference.
0x004087C0,th10::leaf::Fn004087C0,9,exact,100.00,game-decomphelp-fulltu-004087c0,Canonical linked-PE replay of the complete DecomphelpLeafAccessors.cpp TU with pinned VC7.1 SP1 build6030; direct IDA boundary/tail review; raw bytes and complete PDB extent are zero-difference.
0x004087D0,th10::leaf::Fn004087D0,8,exact,100.00,game-decomphelp-fulltu-004087d0,Canonical linked-PE replay of the complete DecomphelpLeafAccessors.cpp TU with pinned VC7.1 SP1 build6030; direct IDA boundary/tail review; raw bytes and complete PDB extent are zero-difference.
0x004087E0,th10::leaf::Fn004087E0,25,exact,100.00,game-decomphelp-fulltu-004087e0,Canonical linked-PE replay of the complete DecomphelpLeafAccessors.cpp TU with pinned VC7.1 SP1 build6030; direct IDA Pro MCP byte/tail review; raw bytes and complete PDB extent are zero-difference.
0x00408800,th10::leaf::Fn00408800,1,exact,100.00,game-decomphelp-fulltu-00408800,Canonical linked-PE replay of the complete DecomphelpLeafAccessors.cpp TU with pinned VC7.1 SP1 build6030; direct IDA boundary/tail review; raw bytes and complete PDB extent are zero-difference.
0x00408810,th10::leaf::Fn00408810,1,exact,100.00,game-decomphelp-fulltu-00408810,Canonical linked-PE replay of the complete DecomphelpLeafAccessors.cpp TU with pinned VC7.1 SP1 build6030; direct IDA boundary/tail review; raw bytes and complete PDB extent are zero-difference.
0x00408820,th10::leaf::Fn00408820,6,exact,100.00,game-decomphelp-fulltu-00408820,Canonical linked-PE replay of the complete DecomphelpLeafAccessors.cpp TU with pinned VC7.1 SP1 build6030; direct IDA boundary/tail review; raw bytes and complete PDB extent are zero-difference.
0x00408830,th10::leaf::Fn00408830,5,exact,100.00,game-decomphelp-fulltu-00408830,Canonical linked-PE replay of the complete DecomphelpLeafAccessors.cpp TU with pinned VC7.1 SP1 build6030; direct IDA boundary/tail review; raw bytes and complete PDB extent are zero-difference.
0x00408840,th10::leaf::Fn00408840,8,exact,100.00,game-decomphelp-fulltu-00408840,Canonical linked-PE replay of the complete DecomphelpLeafAccessors.cpp TU with pinned VC7.1 SP1 build6030; direct IDA boundary/tail review; raw bytes and complete PDB extent are zero-difference.
0x00408850,th10::leaf::Fn00408850,8,exact,100.00,game-decomphelp-fulltu-00408850,Canonical linked-PE replay of the complete DecomphelpLeafAccessors.cpp TU with pinned VC7.1 SP1 build6030; direct IDA boundary/tail review; raw bytes and complete PDB extent are zero-difference.
0x00408860,th10::leaf::Fn00408860,21,exact,100.00,game-decomphelp-fulltu-00408860,Canonical linked-PE replay of the complete DecomphelpLeafAccessors.cpp TU with pinned VC7.1 SP1 build6030; direct IDA Pro MCP byte/tail review; raw bytes and complete PDB extent are zero-difference.
0x00408880,th10::leaf::Fn00408880,21,exact,100.00,game-decomphelp-fulltu-00408880,Canonical linked-PE replay of the complete DecomphelpLeafAccessors.cpp TU with pinned VC7.1 SP1 build6030; direct IDA Pro MCP byte/tail review; raw bytes and complete PDB extent are zero-difference.
0x004088A0,th10::leaf::Fn004088A0,11,exact,100.00,game-decomphelp-fulltu-004088a0,Canonical linked-PE replay of the complete DecomphelpLeafAccessors.cpp TU with pinned VC7.1 SP1 build6030; direct IDA Pro MCP bytes and complete PDB extent are zero-difference.
0x004088B0,th10::leaf::Fn004088B0,7,exact,100.00,game-decomphelp-fulltu-004088b0,Canonical linked-PE replay of the complete DecomphelpLeafAccessors.cpp TU with pinned VC7.1 SP1 build6030; direct IDA boundary/tail review; raw bytes and complete PDB extent are zero-difference.
0x00408AA0,th10::leaf::Fn00408AA0,3,exact,100.00,game-decomphelp-fulltu-00408aa0,Canonical linked-PE replay of the complete DecomphelpLeafAccessors.cpp TU with pinned VC7.1 SP1 build6030; direct IDA boundary/tail review; raw bytes and complete PDB extent are zero-difference.
0x00408AB0,th10::leaf::Fn00408AB0,3,exact,100.00,game-decomphelp-fulltu-00408ab0,Canonical linked-PE replay of the complete DecomphelpLeafAccessors.cpp TU with pinned VC7.1 SP1 build6030; direct IDA boundary/tail review; raw bytes and complete PDB extent are zero-difference.
0x00409230,AnmPairOwnerDrawCallback,50,exact,100.00,anm-pair-owner-draw-callback,Canonical artifact_kind=linked-pe unit cold-built with pinned VC7.1 SP1 build6030; the complete PDB-owned extent and both renderer-global DIR32 plus both Draw REL32 fields replay zero-difference.
0x00409D90,GuiScoreView::Add,46,exact,100.00,gui-score-add,Canonical artifact_kind=linked-pe unit cold-built twice with pinned VC7.1 SP1 build6030 in the real GuiMessageVmView::Run /GL caller context; the complete relocation-free 46-byte PDB contribution replays raw-equal.
0x00409DC0,th10::leaf::Fn00409DC0,4,exact,100.00,game-decomphelp-fulltu-00409dc0,Canonical linked-PE replay of the complete DecomphelpLeafAccessors.cpp TU with pinned VC7.1 SP1 build6030; direct IDA boundary/tail review; raw bytes and complete PDB extent are zero-difference.
0x00409DD0,th10::leaf::Fn00409DD0,4,exact,100.00,game-decomphelp-fulltu-00409dd0,Canonical linked-PE replay of the complete DecomphelpLeafAccessors.cpp TU with pinned VC7.1 SP1 build6030; direct IDA boundary/tail review; raw bytes and complete PDB extent are zero-difference.
0x00409DE0,th10::leaf::Fn00409DE0,7,exact,100.00,game-decomphelp-fulltu-00409de0,Canonical linked-PE replay of the complete DecomphelpLeafAccessors.cpp TU with pinned VC7.1 SP1 build6030; direct IDA boundary/tail review; raw bytes and complete PDB extent are zero-difference.
0x00409DF0,th10::leaf::Fn00409DF0,7,exact,100.00,game-decomphelp-fulltu-00409df0,Canonical linked-PE replay of the complete DecomphelpLeafAccessors.cpp TU with pinned VC7.1 SP1 build6030; direct IDA boundary/tail review; raw bytes and complete PDB extent are zero-difference.
0x00409E10,th10::leaf::Fn00409E10,12,exact,100.00,game-decomphelp-fulltu-00409e10,Canonical linked-PE replay of the complete DecomphelpLeafAccessors.cpp TU with pinned VC7.1 SP1 build6030; direct IDA boundary/tail review; raw bytes and complete PDB extent are zero-difference.
0x00409E40,th10::leaf::Fn00409E40,1,exact,100.00,game-decomphelp-fulltu-00409e40,Canonical linked-PE replay of the complete DecomphelpLeafAccessors.cpp TU with pinned VC7.1 SP1 build6030; direct IDA boundary/tail review; raw bytes and complete PDB extent are zero-difference.
0x00409E50,EnemyMarkPendingInterrupt,65,exact,100.00,enemy-mark-pending-interrupt,Canonical artifact_kind=linked-pe unit cold-replayed twice with pinned VC7.1 SP1 build6030 in the Enemy dispatcher /GL /GS entry context; the complete 65-byte PDB contribution and both declared linkage fields replay zero-difference.
0x00409EA0,th10::leaf::Fn00409EA0,1,exact,100.00,game-decomphelp-fulltu-00409ea0,Canonical linked-PE replay of the complete DecomphelpLeafAccessors.cpp TU with pinned VC7.1 SP1 build6030; direct IDA boundary/tail review; raw bytes and complete PDB extent are zero-difference.
0x00409F30,th10::leaf::Fn00409F30,4,exact,100.00,game-decomphelp-fulltu-00409f30,Canonical linked-PE replay of the complete DecomphelpLeafAccessors.cpp TU with pinned VC7.1 SP1 build6030; direct IDA boundary/tail review; raw bytes and complete PDB extent are zero-difference.
0x00409F40,th10::leaf::Fn00409F40,10,exact,100.00,game-decomphelp-fulltu-00409f40,Canonical linked-PE replay of the complete DecomphelpLeafAccessors.cpp TU with pinned VC7.1 SP1 build6030; direct IDA boundary/tail review; raw bytes and complete PDB extent are zero-difference.
0x00409F60,th10::leaf::Fn00409F60,4,exact,100.00,game-decomphelp-fulltu-00409f60,Canonical linked-PE replay of the complete DecomphelpLeafAccessors.cpp TU with pinned VC7.1 SP1 build6030; direct IDA Pro MCP bytes and complete PDB extent are zero-difference.
0x00409F70,th10::leaf::Fn00409F70,7,exact,100.00,game-decomphelp-fulltu-00409f70,Canonical linked-PE replay of the complete DecomphelpLeafAccessors.cpp TU with pinned VC7.1 SP1 build6030; direct IDA boundary/tail review; raw bytes and complete PDB extent are zero-difference.
0x00409F80,th10::leaf::Fn00409F80,4,exact,100.00,game-decomphelp-fulltu-00409f80,Canonical linked-PE replay of the complete DecomphelpLeafAccessors.cpp TU with pinned VC7.1 SP1 build6030; direct IDA boundary/tail review; raw bytes and complete PDB extent are zero-difference.
0x0040AC00,th10::leaf::Fn0040AC00,3,exact,100.00,game-decomphelp-fulltu-0040ac00,Canonical linked-PE replay of the complete DecomphelpLeafAccessors.cpp TU with pinned VC7.1 SP1 build6030; direct IDA boundary/tail review; raw bytes and complete PDB extent are zero-difference.
0x0040AC10,th10::leaf::Fn0040AC10,7,exact,100.00,game-decomphelp-fulltu-0040ac10,Canonical linked-PE replay of the complete DecomphelpLeafAccessors.cpp TU with pinned VC7.1 SP1 build6030; direct IDA boundary/tail review; raw bytes and complete PDB extent are zero-difference.
0x0040AC90,MainSupervisorView::SetNextGameMode,37,exact,100.00,main-set-next-game-mode,Canonical linked-PE unit under real GuiMessageVmView::Run context reproduces the complete relocation-free 37-byte PDB contribution raw-equal.
0x0040ACC0,th10::leaf::Fn0040ACC0,7,exact,100.00,game-decomphelp-fulltu-0040acc0,Canonical linked-PE replay of the complete DecomphelpLeafAccessors.cpp TU with pinned VC7.1 SP1 build6030; direct IDA Pro MCP bytes and complete PDB extent are zero-difference.
0x0040ACD0,th10::leaf::Fn0040ACD0,7,exact,100.00,game-decomphelp-fulltu-0040acd0,Canonical linked-PE replay of the complete DecomphelpLeafAccessors.cpp TU with pinned VC7.1 SP1 build6030; direct IDA Pro MCP bytes and complete PDB extent are zero-difference.
0x0040ACE0,FrontEndInputView::IsRepeated,33,exact,100.00,frontend-input-repeated,Canonical linked-PE unit under the real FrontEndControllerView::UpdateDifficulty /GL entry reproduces the complete relocation-free 33-byte PDB contribution raw-equal.
0x0040AD10,th10::leaf::Fn0040AD10,6,exact,100.00,game-decomphelp-fulltu-0040ad10,Canonical linked-PE replay of the complete DecomphelpLeafAccessors.cpp TU with pinned VC7.1 SP1 build6030; direct IDA boundary/tail review; raw bytes and complete PDB extent are zero-difference.
0x0040AD20,FrontEndCursorSetCurrent,33,exact,100.00,frontend-cursor-set-current,Canonical normal-COFF helper reproduces the complete relocation-free 33-byte target body raw-equal with target-observed ECX=value and EDX=cursor physical inputs.
0x0040AD50,th10::leaf::Fn0040AD50,7,exact,100.00,game-decomphelp-fulltu-0040ad50,Canonical linked-PE replay of the complete DecomphelpLeafAccessors.cpp TU with pinned VC7.1 SP1 build6030; direct IDA boundary/tail review; raw bytes and complete PDB extent are zero-difference.
0x0040AD80,th10::leaf::Fn0040AD80,4,exact,100.00,game-decomphelp-fulltu-0040ad80,Canonical linked-PE replay of the complete DecomphelpLeafAccessors.cpp TU with pinned VC7.1 SP1 build6030; direct IDA boundary/tail review; raw bytes and complete PDB extent are zero-difference.
0x0040AD90,th10::leaf::Fn0040AD90,3,exact,100.00,game-decomphelp-fulltu-0040ad90,Canonical linked-PE replay of the complete DecomphelpLeafAccessors.cpp TU with pinned VC7.1 SP1 build6030; direct IDA boundary/tail review; raw bytes and complete PDB extent are zero-difference.
0x0040ADA0,th10::leaf::Fn0040ADA0,25,exact,100.00,game-decomphelp-fulltu-0040ada0,Canonical linked-PE replay of the complete DecomphelpLeafAccessors.cpp TU with pinned VC7.1 SP1 build6030; direct IDA boundary/tail review; raw bytes and complete PDB extent are zero-difference.
0x0040ADC0,th10::leaf::Fn0040ADC0,1,exact,100.00,game-decomphelp-fulltu-0040adc0,Canonical linked-PE replay of the complete DecomphelpLeafAccessors.cpp TU with pinned VC7.1 SP1 build6030; direct IDA boundary/tail review; raw bytes and complete PDB extent are zero-difference.
0x0040ADD0,th10::leaf::Fn0040ADD0,34,exact,100.00,game-decomphelp-fulltu-0040add0,Canonical linked-PE replay of the complete DecomphelpLeafAccessors.cpp TU with pinned VC7.1 SP1 build6030; direct IDA boundary/tail review; raw bytes and complete PDB extent are zero-difference.
0x0040AE30,th10::leaf::Fn0040AE30,3,exact,100.00,game-decomphelp-fulltu-0040ae30,Canonical linked-PE replay of the complete DecomphelpLeafAccessors.cpp TU with pinned VC7.1 SP1 build6030; direct IDA boundary/tail review; raw bytes and complete PDB extent are zero-difference.
0x0040AE40,th10::leaf::Fn0040AE40,4,exact,100.00,game-decomphelp-fulltu-0040ae40,Canonical linked-PE replay of the complete DecomphelpLeafAccessors.cpp TU with pinned VC7.1 SP1 build6030; direct IDA boundary/tail review; raw bytes and complete PDB extent are zero-difference.
0x0040B030,th10::leaf::Fn0040B030,6,exact,100.00,game-decomphelp-fulltu-0040b030,Canonical linked-PE replay of the complete DecomphelpLeafAccessors.cpp TU with pinned VC7.1 SP1 build6030; direct IDA boundary/tail review; raw bytes and complete PDB extent are zero-difference.
0x0040B040,th10::leaf::Fn0040B040,6,exact,100.00,game-decomphelp-fulltu-0040b040,Canonical linked-PE replay of the complete DecomphelpLeafAccessors.cpp TU with pinned VC7.1 SP1 build6030; direct IDA boundary/tail review; raw bytes and complete PDB extent are zero-difference.
0x0040B050,th10::leaf::Fn0040B050,6,exact,100.00,game-decomphelp-fulltu-0040b050,Canonical linked-PE replay of the complete DecomphelpLeafAccessors.cpp TU with pinned VC7.1 SP1 build6030; direct IDA boundary/tail review; raw bytes and complete PDB extent are zero-difference.
0x0040B060,th10::leaf::Fn0040B060,6,exact,100.00,game-decomphelp-fulltu-0040b060,Canonical linked-PE replay of the complete DecomphelpLeafAccessors.cpp TU with pinned VC7.1 SP1 build6030; direct IDA boundary/tail review; raw bytes and complete PDB extent are zero-difference.
0x0040B290,th10::leaf::Fn0040B290,1,exact,100.00,game-decomphelp-fulltu-0040b290,Canonical linked-PE replay of the complete DecomphelpLeafAccessors.cpp TU with pinned VC7.1 SP1 build6030; direct IDA boundary/tail review; raw bytes and complete PDB extent are zero-difference.
0x0040B310,th10::leaf::Fn0040B310,3,exact,100.00,game-decomphelp-fulltu-0040b310,Canonical linked-PE replay of the complete DecomphelpLeafAccessors.cpp TU with pinned VC7.1 SP1 build6030; direct IDA boundary/tail review; raw bytes and complete PDB extent are zero-difference.
0x0040B390,th10::leaf::Fn0040B390,1,exact,100.00,game-decomphelp-fulltu-0040b390,Canonical linked-PE replay of the complete DecomphelpLeafAccessors.cpp TU with pinned VC7.1 SP1 build6030; direct IDA boundary/tail review; raw bytes and complete PDB extent are zero-difference.
0x0040B470,th10::leaf::Fn0040B470,10,exact,100.00,game-decomphelp-fulltu-0040b470,Canonical linked-PE replay of the complete DecomphelpLeafAccessors.cpp TU with pinned VC7.1 SP1 build6030; direct IDA boundary/tail review; raw bytes and complete PDB extent are zero-difference.
0x0040B500,th10::leaf::Fn0040B500,7,exact,100.00,game-decomphelp-fulltu-0040b500,Canonical linked-PE replay of the complete DecomphelpLeafAccessors.cpp TU with pinned VC7.1 SP1 build6030; direct IDA boundary/tail review; raw bytes and complete PDB extent are zero-difference.
0x0040B510,th10::leaf::Fn0040B510,9,exact,100.00,game-decomphelp-fulltu-0040b510,Canonical linked-PE replay of the complete DecomphelpLeafAccessors.cpp TU with pinned VC7.1 SP1 build6030; direct IDA boundary/tail review; raw bytes and complete PDB extent are zero-difference.
0x0040B520,th10::leaf::Fn0040B520,6,exact,100.00,game-decomphelp-fulltu-0040b520,Canonical linked-PE replay of the complete DecomphelpLeafAccessors.cpp TU with pinned VC7.1 SP1 build6030; direct IDA boundary/tail review; raw bytes and complete PDB extent are zero-difference.
0x0040BA80,th10::leaf::Fn0040BA80,6,exact,100.00,game-decomphelp-fulltu-0040ba80,Canonical linked-PE replay of the complete DecomphelpLeafAccessors.cpp TU with pinned VC7.1 SP1 build6030; direct IDA boundary/tail review; raw bytes and complete PDB extent are zero-difference.
0x0040C460,th10::leaf::Fn0040C460,3,exact,100.00,enemy-decomphelp-fulltu-0040c460,Canonical linked-PE replay of the complete DecomphelpLeafAccessors.cpp TU with pinned VC7.1 SP1 build6030; direct IDA boundary/tail review; raw bytes and complete PDB extent are zero-difference.
0x0040C520,th10::leaf::Fn0040C520,4,exact,100.00,enemy-decomphelp-fulltu-0040c520,Canonical linked-PE replay of the complete DecomphelpLeafAccessors.cpp TU with pinned VC7.1 SP1 build6030; direct IDA boundary/tail review; raw bytes and complete PDB extent are zero-difference.
0x0040C530,th10::leaf::Fn0040C530,6,exact,100.00,game-decomphelp-fulltu-0040c530,Canonical linked-PE replay of the complete DecomphelpLeafAccessors.cpp TU with pinned VC7.1 SP1 build6030; direct IDA Pro MCP bytes and complete PDB extent are zero-difference.
0x0040C540,AsciiManagerView::EnsureSelectionVm,75,exact,100.00,ascii-manager-ensure-selection-vm,Canonical linked-PE unit cold-built twice with pinned VC7.1 SP1 build6030 under the real FrontEndControllerView::UpdateShotType /GL entry; the complete 75-byte PDB contribution and sole CreateVmAtScreenVariant0 REL32 field replay zero-difference.
0x0040C5B0,th10::leaf::Fn0040C5B0,4,exact,100.00,enemy-decomphelp-fulltu-0040c5b0,Canonical linked-PE replay of the complete DecomphelpLeafAccessors.cpp TU with pinned VC7.1 SP1 build6030; direct IDA boundary/tail review; raw bytes and complete PDB extent are zero-difference.
0x0040C5C0,th10::leaf::Fn0040C5C0,4,exact,100.00,enemy-decomphelp-fulltu-0040c5c0,Canonical linked-PE replay of the complete DecomphelpLeafAccessors.cpp TU with pinned VC7.1 SP1 build6030; direct IDA boundary/tail review; raw bytes and complete PDB extent are zero-difference.
0x0040C5D0,th10::leaf::Fn0040C5D0,15,exact,100.00,enemy-decomphelp-fulltu-0040c5d0,Canonical linked-PE replay of the complete DecomphelpLeafAccessors.cpp TU with pinned VC7.1 SP1 build6030; direct IDA boundary/tail review; raw bytes and complete PDB extent are zero-difference.
0x0040C5E0,EnemyEclHostBaseView::DispatchEclInstruction,3,exact,100.00,enemy-ecl-host-dispatch-default,Canonical artifact_kind=coff unit cold-built twice with pinned VC7.1 SP1 build6030 and compared zero-difference across the complete three-byte relocation-free owned extent.
0x0040C690,EnemyEclHostBaseView::ReadIntOperand,5,exact,100.00,enemy-ecl-host-read-int-default,Canonical artifact_kind=coff unit cold-built twice with pinned VC7.1 SP1 build6030 and compared zero-difference across the complete five-byte relocation-free owned extent.
0x0040C6A0,EnemyEclHostBaseView::ResolveIntOperand,5,exact,100.00,enemy-ecl-host-resolve-int-default,Canonical artifact_kind=coff unit cold-built twice with pinned VC7.1 SP1 build6030 and compared zero-difference across the complete five-byte relocation-free owned extent.
0x0040C6B0,EnemyEclHostBaseView::ReadFloatOperand,9,exact,100.00,enemy-ecl-host-read-float-default,Canonical artifact_kind=coff unit cold-built twice with pinned VC7.1 SP1 build6030; the complete nine-byte extent and its sole DIR32 zero-float constant field replay zero-difference.
0x0040C6C0,EnemyEclHostBaseView::ResolveFloatOperand,5,exact,100.00,enemy-ecl-host-resolve-float-default,Canonical artifact_kind=coff unit cold-built twice with pinned VC7.1 SP1 build6030 and compared zero-difference across the complete five-byte relocation-free owned extent.
0x0040C6E0,EnemyEclHostBaseView::ReleaseEclAllocations,45,exact,100.00,enemy-ecl-release-allocations,Canonical artifact_kind=linked-pe unit cold-built twice with pinned VC7.1 SP1 build6030; the complete 45-byte PDB-owned allocation-list release and both REL32 calls replay zero-difference to target free thunk 0x004524A1.
0x0040C710,EnemyEclHostBaseView::EnemyEclHostBaseView,21,exact,100.00,enemy-ecl-host-constructor,Canonical artifact_kind=linked-pe unit cold-built twice with pinned VC7.1 SP1 build6030; the complete 21-byte PDB-owned constructor and its sole base-vtable DIR32 field replay zero-difference.
0x0040C730,EnemyEclHostBaseView::ResetEclState,71,exact,100.00,enemy-ecl-reset-state,Canonical linked-PE unit cold-built twice with pinned VC7.1 SP1 build6030 using EnemyRuntimeUpdate as the real /GL entry; the complete relocation-free 71-byte PDB extent is raw byte-identical to target in both builds.
0x0040C780,EnemyEclHostBaseView::~EnemyEclHostBaseView,47,exact,100.00,enemy-ecl-host-destructor,Canonical artifact_kind=linked-pe unit cold-built twice with pinned VC7.1 SP1 build6030; the complete 47-byte PDB-owned destructor plus base-vtable DIR32 and two free-thunk REL32 fields replay zero-difference.
0x0040C800,EnemyEclContextView::EnemyEclContextView,15,exact,100.00,enemy-ecl-context-constructor,"Canonical artifact_kind=linked-pe unit cold-built twice with pinned VC7.1 SP1 build6030; the complete 15-byte PDB-owned constructor extent decodes fully, contains no linked fields, and is raw byte-identical to the target."
0x0040C810,EnemyEclResourceBaseView::LoadPackage,5,exact,100.00,enemy-ecl-resource-base-load-package,"Canonical artifact_kind=linked-pe unit cold-built twice with pinned VC7.1 SP1 build6030; the complete five-byte PDB-owned default virtual body decodes fully, contains no linked fields, and is raw byte-identical to the target."
0x0040C820,EnemyEclResourceBaseView::GetScriptData,5,exact,100.00,enemy-ecl-resource-base-get-script-data,"Canonical artifact_kind=linked-pe unit cold-built twice with pinned VC7.1 SP1 build6030; the complete five-byte PDB-owned indexed getter decodes fully, contains no linked fields, and is raw byte-identical to the target."
0x0040C830,EnemyEclResourceBaseView::EnemyEclResourceBaseView,34,exact,100.00,enemy-ecl-resource-base-constructor,Canonical artifact_kind=linked-pe unit cold-built twice with pinned VC7.1 SP1 build6030; the complete 34-byte PDB-owned constructor and its sole DIR32 field replay zero-difference to base vtable 0x0046D0F0.
0x0040C860,EnemyEclResourceBaseView::~EnemyEclResourceBaseView,36,exact,100.00,enemy-ecl-resource-base-destructor,Canonical artifact_kind=linked-pe unit cold-built twice with pinned VC7.1 SP1 build6030; the complete 36-byte PDB-owned destructor plus base-vtable DIR32 and free REL32 fields replay zero-difference.
0x0040C890,th10::leaf::Fn0040C890,3,exact,100.00,enemy-decomphelp-fulltu-0040c890,Canonical linked-PE replay of the complete DecomphelpLeafAccessors.cpp TU with pinned VC7.1 SP1 build6030; direct IDA boundary/tail review; raw bytes and complete PDB extent are zero-difference.
0x0040C8A0,th10::leaf::Fn0040C8A0,3,exact,100.00,enemy-decomphelp-fulltu-0040c8a0,Canonical linked-PE replay of the complete DecomphelpLeafAccessors.cpp TU with pinned VC7.1 SP1 build6030; direct IDA boundary/tail review; raw bytes and complete PDB extent are zero-difference.
0x0040C8B0,th10::leaf::Fn0040C8B0,3,exact,100.00,enemy-decomphelp-fulltu-0040c8b0,Canonical linked-PE replay of the complete DecomphelpLeafAccessors.cpp TU with pinned VC7.1 SP1 build6030; direct IDA boundary/tail review; raw bytes and complete PDB extent are zero-difference.
0x0040C8C0,th10::leaf::Fn0040C8C0,3,exact,100.00,enemy-decomphelp-fulltu-0040c8c0,Canonical linked-PE replay of the complete DecomphelpLeafAccessors.cpp TU with pinned VC7.1 SP1 build6030; direct IDA boundary/tail review; raw bytes and complete PDB extent are zero-difference.
0x0040C8D0,th10::leaf::Fn0040C8D0,4,exact,100.00,enemy-decomphelp-fulltu-0040c8d0,Canonical linked-PE replay of the complete DecomphelpLeafAccessors.cpp TU with pinned VC7.1 SP1 build6030; direct IDA boundary/tail review; raw bytes and complete PDB extent are zero-difference.
0x0040C8E0,th10::leaf::Fn0040C8E0,4,exact,100.00,enemy-decomphelp-fulltu-0040c8e0,Canonical linked-PE replay of the complete DecomphelpLeafAccessors.cpp TU with pinned VC7.1 SP1 build6030; direct IDA boundary/tail review; raw bytes and complete PDB extent are zero-difference.
0x0040C8F0,th10::leaf::Fn0040C8F0,4,exact,100.00,enemy-decomphelp-fulltu-0040c8f0,Canonical linked-PE replay of the complete DecomphelpLeafAccessors.cpp TU with pinned VC7.1 SP1 build6030; direct IDA boundary/tail review; raw bytes and complete PDB extent are zero-difference.
0x0040C900,th10::leaf::Fn0040C900,4,exact,100.00,enemy-decomphelp-fulltu-0040c900,Canonical linked-PE replay of the complete DecomphelpLeafAccessors.cpp TU with pinned VC7.1 SP1 build6030; direct IDA boundary/tail review; raw bytes and complete PDB extent are zero-difference.
0x0040C910,th10::leaf::Fn0040C910,3,exact,100.00,enemy-decomphelp-fulltu-0040c910,Canonical linked-PE replay of the complete DecomphelpLeafAccessors.cpp TU with pinned VC7.1 SP1 build6030; direct IDA boundary/tail review; raw bytes and complete PDB extent are zero-difference.
0x0040C930,th10::leaf::Fn0040C930,10,exact,100.00,game-decomphelp-fulltu-0040c930,Canonical linked-PE replay of the complete DecomphelpLeafAccessors.cpp TU with pinned VC7.1 SP1 build6030; direct IDA Pro MCP byte/tail review; raw bytes and complete PDB extent are zero-difference.
0x0040C940,th10::leaf::Fn0040C940,11,exact,100.00,enemy-decomphelp-fulltu-0040c940,Canonical linked-PE replay of the complete DecomphelpLeafAccessors.cpp TU with pinned VC7.1 SP1 build6030; direct IDA boundary/tail review; raw bytes and complete PDB extent are zero-difference.
0x0040C950,th10::leaf::Fn0040C950,4,exact,100.00,game-decomphelp-fulltu-0040c950,Canonical linked-PE replay of the complete DecomphelpLeafAccessors.cpp TU with pinned VC7.1 SP1 build6030; direct IDA boundary review; raw bytes and complete PDB extent are zero-difference.
0x0040C980,th10::leaf::Fn0040C980,3,exact,100.00,enemy-decomphelp-fulltu-0040c980,Canonical linked-PE replay of the complete DecomphelpLeafAccessors.cpp TU with pinned VC7.1 SP1 build6030; direct IDA boundary/tail review; raw bytes and complete PDB extent are zero-difference.
0x0040C990,th10::leaf::Fn0040C990,3,exact,100.00,enemy-decomphelp-fulltu-0040c990,Canonical linked-PE replay of the complete DecomphelpLeafAccessors.cpp TU with pinned VC7.1 SP1 build6030; direct IDA boundary/tail review; raw bytes and complete PDB extent are zero-difference.
0x0040CC10,th10::leaf::Fn0040CC10,4,exact,100.00,enemy-decomphelp-leaf-cc10,"Canonical linked-PE unit cold-built with pinned VC7.1 SP1 build6030; direct IDA body and external decomphelp C++ hypothesis agree, and the complete four-byte PDB extent replays raw-equal with no link fields."
0x0040CC20,th10::leaf::Fn0040CC20,6,exact,100.00,enemy-decomphelp-leaf-cc20,"Canonical linked-PE unit cold-built with pinned VC7.1 SP1 build6030; direct IDA body and external decomphelp C++ hypothesis agree, and the complete six-byte PDB extent replays raw-equal with no link fields."
0x0040CC30,th10::leaf::Fn0040CC30,6,exact,100.00,enemy-decomphelp-leaf-cc30,"Canonical linked-PE unit cold-built with pinned VC7.1 SP1 build6030; direct IDA body and external decomphelp C++ hypothesis agree, and the complete six-byte PDB extent replays raw-equal with no link fields."
0x0040CC40,th10::leaf::Fn0040CC40,7,exact,100.00,game-decomphelp-fulltu-0040cc40,"Canonical linked-PE replay of the complete decomphelp leaf TU; direct IDA body review and the complete PDB extent are raw-equal."
0x0040CC70,EnemyRuntimeView::EnemyRuntimeView,145,exact,100.00,enemy-runtime-constructor,"Canonical artifact_kind=linked-pe unit cold-built twice with pinned VC7.1 SP1 build6030 in the real EnemySpawn /GL /GS context; the complete 145-byte PDB-owned runtime default constructor decodes fully, has no linked fields, and is raw byte-identical to target."
0x0040CD10,th10::leaf::Fn0040CD10,5,exact,100.00,enemy-decomphelp-fulltu-0040cd10,Canonical linked-PE replay of the complete DecomphelpLeafAccessors.cpp TU with pinned VC7.1 SP1 build6030; direct IDA boundary/tail review; raw bytes and complete PDB extent are zero-difference.
0x0040CD90,th10::leaf::Fn0040CD90,5,exact,100.00,game-decomphelp-fulltu-0040cd90,Canonical linked-PE replay of the complete DecomphelpLeafAccessors.cpp TU with pinned VC7.1 SP1 build6030; direct IDA boundary review; raw bytes and complete PDB extent are zero-difference.
0x0040CDA0,th10::leaf::Fn0040CDA0,7,exact,100.00,enemy-decomphelp-fulltu-0040cda0,Canonical linked-PE replay of the complete DecomphelpLeafAccessors.cpp TU with pinned VC7.1 SP1 build6030; direct IDA boundary/tail review; raw bytes and complete PDB extent are zero-difference.
0x0040CDB0,th10::leaf::Fn0040CDB0,7,exact,100.00,enemy-decomphelp-fulltu-0040cdb0,Canonical linked-PE replay of the complete DecomphelpLeafAccessors.cpp TU with pinned VC7.1 SP1 build6030; direct IDA boundary/tail review; raw bytes and complete PDB extent are zero-difference.
0x0040CDE0,th10::leaf::Fn0040CDE0,8,exact,100.00,enemy-decomphelp-fulltu-0040cde0,Canonical linked-PE replay of the complete DecomphelpLeafAccessors.cpp TU with pinned VC7.1 SP1 build6030; direct IDA boundary/tail review; raw bytes and complete PDB extent are zero-difference.
0x0040CDF0,th10::leaf::Fn0040CDF0,4,exact,100.00,enemy-decomphelp-fulltu-0040cdf0,Canonical linked-PE replay of the complete DecomphelpLeafAccessors.cpp TU with pinned VC7.1 SP1 build6030; direct IDA boundary/tail review; raw bytes and complete PDB extent are zero-difference.
0x0040CE00,th10::leaf::Fn0040CE00,7,exact,100.00,enemy-decomphelp-fulltu-0040ce00,Canonical linked-PE replay of the complete DecomphelpLeafAccessors.cpp TU with pinned VC7.1 SP1 build6030; direct IDA boundary/tail review; raw bytes and complete PDB extent are zero-difference.
0x0040CE30,th10::leaf::Fn0040CE30,14,exact,100.00,game-decomphelp-fulltu-0040ce30,Canonical linked-PE replay of the complete DecomphelpLeafAccessors.cpp TU with pinned VC7.1 SP1 build6030; direct IDA Pro MCP byte/tail review; raw bytes and complete PDB extent are zero-difference.
0x0040CE40,th10::leaf::Fn0040CE40,10,exact,100.00,enemy-decomphelp-fulltu-0040ce40,Canonical linked-PE replay of the complete DecomphelpLeafAccessors.cpp TU with pinned VC7.1 SP1 build6030; direct IDA boundary/tail review; raw bytes and complete PDB extent are zero-difference.
0x0040CE70,th10::leaf::Fn0040CE70,6,exact,100.00,enemy-decomphelp-fulltu-0040ce70,Canonical linked-PE replay of the complete DecomphelpLeafAccessors.cpp TU with pinned VC7.1 SP1 build6030; direct IDA boundary/tail review; raw bytes and complete PDB extent are zero-difference.
0x0040CE80,th10::leaf::Fn0040CE80,11,exact,100.00,game-decomphelp-fulltu-0040ce80,Canonical linked-PE replay of the complete DecomphelpLeafAccessors.cpp TU with pinned VC7.1 SP1 build6030; direct IDA Pro MCP byte/tail review; raw bytes and complete PDB extent are zero-difference.
0x0040CE90,th10::leaf::Fn0040CE90,8,exact,100.00,enemy-decomphelp-fulltu-0040ce90,Canonical linked-PE replay of the complete DecomphelpLeafAccessors.cpp TU with pinned VC7.1 SP1 build6030; direct IDA boundary/tail review; raw bytes and complete PDB extent are zero-difference.
0x0040CEA0,EnemyEnableBombShield,36,exact,100.00,enemy-enable-shield,"Canonical linked-PE unit uses the real EnemyRuntimeView::DispatchEclInstruction /GL /GS entry; two target-supported source-shape fixes yield the complete 36-byte PDB contribution, with the g_AnmRenderManagerView DIR32 and MarkVmForDeletion REL32 fields zero-difference. Focused replay keeps all 14 exact EnemyEclDispatcher.cpp units exact."
0x0040CED0,th10::leaf::Fn0040CED0,13,exact,100.00,enemy-decomphelp-fulltu-0040ced0,Canonical linked-PE replay of the complete DecomphelpLeafAccessors.cpp TU with pinned VC7.1 SP1 build6030; direct IDA boundary/tail review; raw bytes and complete PDB extent are zero-difference.
0x0040CF00,th10::leaf::LeafValueSetter0040CF00View::Set,10,exact,100.00,game-decomphelp-setter-0040cf00,Canonical linked-PE replay of the complete DecomphelpLeafAccessors.cpp TU with the natural __thiscall member entry; direct IDA Pro MCP boundary and bytes are zero-difference.
0x0040CF10,th10::leaf::LeafValueSetter0040CF10View::Set,10,exact,100.00,game-decomphelp-setter-0040cf10,Canonical linked-PE replay of the complete DecomphelpLeafAccessors.cpp TU with the natural __thiscall member entry; direct IDA Pro MCP boundary and bytes are zero-difference.
0x0040CF20,th10::leaf::LeafValueSetter0040CF20View::Set,10,exact,100.00,game-decomphelp-setter-0040cf20,Canonical linked-PE replay of the complete DecomphelpLeafAccessors.cpp TU with the natural __thiscall member entry; direct IDA Pro MCP boundary and bytes are zero-difference.
0x0040CF30,th10::leaf::Fn0040CF30,16,exact,100.00,game-decomphelp-fulltu-0040cf30,Canonical linked-PE replay of the complete DecomphelpLeafAccessors.cpp TU with pinned VC7.1 SP1 build6030; direct IDA Pro MCP byte/tail review; raw bytes and complete PDB extent are zero-difference.
0x0040CF40,th10::leaf::Fn0040CF40,23,exact,100.00,game-decomphelp-fulltu-0040cf40,"Canonical linked-PE replay of the complete decomphelp leaf TU; direct IDA body review and the complete PDB extent are raw-equal."
0x0040CF60,EnemySetLaserPosition,23,exact,100.00,enemy-set-laser-position,Canonical normal-COFF unit cold-built with pinned VC7.1 SP1 build6030; the complete relocation-free 23-byte target body replays zero-difference.
0x0040CF80,th10::leaf::LeafValueSetter0040CF80View::Set,13,exact,100.00,game-decomphelp-setter-0040cf80,Canonical linked-PE replay of the complete DecomphelpLeafAccessors.cpp TU with the natural __thiscall member entry; direct IDA Pro MCP boundary and bytes are zero-difference.
0x0040CF90,EnemyFindLaser,22,exact,100.00,enemy-find-laser,Canonical normal-COFF unit cold-built with pinned VC7.1 SP1 build6030; the complete relocation-free 22-byte target body replays zero-difference.
0x0040CFB0,EnemySpawn,577,exact,100.00,enemy-spawn,"Canonical artifact_kind=linked-pe unit cold-built in two independent pinned VC7.1 SP1 build6030 replays; the complete 577-byte PDB contribution and all 12 declared linked fields (including six local jump-table DIR32 fields) replay zero-difference, with the final compiler-owned selector-table byte covered by an explicit data span."
0x0040D260,EnemyManagerView::EnemyManagerView,29,exact,100.00,enemy-manager-constructor,Canonical artifact_kind=linked-pe unit cold-built twice with pinned VC7.1 SP1 build6030; the complete PDB-owned 29-byte extent and its sole DIR32 field replay zero-difference to the reviewed g_EnemyManager owner at 0x00477704.
0x0040D3D0,EnemyEclResourceView::EnemyEclResourceView,34,exact,100.00,enemy-ecl-resource-constructor,Canonical artifact_kind=linked-pe unit cold-built twice with pinned VC7.1 SP1 build6030; the complete PDB-owned 34-byte extent and its sole DIR32 field replay zero-difference to the reviewed derived vtable at 0x0046D0B4.
0x0040D4F0,th10::leaf::Fn0040D4F0,3,exact,100.00,enemy-decomphelp-fulltu-0040d4f0,Canonical linked-PE replay of the complete DecomphelpLeafAccessors.cpp TU with pinned VC7.1 SP1 build6030; direct IDA boundary/tail review; raw bytes and complete PDB extent are zero-difference.
0x0040D500,th10::leaf::Fn0040D500,3,exact,100.00,enemy-decomphelp-fulltu-0040d500,Canonical linked-PE replay of the complete DecomphelpLeafAccessors.cpp TU with pinned VC7.1 SP1 build6030; direct IDA boundary/tail review; raw bytes and complete PDB extent are zero-difference.
0x0040D680,EnemyEclResourceView::~EnemyEclResourceView,36,exact,100.00,enemy-ecl-resource-destructor,"Canonical artifact_kind=linked-pe unit cold-built twice with pinned VC7.1 SP1 build6030; the complete PDB-owned 36-byte extent, base-vtable DIR32 field, and free REL32 field replay zero-difference."
0x0040D750,EnemyManagerUpdate,166,exact,100.00,enemy-manager-update,Canonical linked-PE unit cold-built twice with pinned VC7.1 SP1 build6030 using EnemyManagerUpdateCallback as the real /GL entry; the complete 166-byte PDB extent and all five linked fields replay zero-difference after restoring the force-inlined timer Add source shape.
0x0040D800,th10::leaf::Fn0040D800,6,exact,100.00,enemy-decomphelp-fulltu-0040d800,Canonical linked-PE replay of the complete DecomphelpLeafAccessors.cpp TU with pinned VC7.1 SP1 build6030; direct IDA boundary/tail review; raw bytes and complete PDB extent are zero-difference.
0x0040D810,EnemyManagerUpdateCallback,10,exact,100.00,enemy-manager-update-callback,Canonical linked-PE unit cold-built twice with pinned VC7.1 SP1 build6030 using the callback as the real /GL entry; the complete 10-byte PDB extent and sole EnemyManagerUpdate REL32 field replay zero-difference.
0x0040D820,EnemyManagerDrawCallback,6,exact,100.00,enemy-manager-draw-callback,Canonical artifact_kind=coff unit rebuilt from scratch twice with pinned VC7.1 SP1 build6030 and compared zero-difference across the complete six-byte relocation-free owned extent.
0x0040E760,EnemyFullObjectView::DispatchEclInstruction,11,exact,100.00,enemy-ecl-dispatch-forwarder,Canonical artifact_kind=coff unit rebuilt from scratch twice with pinned VC7.1 SP1 build6030; the complete 11-byte extent is zero-difference after replaying its sole REL32 relocation to the reviewed runtime target at 0x0040E770.
0x00412300,EnemyFullObjectView::ResolveIntOperand,80,exact,100.00,enemy-ecl-int-lvalue-resolver,"Canonical artifact_kind=coff unit deleted, rebuilt, and compared twice with pinned VC7.1 SP1 build6030; complete 80-byte owned extent and all five DIR32 relocations replay zero-difference."
0x004126D0,EnemyFullObjectView::ResolveFloatOperand,80,exact,100.00,enemy-ecl-float-lvalue-resolver,"Canonical artifact_kind=coff unit deleted, rebuilt, and compared twice with pinned VC7.1 SP1 build6030; complete 80-byte owned extent and all five DIR32 relocations replay zero-difference."
0x00412720,EnemyConfigureInterrupt,48,exact,100.00,enemy-configure-interrupt,Canonical normal-COFF unit cold-built with pinned VC7.1 SP1 build6030; the complete relocation-free 48-byte target body replays zero-difference.
0x00412790,th10::leaf::Fn00412790,12,exact,100.00,game-decomphelp-fulltu-00412790,Canonical linked-PE replay of the complete DecomphelpLeafAccessors.cpp TU with pinned VC7.1 SP1 build6030; direct IDA boundary review; raw bytes and complete PDB extent are zero-difference.
0x00412A10,EnemyRuntimeView::ResolveIntArgument,75,exact,100.00,enemy-resolve-int-argument,Canonical artifact_kind=linked-pe unit cold-built twice with pinned VC7.1 SP1 build6030; the complete 75-byte PDB-owned target extent is raw-equal and has no linked fields. The build selects the real dispatcher entry and ECL/ANM support sources.
0x00412D50,th10::leaf::Fn00412D50,4,exact,100.00,enemy-decomphelp-fulltu-00412d50,Canonical linked-PE replay of the complete DecomphelpLeafAccessors.cpp TU with pinned VC7.1 SP1 build6030; direct IDA boundary/tail review; raw bytes and complete PDB extent are zero-difference.
0x00412DA0,th10::leaf::Fn00412DA0,4,exact,100.00,enemy-decomphelp-fulltu-00412da0,Canonical linked-PE replay of the complete DecomphelpLeafAccessors.cpp TU with pinned VC7.1 SP1 build6030; direct IDA boundary/tail review; raw bytes and complete PDB extent are zero-difference.
0x00412DB0,th10::leaf::Fn00412DB0,50,exact,100.00,game-decomphelp-fulltu-00412db0,"Canonical linked-PE replay of the complete decomphelp leaf TU; direct IDA body review and the complete PDB extent are raw-equal."
0x00412DF0,th10::leaf::Fn00412DF0,4,exact,100.00,enemy-decomphelp-fulltu-00412df0,Canonical linked-PE replay of the complete DecomphelpLeafAccessors.cpp TU with pinned VC7.1 SP1 build6030; direct IDA boundary/tail review; raw bytes and complete PDB extent are zero-difference.
0x00412E00,th10::leaf::Fn00412E00,8,exact,100.00,enemy-decomphelp-fulltu-00412e00,Canonical linked-PE replay of the complete DecomphelpLeafAccessors.cpp TU with pinned VC7.1 SP1 build6030; direct IDA boundary/tail review; raw bytes and complete PDB extent are zero-difference.
0x00412E70,GameScoreStateView::DecayFaith,46,exact,100.00,item-faith-decay,Canonical linked-PE ItemHelpers unit under the adjacent item polar helper /GL entry reproduces the complete relocation-free 46-byte contribution raw-equal.
0x00412ED0,EnemySetChapter,16,exact,100.00,enemy-set-chapter,Canonical normal-COFF unit reproduces the complete relocation-free 16-byte target body zero-difference with pinned VC7.1 SP1 build6030.
0x00412F10,th10::leaf::LeafValueSetter00412F10View::Set,10,exact,100.00,game-decomphelp-setter-00412f10,Canonical linked-PE replay of the complete DecomphelpLeafAccessors.cpp TU with the natural __thiscall member entry; direct IDA Pro MCP boundary and bytes are zero-difference.
0x00412F20,th10::leaf::LeafValueSetter00412F20View::Set,10,exact,100.00,game-decomphelp-setter-00412f20,Canonical linked-PE replay of the complete DecomphelpLeafAccessors.cpp TU with the natural __thiscall member entry; direct IDA Pro MCP boundary and bytes are zero-difference.
0x00412F30,th10::leaf::Fn00412F30,4,exact,100.00,game-decomphelp-fulltu-00412f30,Canonical linked-PE replay of the complete DecomphelpLeafAccessors.cpp TU with pinned VC7.1 SP1 build6030; direct IDA Pro MCP bytes and complete PDB extent are zero-difference.
0x00412F40,th10::leaf::Fn00412F40,4,exact,100.00,game-decomphelp-fulltu-00412f40,Canonical linked-PE replay of the complete DecomphelpLeafAccessors.cpp TU with pinned VC7.1 SP1 build6030; direct IDA Pro MCP bytes and complete PDB extent are zero-difference.
0x00412F50,th10::leaf::Fn00412F50,5,exact,100.00,enemy-decomphelp-fulltu-00412f50,Canonical linked-PE replay of the complete DecomphelpLeafAccessors.cpp TU with pinned VC7.1 SP1 build6030; direct IDA boundary/tail review; raw bytes and complete PDB extent are zero-difference.
0x00412F60,th10::leaf::Fn00412F60,7,exact,100.00,enemy-decomphelp-fulltu-00412f60,Canonical linked-PE replay of the complete DecomphelpLeafAccessors.cpp TU with pinned VC7.1 SP1 build6030; direct IDA boundary/tail review; raw bytes and complete PDB extent are zero-difference.
0x00412F90,th10::leaf::Fn00412F90,4,exact,100.00,game-decomphelp-fulltu-00412f90,Canonical linked-PE replay of the complete DecomphelpLeafAccessors.cpp TU with pinned VC7.1 SP1 build6030; direct IDA Pro MCP bytes and complete PDB extent are zero-difference.
0x00412FA0,th10::leaf::Fn00412FA0,5,exact,100.00,enemy-decomphelp-fulltu-00412fa0,Canonical linked-PE replay of the complete DecomphelpLeafAccessors.cpp TU with pinned VC7.1 SP1 build6030; direct IDA boundary/tail review; raw bytes and complete PDB extent are zero-difference.
0x00412FB0,th10::leaf::Fn00412FB0,7,exact,100.00,game-decomphelp-fulltu-00412fb0,Canonical linked-PE replay of the complete DecomphelpLeafAccessors.cpp TU with pinned VC7.1 SP1 build6030; direct IDA Pro MCP bytes and complete PDB extent are zero-difference.
0x00412FC0,th10::leaf::Fn00412FC0,7,exact,100.00,game-decomphelp-fulltu-00412fc0,Canonical linked-PE replay of the complete DecomphelpLeafAccessors.cpp TU with pinned VC7.1 SP1 build6030; direct IDA Pro MCP bytes and complete PDB extent are zero-difference.
0x00412FD0,th10::leaf::Fn00412FD0,4,exact,100.00,game-decomphelp-fulltu-00412fd0,Canonical linked-PE replay of the complete DecomphelpLeafAccessors.cpp TU with pinned VC7.1 SP1 build6030; direct IDA Pro MCP bytes and complete PDB extent are zero-difference.
0x00412FE0,th10::leaf::Fn00412FE0,1,exact,100.00,enemy-decomphelp-fulltu-00412fe0,Canonical linked-PE replay of the complete DecomphelpLeafAccessors.cpp TU with pinned VC7.1 SP1 build6030; direct IDA boundary/tail review; raw bytes and complete PDB extent are zero-difference.
0x004130A0,th10::leaf::Fn004130A0,7,exact,100.00,enemy-decomphelp-fulltu-004130a0,Canonical linked-PE replay of the complete DecomphelpLeafAccessors.cpp TU with pinned VC7.1 SP1 build6030; direct IDA boundary/tail review; raw bytes and complete PDB extent are zero-difference.
0x004130C0,th10::leaf::Fn004130C0,4,exact,100.00,enemy-decomphelp-fulltu-004130c0,Canonical linked-PE replay of the complete DecomphelpLeafAccessors.cpp TU with pinned VC7.1 SP1 build6030; direct IDA boundary/tail review; raw bytes and complete PDB extent are zero-difference.
0x004130D0,th10::leaf::Fn004130D0,4,exact,100.00,enemy-decomphelp-fulltu-004130d0,Canonical linked-PE replay of the complete DecomphelpLeafAccessors.cpp TU with pinned VC7.1 SP1 build6030; direct IDA boundary/tail review; raw bytes and complete PDB extent are zero-difference.
0x004130F0,th10::leaf::Fn004130F0,4,exact,100.00,game-decomphelp-fulltu-004130f0,Canonical linked-PE replay of the complete DecomphelpLeafAccessors.cpp TU with pinned VC7.1 SP1 build6030; direct IDA Pro MCP bytes and complete PDB extent are zero-difference.
0x00413110,th10::leaf::Fn00413110,3,exact,100.00,game-decomphelp-fulltu-00413110,Canonical linked-PE replay of the complete DecomphelpLeafAccessors.cpp TU with pinned VC7.1 SP1 build6030; direct IDA Pro MCP bytes and complete PDB extent are zero-difference.
0x00413170,EnemySetMotionAngle,20,exact,100.00,enemy-set-motion-angle,Canonical normal-COFF unit cold-built twice with pinned VC7.1 SP1 build6030; the complete 20-byte extent and sole EnemyWrapAngle REL32 field replay zero-difference.
0x004131A0,th10::leaf::Fn004131A0,10,exact,100.00,enemy-decomphelp-fulltu-004131a0,Canonical linked-PE replay of the complete DecomphelpLeafAccessors.cpp TU with pinned VC7.1 SP1 build6030; direct IDA boundary/tail review; raw bytes and complete PDB extent are zero-difference.
0x004131B0,th10::leaf::Fn004131B0,1,exact,100.00,enemy-decomphelp-fulltu-004131b0,Canonical linked-PE replay of the complete DecomphelpLeafAccessors.cpp TU with pinned VC7.1 SP1 build6030; direct IDA boundary/tail review; raw bytes and complete PDB extent are zero-difference.
0x004131F0,th10::leaf::Fn004131F0,4,exact,100.00,enemy-decomphelp-fulltu-004131f0,Canonical linked-PE replay of the complete DecomphelpLeafAccessors.cpp TU with pinned VC7.1 SP1 build6030; direct IDA boundary/tail review; raw bytes and complete PDB extent are zero-difference.
0x00413200,AnmVmLayerNodeView::InsertAfter,23,exact,100.00,anm-vm-layer-node-insert-after,Canonical artifact_kind=linked-pe unit cold-built twice with pinned VC7.1 SP1 build6030 in the full ANM executor context; all 23 PDB-owned bytes are raw-equal.
0x00413240,th10::leaf::LeafIdentity00413240View::Get,3,exact,100.00,game-decomphelp-identity-00413240,Canonical linked-PE replay of the complete DecomphelpLeafAccessors.cpp TU with the member method as entry; direct IDA boundary review and raw bytes are zero-difference.
0x00413270,EnemyDropVectorView::FromAngleRadii,30,exact,100.00,enemy-drop-vector-from-angle-radii,Canonical artifact_kind=linked-pe unit cold-replayed twice with pinned VC7.1 SP1 build6030 in the Enemy dispatcher /GL /GS entry context; the complete relocation-free 30-byte PDB contribution is raw byte-identical.
0x004134B0,FpsCounterView::CalculateFps,280,exact,100.00,main-fps-calculate,Canonical artifact_kind=linked-pe unit cold-linked twice with pinned VC7.1 SP1 build6030 using the target-proved DrawFpsCounter owner as entry; complete 280-byte extent and all 20 linked fields replay zero-difference.
0x004135D0,FpsCounterView::DrawFpsCounter,180,exact,100.00,main-fps-draw,Canonical artifact_kind=linked-pe unit cold-linked twice with pinned VC7.1 SP1 build6030 using the retained FPS draw adapter as entry and src/AnmManager.cpp as formatter support; complete 180-byte extent and all nine linked fields replay zero-difference.
0x004136A0,th10::leaf::Fn004136A0,7,exact,100.00,enemy-decomphelp-fulltu-004136a0,Canonical linked-PE replay of the complete DecomphelpLeafAccessors.cpp TU with pinned VC7.1 SP1 build6030; direct IDA boundary/tail review; raw bytes and complete PDB extent are zero-difference.
0x004136B0,th10::leaf::Fn004136B0,1,exact,100.00,enemy-decomphelp-fulltu-004136b0,Canonical linked-PE replay of the complete DecomphelpLeafAccessors.cpp TU with pinned VC7.1 SP1 build6030; direct IDA boundary/tail review; raw bytes and complete PDB extent are zero-difference.
0x00413730,th10::leaf::Fn00413730,7,exact,100.00,enemy-decomphelp-fulltu-00413730,Canonical linked-PE replay of the complete DecomphelpLeafAccessors.cpp TU with pinned VC7.1 SP1 build6030; direct IDA boundary/tail review; raw bytes and complete PDB extent are zero-difference.
0x00413770,th10::leaf::Fn00413770,8,exact,100.00,enemy-decomphelp-fulltu-00413770,Canonical linked-PE replay of the complete DecomphelpLeafAccessors.cpp TU with pinned VC7.1 SP1 build6030; direct IDA boundary/tail review; raw bytes and complete PDB extent are zero-difference.
0x00413790,GuiSetLivesDisplayCount,77,exact,100.00,gui-set-lives-display-count,Canonical artifact_kind=linked-pe unit cold-built twice with pinned VC7.1 SP1 build6030; the complete 77-byte PDB-owned support-source contribution is decoded and raw-equal with no linked fields. PlayerResetRuntimeState is the primary entry and Gui.cpp is the support source; original physical TU remains unknown.
0x004137E0,th10::leaf::Fn004137E0,4,exact,100.00,enemy-decomphelp-fulltu-004137e0,Canonical linked-PE replay of the complete DecomphelpLeafAccessors.cpp TU with pinned VC7.1 SP1 build6030; direct IDA boundary/tail review; raw bytes and complete PDB extent are zero-difference.
0x004137F0,th10::leaf::Fn004137F0,15,exact,100.00,game-decomphelp-fulltu-004137f0,Canonical linked-PE replay of the complete DecomphelpLeafAccessors.cpp TU with pinned VC7.1 SP1 build6030; direct IDA Pro MCP byte/tail review; raw bytes and complete PDB extent are zero-difference.
0x00413800,th10::leaf::Fn00413800,12,exact,100.00,game-decomphelp-fulltu-00413800,Canonical linked-PE replay of the complete DecomphelpLeafAccessors.cpp TU with pinned VC7.1 SP1 build6030; direct IDA Pro MCP byte/tail review; raw bytes and complete PDB extent are zero-difference.
0x00417010,th10::leaf::Fn00417010,41,exact,100.00,game-decomphelp-fulltu-00417010,Canonical linked-PE replay of the complete DecomphelpLeafAccessors.cpp TU with pinned VC7.1 SP1 build6030; direct IDA boundary review; raw bytes and complete PDB extent are zero-difference.
0x00417580,th10::leaf::Fn00417580,4,exact,100.00,game-decomphelp-fulltu-00417580,Canonical linked-PE replay of the complete DecomphelpLeafAccessors.cpp TU with pinned VC7.1 SP1 build6030; direct IDA boundary/tail review; raw bytes and complete PDB extent are zero-difference.
0x00417590,th10::leaf::Fn00417590,4,exact,100.00,game-decomphelp-fulltu-00417590,Canonical linked-PE replay of the complete DecomphelpLeafAccessors.cpp TU with pinned VC7.1 SP1 build6030; direct IDA boundary/tail review; raw bytes and complete PDB extent are zero-difference.
0x004175A0,th10::leaf::Fn004175A0,4,exact,100.00,game-decomphelp-fulltu-004175a0,Canonical linked-PE replay of the complete DecomphelpLeafAccessors.cpp TU with pinned VC7.1 SP1 build6030; direct IDA boundary/tail review; raw bytes and complete PDB extent are zero-difference.
0x004175B0,th10::leaf::Fn004175B0,10,exact,100.00,game-decomphelp-fulltu-004175b0,Canonical linked-PE replay of the complete DecomphelpLeafAccessors.cpp TU with pinned VC7.1 SP1 build6030; direct IDA boundary/tail review; raw bytes and complete PDB extent are zero-difference.
0x004175C0,th10::leaf::Fn004175C0,5,exact,100.00,game-decomphelp-fulltu-004175c0,Canonical linked-PE replay of the complete DecomphelpLeafAccessors.cpp TU with pinned VC7.1 SP1 build6030; direct IDA boundary/tail review; raw bytes and complete PDB extent are zero-difference.
0x004175D0,th10::leaf::Fn004175D0,4,exact,100.00,game-decomphelp-fulltu-004175d0,Canonical linked-PE replay of the complete DecomphelpLeafAccessors.cpp TU with pinned VC7.1 SP1 build6030; direct IDA boundary/tail review; raw bytes and complete PDB extent are zero-difference.
0x004175E0,th10::leaf::Fn004175E0,32,exact,100.00,game-decomphelp-fulltu-004175e0,Canonical linked-PE replay of the complete DecomphelpLeafAccessors.cpp TU with pinned VC7.1 SP1 build6030; direct IDA boundary review; raw bytes and complete PDB extent are zero-difference.
0x00417610,th10::leaf::Fn00417610,7,exact,100.00,game-decomphelp-fulltu-00417610,Canonical linked-PE replay of the complete DecomphelpLeafAccessors.cpp TU with pinned VC7.1 SP1 build6030; direct IDA Pro MCP bytes and complete PDB extent are zero-difference.
0x00417620,th10::leaf::Fn00417620,7,exact,100.00,game-decomphelp-fulltu-00417620,Canonical linked-PE replay of the complete DecomphelpLeafAccessors.cpp TU with pinned VC7.1 SP1 build6030; direct IDA Pro MCP bytes and complete PDB extent are zero-difference.
0x00417630,th10::leaf::Fn00417630,6,exact,100.00,game-decomphelp-fulltu-00417630,Canonical linked-PE replay of the complete DecomphelpLeafAccessors.cpp TU with pinned VC7.1 SP1 build6030; direct IDA boundary/tail review; raw bytes and complete PDB extent are zero-difference.
0x00417640,th10::leaf::Fn00417640,4,exact,100.00,game-decomphelp-fulltu-00417640,Canonical linked-PE replay of the complete DecomphelpLeafAccessors.cpp TU with pinned VC7.1 SP1 build6030; direct IDA boundary/tail review; raw bytes and complete PDB extent are zero-difference.
0x00417650,th10::leaf::Fn00417650,6,exact,100.00,game-decomphelp-fulltu-00417650,Canonical linked-PE replay of the complete DecomphelpLeafAccessors.cpp TU with pinned VC7.1 SP1 build6030; direct IDA boundary/tail review; raw bytes and complete PDB extent are zero-difference.
0x00417680,th10::leaf::Fn00417680,4,exact,100.00,game-decomphelp-fulltu-00417680,Canonical linked-PE replay of the complete DecomphelpLeafAccessors.cpp TU with pinned VC7.1 SP1 build6030; direct IDA boundary/tail review; raw bytes and complete PDB extent are zero-difference.
0x00417690,th10::leaf::Fn00417690,10,exact,100.00,game-decomphelp-fulltu-00417690,Canonical linked-PE replay of the complete DecomphelpLeafAccessors.cpp TU with pinned VC7.1 SP1 build6030; direct IDA boundary/tail review; raw bytes and complete PDB extent are zero-difference.
0x004176A0,th10::leaf::Fn004176A0,4,exact,100.00,game-decomphelp-fulltu-004176a0,Canonical linked-PE replay of the complete DecomphelpLeafAccessors.cpp TU with pinned VC7.1 SP1 build6030; direct IDA boundary/tail review; raw bytes and complete PDB extent are zero-difference.
0x004176B0,th10::leaf::Fn004176B0,1,exact,100.00,game-decomphelp-fulltu-004176b0,Canonical linked-PE replay of the complete DecomphelpLeafAccessors.cpp TU with pinned VC7.1 SP1 build6030; direct IDA boundary/tail review; raw bytes and complete PDB extent are zero-difference.
0x004176C0,th10::leaf::Fn004176C0,3,exact,100.00,game-decomphelp-fulltu-004176c0,Canonical linked-PE replay of the complete DecomphelpLeafAccessors.cpp TU with pinned VC7.1 SP1 build6030; direct IDA boundary/tail review; raw bytes and complete PDB extent are zero-difference.
0x004176D0,th10::leaf::Fn004176D0,3,exact,100.00,game-decomphelp-fulltu-004176d0,Canonical linked-PE replay of the complete DecomphelpLeafAccessors.cpp TU with pinned VC7.1 SP1 build6030; direct IDA boundary/tail review; raw bytes and complete PDB extent are zero-difference.
0x004176E0,th10::leaf::Fn004176E0,4,exact,100.00,game-decomphelp-fulltu-004176e0,Canonical linked-PE replay of the complete DecomphelpLeafAccessors.cpp TU with pinned VC7.1 SP1 build6030; direct IDA boundary/tail review; raw bytes and complete PDB extent are zero-difference.
0x004176F0,th10::leaf::Fn004176F0,8,exact,100.00,game-decomphelp-fulltu-004176f0,Canonical linked-PE replay of the complete DecomphelpLeafAccessors.cpp TU with pinned VC7.1 SP1 build6030; direct IDA boundary/tail review; raw bytes and complete PDB extent are zero-difference.
0x00417700,th10::leaf::Fn00417700,8,exact,100.00,game-decomphelp-fulltu-00417700,Canonical linked-PE replay of the complete DecomphelpLeafAccessors.cpp TU with pinned VC7.1 SP1 build6030; direct IDA boundary/tail review; raw bytes and complete PDB extent are zero-difference.
0x00417710,th10::leaf::Fn00417710,13,exact,100.00,game-decomphelp-fulltu-00417710,Canonical linked-PE replay of the complete DecomphelpLeafAccessors.cpp TU with pinned VC7.1 SP1 build6030; direct IDA boundary/tail review; raw bytes and complete PDB extent are zero-difference.
0x004177C0,th10::leaf::Fn004177C0,25,exact,100.00,game-decomphelp-fulltu-004177c0,Canonical linked-PE replay of the complete DecomphelpLeafAccessors.cpp TU with pinned VC7.1 SP1 build6030; direct IDA boundary/tail review; raw bytes and complete PDB extent are zero-difference.
0x004177E0,th10::leaf::Fn004177E0,25,exact,100.00,game-decomphelp-fulltu-004177e0,Canonical linked-PE replay of the complete DecomphelpLeafAccessors.cpp TU with pinned VC7.1 SP1 build6030; direct IDA boundary/tail review; raw bytes and complete PDB extent are zero-difference.
0x00417800,th10::leaf::Fn00417800,58,exact,100.00,game-decomphelp-fulltu-00417800,"Canonical linked-PE replay of the complete decomphelp leaf TU; direct IDA body review and the complete PDB extent are raw-equal."
0x004187D0,GameManager::OnDraw,31,exact,100.00,decomphelp-game-manager-on-draw,Canonical artifact_kind=linked-pe unit cold-built twice with pinned VC7.1 SP1 build6030 from natural C++ adapted from the external decomphelp GameManager.cpp. Direct IDA confirms the complete 31-byte body; the single g_AnmManagerPtr DIR32 field replays to target 0x00491C10 and all bytes are zero-difference.
0x004189E0,th10::leaf::Fn004189E0,15,exact,100.00,game-decomphelp-fulltu-004189e0,Canonical linked-PE replay of the complete DecomphelpLeafAccessors.cpp TU with pinned VC7.1 SP1 build6030; direct IDA boundary/tail review; raw bytes and complete PDB extent are zero-difference.
0x004189F0,th10::leaf::Fn004189F0,7,exact,100.00,game-decomphelp-fulltu-004189f0,Canonical linked-PE replay of the complete DecomphelpLeafAccessors.cpp TU with pinned VC7.1 SP1 build6030; direct IDA boundary/tail review; raw bytes and complete PDB extent are zero-difference.
0x00418A90,th10::leaf::Fn00418A90,20,exact,100.00,game-decomphelp-fulltu-00418a90,Canonical linked-PE replay of the complete DecomphelpLeafAccessors.cpp TU with pinned VC7.1 SP1 build6030; direct IDA boundary review; raw bytes and complete PDB extent are zero-difference.
0x00418AB0,th10::leaf::Fn00418AB0,4,exact,100.00,game-decomphelp-fulltu-00418ab0,Canonical linked-PE replay of the complete DecomphelpLeafAccessors.cpp TU with pinned VC7.1 SP1 build6030; direct IDA boundary/tail review; raw bytes and complete PDB extent are zero-difference.
0x00418AC0,th10::leaf::Fn00418AC0,15,exact,100.00,game-decomphelp-fulltu-00418ac0,Canonical linked-PE replay of the complete DecomphelpLeafAccessors.cpp TU with pinned VC7.1 SP1 build6030; direct IDA boundary/tail review; raw bytes and complete PDB extent are zero-difference.
0x00418B10,th10::leaf::Fn00418B10,17,exact,100.00,game-decomphelp-fulltu-00418b10,Canonical linked-PE replay of the complete DecomphelpLeafAccessors.cpp TU with pinned VC7.1 SP1 build6030; direct IDA boundary/tail review; raw bytes and complete PDB extent are zero-difference.
0x00418B30,th10::leaf::Fn00418B30,9,exact,100.00,game-decomphelp-fulltu-00418b30,Canonical linked-PE replay of the complete DecomphelpLeafAccessors.cpp TU with pinned VC7.1 SP1 build6030; direct IDA boundary/tail review; raw bytes and complete PDB extent are zero-difference.
0x00418B40,th10::leaf::Fn00418B40,4,exact,100.00,game-decomphelp-fulltu-00418b40,Canonical linked-PE replay of the complete DecomphelpLeafAccessors.cpp TU with pinned VC7.1 SP1 build6030; direct IDA boundary/tail review; raw bytes and complete PDB extent are zero-difference.
0x00418B50,th10::leaf::Fn00418B50,5,exact,100.00,game-decomphelp-fulltu-00418b50,Canonical linked-PE replay of the complete DecomphelpLeafAccessors.cpp TU with pinned VC7.1 SP1 build6030; direct IDA boundary/tail review; raw bytes and complete PDB extent are zero-difference.
0x00418B60,th10::leaf::Fn00418B60,5,exact,100.00,game-decomphelp-fulltu-00418b60,Canonical linked-PE replay of the complete DecomphelpLeafAccessors.cpp TU with pinned VC7.1 SP1 build6030; direct IDA boundary/tail review; raw bytes and complete PDB extent are zero-difference.
0x00418B70,th10::leaf::Fn00418B70,4,exact,100.00,game-decomphelp-fulltu-00418b70,Canonical linked-PE replay of the complete DecomphelpLeafAccessors.cpp TU with pinned VC7.1 SP1 build6030; direct IDA boundary/tail review; raw bytes and complete PDB extent are zero-difference.
0x00418B80,GameScoreStateView::SetFaith,73,exact,100.00,game-score-set-faith,Canonical linked-PE unit under the real ReplayManager::Initialize /GL entry reproduces the complete 73-byte PDB contribution and g_PlayerTimerScale DIR32 field zero-difference.
0x00418BD0,th10::leaf::Fn00418BD0,4,exact,100.00,game-decomphelp-fulltu-00418bd0,Canonical linked-PE replay of the complete DecomphelpLeafAccessors.cpp TU with pinned VC7.1 SP1 build6030; direct IDA boundary/tail review; raw bytes and complete PDB extent are zero-difference.
0x00418BE0,th10::leaf::Fn00418BE0,4,exact,100.00,game-decomphelp-fulltu-00418be0,Canonical linked-PE replay of the complete DecomphelpLeafAccessors.cpp TU with pinned VC7.1 SP1 build6030; direct IDA boundary/tail review; raw bytes and complete PDB extent are zero-difference.
0x00418BF0,th10::leaf::Fn00418BF0,4,exact,100.00,game-decomphelp-fulltu-00418bf0,Canonical linked-PE replay of the complete DecomphelpLeafAccessors.cpp TU with pinned VC7.1 SP1 build6030; direct IDA boundary/tail review; raw bytes and complete PDB extent are zero-difference.
0x00418C00,th10::leaf::Fn00418C00,6,exact,100.00,game-decomphelp-fulltu-00418c00,Canonical linked-PE replay of the complete DecomphelpLeafAccessors.cpp TU with pinned VC7.1 SP1 build6030; direct IDA boundary/tail review; raw bytes and complete PDB extent are zero-difference.
0x00418C10,th10::leaf::Fn00418C10,9,exact,100.00,game-decomphelp-fulltu-00418c10,Canonical linked-PE replay of the complete DecomphelpLeafAccessors.cpp TU with pinned VC7.1 SP1 build6030; direct IDA boundary/tail review; raw bytes and complete PDB extent are zero-difference.
0x00418C20,th10::leaf::Fn00418C20,1,exact,100.00,game-decomphelp-fulltu-00418c20,Canonical linked-PE replay of the complete DecomphelpLeafAccessors.cpp TU with pinned VC7.1 SP1 build6030; direct IDA boundary/tail review; raw bytes and complete PDB extent are zero-difference.
0x00419890,th10::leaf::Fn00419890,6,exact,100.00,game-decomphelp-fulltu-00419890,Canonical linked-PE replay of the complete DecomphelpLeafAccessors.cpp TU with pinned VC7.1 SP1 build6030; direct IDA boundary/tail review; raw bytes and complete PDB extent are zero-difference.
0x004198B0,th10::leaf::Fn004198B0,6,exact,100.00,game-decomphelp-fulltu-004198b0,Canonical linked-PE replay of the complete DecomphelpLeafAccessors.cpp TU with pinned VC7.1 SP1 build6030; direct IDA boundary/tail review; raw bytes and complete PDB extent are zero-difference.
0x0041AB50,th10::leaf::Fn0041AB50,7,exact,100.00,game-decomphelp-fulltu-0041ab50,Canonical linked-PE replay of the complete DecomphelpLeafAccessors.cpp TU with pinned VC7.1 SP1 build6030; direct IDA boundary/tail review; raw bytes and complete PDB extent are zero-difference.
0x0041AB60,th10::leaf::Fn0041AB60,4,exact,100.00,game-decomphelp-fulltu-0041ab60,Canonical linked-PE replay of the complete DecomphelpLeafAccessors.cpp TU with pinned VC7.1 SP1 build6030; direct IDA boundary/tail review; raw bytes and complete PDB extent are zero-difference.
0x0041AB70,AnmVmView::StartScaleInterpolation,136,exact,100.00,anm-start-scale-interpolation,Canonical artifact_kind=linked-pe unit cold-built twice with pinned VC7.1 SP1 build6030 in the full ANM executor context; the complete 136-byte PDB extent and its g_AnmGameSpeed DIR32 field replay zero-difference.
0x0041AC00,th10::leaf::Fn0041AC00,4,exact,100.00,game-decomphelp-fulltu-0041ac00,Canonical linked-PE replay of the complete DecomphelpLeafAccessors.cpp TU with pinned VC7.1 SP1 build6030; direct IDA boundary/tail review; raw bytes and complete PDB extent are zero-difference.
0x0041AC10,th10::leaf::Fn0041AC10,4,exact,100.00,game-decomphelp-fulltu-0041ac10,Canonical linked-PE replay of the complete DecomphelpLeafAccessors.cpp TU with pinned VC7.1 SP1 build6030; direct IDA boundary/tail review; raw bytes and complete PDB extent are zero-difference.
0x0041AC40,th10::leaf::Fn0041AC40,50,exact,100.00,game-decomphelp-fulltu-0041ac40,Canonical linked-PE replay of the complete DecomphelpLeafAccessors.cpp TU with pinned VC7.1 SP1 build6030; direct IDA Pro MCP byte/tail review; raw bytes and complete PDB extent are zero-difference.
0x0041ACA0,th10::leaf::Fn0041ACA0,7,exact,100.00,game-decomphelp-fulltu-0041aca0,Canonical linked-PE replay of the complete DecomphelpLeafAccessors.cpp TU with pinned VC7.1 SP1 build6030; direct IDA boundary/tail review; raw bytes and complete PDB extent are zero-difference.
0x0041BA30,ItemManagerView::OnDraw,29,exact,100.00,item-manager-draw-callback,Canonical linked-PE unit cold-built twice with pinned VC7.1 SP1 build6030 using the callback itself as the /GL entry; the complete 29-byte PDB contribution and both g_FpsSampleGateView/Draw linkage fields replay zero-difference.
0x0041BE80,GameScoreStateView::AddFaith,46,exact,100.00,item-faith-add,Canonical linked-PE unit uses adjacent ItemVectorView::FromAngleMagnitude as the /GL entry; cold VC7.1 SP1 replays reproduce all 46 relocation-free bytes raw-equal.
0x0041BEB0,ItemVectorView::FromAngleMagnitude,30,exact,100.00,item-vector-from-angle-magnitude,Canonical linked-PE unit uses the item polar helper as its /GL entry; cold VC7.1 SP1 replays reproduce all 30 relocation-free bytes raw-equal.
0x0041BEE0,th10::leaf::Fn0041BEE0,7,exact,100.00,game-decomphelp-fulltu-0041bee0,Canonical linked-PE replay of the complete DecomphelpLeafAccessors.cpp TU with pinned VC7.1 SP1 build6030; direct IDA boundary/tail review; raw bytes and complete PDB extent are zero-difference.
0x0041BEF0,th10::leaf::Fn0041BEF0,1,exact,100.00,game-decomphelp-fulltu-0041bef0,Canonical linked-PE replay of the complete DecomphelpLeafAccessors.cpp TU with pinned VC7.1 SP1 build6030; direct IDA boundary/tail review; raw bytes and complete PDB extent are zero-difference.
0x0041BF10,th10::leaf::Fn0041BF10,3,exact,100.00,game-decomphelp-fulltu-0041bf10,Canonical linked-PE replay of the complete DecomphelpLeafAccessors.cpp TU with pinned VC7.1 SP1 build6030; direct IDA boundary/tail review; raw bytes and complete PDB extent are zero-difference.
0x0041BF20,th10::leaf::Fn0041BF20,3,exact,100.00,game-decomphelp-fulltu-0041bf20,Canonical linked-PE replay of the complete DecomphelpLeafAccessors.cpp TU with pinned VC7.1 SP1 build6030; direct IDA boundary/tail review; raw bytes and complete PDB extent are zero-difference.
0x0041BF90,th10::leaf::Fn0041BF90,1,exact,100.00,game-decomphelp-fulltu-0041bf90,Canonical linked-PE replay of the complete DecomphelpLeafAccessors.cpp TU with pinned VC7.1 SP1 build6030; direct IDA boundary/tail review; raw bytes and complete PDB extent are zero-difference.
0x0041BFA0,th10::leaf::Fn0041BFA0,1,exact,100.00,game-decomphelp-fulltu-0041bfa0,Canonical linked-PE replay of the complete DecomphelpLeafAccessors.cpp TU with pinned VC7.1 SP1 build6030; direct IDA boundary/tail review; raw bytes and complete PDB extent are zero-difference.
0x0041BFB0,th10::leaf::Fn0041BFB0,1,exact,100.00,game-decomphelp-fulltu-0041bfb0,Canonical linked-PE replay of the complete DecomphelpLeafAccessors.cpp TU with pinned VC7.1 SP1 build6030; direct IDA boundary/tail review; raw bytes and complete PDB extent are zero-difference.
0x0041BFC0,th10::leaf::Fn0041BFC0,1,exact,100.00,game-decomphelp-fulltu-0041bfc0,Canonical linked-PE replay of the complete DecomphelpLeafAccessors.cpp TU with pinned VC7.1 SP1 build6030; direct IDA boundary/tail review; raw bytes and complete PDB extent are zero-difference.
0x0041BFD0,th10::leaf::Fn0041BFD0,1,exact,100.00,game-decomphelp-fulltu-0041bfd0,Canonical linked-PE replay of the complete DecomphelpLeafAccessors.cpp TU with pinned VC7.1 SP1 build6030; direct IDA boundary/tail review; raw bytes and complete PDB extent are zero-difference.
0x0041BFE0,th10::leaf::Fn0041BFE0,1,exact,100.00,game-decomphelp-fulltu-0041bfe0,Canonical linked-PE replay of the complete DecomphelpLeafAccessors.cpp TU with pinned VC7.1 SP1 build6030; direct IDA boundary/tail review; raw bytes and complete PDB extent are zero-difference.
0x0041BFF0,th10::leaf::Fn0041BFF0,1,exact,100.00,game-decomphelp-fulltu-0041bff0,Canonical linked-PE replay of the complete DecomphelpLeafAccessors.cpp TU with pinned VC7.1 SP1 build6030; direct IDA boundary/tail review; raw bytes and complete PDB extent are zero-difference.
0x0041C000,th10::leaf::Fn0041C000,1,exact,100.00,game-decomphelp-fulltu-0041c000,Canonical linked-PE replay of the complete DecomphelpLeafAccessors.cpp TU with pinned VC7.1 SP1 build6030; direct IDA boundary/tail review; raw bytes and complete PDB extent are zero-difference.
0x0041C010,th10::leaf::Fn0041C010,1,exact,100.00,game-decomphelp-fulltu-0041c010,Canonical linked-PE replay of the complete DecomphelpLeafAccessors.cpp TU with pinned VC7.1 SP1 build6030; direct IDA boundary/tail review; raw bytes and complete PDB extent are zero-difference.
0x0041C020,th10::leaf::Fn0041C020,1,exact,100.00,game-decomphelp-fulltu-0041c020,Canonical linked-PE replay of the complete DecomphelpLeafAccessors.cpp TU with pinned VC7.1 SP1 build6030; direct IDA boundary/tail review; raw bytes and complete PDB extent are zero-difference.
0x0041C030,th10::leaf::Fn0041C030,98,exact,100.00,game-decomphelp-fulltu-0041c030,Canonical linked-PE replay of the complete DecomphelpLeafAccessors.cpp TU with pinned VC7.1 SP1 build6030; direct IDA body review; raw bytes and complete PDB extent are zero-difference.
0x0041C7D0,EnemyWaitForEffect,44,exact,100.00,enemy-wait-for-effect,Canonical normal-COFF unit cold-built with pinned VC7.1 SP1 build6030; the complete relocation-free 44-byte target body replays zero-difference.
0x0041C850,EnemyApplyBulletClear,44,exact,100.00,enemy-apply-bullet-clear,Canonical normal-COFF unit cold-built with pinned VC7.1 SP1 build6030; the complete relocation-free 44-byte target body replays zero-difference.
0x0041D870,th10::leaf::Fn0041D870,3,exact,100.00,game-decomphelp-fulltu-0041d870,Canonical linked-PE replay of the complete DecomphelpLeafAccessors.cpp TU with pinned VC7.1 SP1 build6030; direct IDA boundary/tail review; raw bytes and complete PDB extent are zero-difference.
0x0041EAF0,th10::leaf::Fn0041EAF0,3,exact,100.00,game-decomphelp-fulltu-0041eaf0,Canonical linked-PE replay of the complete DecomphelpLeafAccessors.cpp TU with pinned VC7.1 SP1 build6030; direct IDA boundary/tail review; raw bytes and complete PDB extent are zero-difference.
0x0041F7A0,EnemyLaserVectorView::IsOutsidePlayfield,91,exact,100.00,enemy-laser-playfield-bounds,Canonical artifact_kind=linked-pe unit cold-built twice with pinned VC7.1 SP1 build6030; complete 91-byte PDB extent and all four playfield DIR32 fields replay zero-difference.
0x0041F800,EnemyLaserVectorView::FromAngleMagnitude,30,exact,100.00,enemy-laser-vector-from-angle-magnitude,Canonical artifact_kind=linked-pe unit cold-built twice with pinned VC7.1 SP1 build6030; the complete relocation-free 30-byte PDB contribution replays raw-equal.
0x0041F820,th10::leaf::Fn0041F820,19,exact,100.00,game-decomphelp-fulltu-0041f820,Canonical linked-PE replay of the complete DecomphelpLeafAccessors.cpp TU with pinned VC7.1 SP1 build6030; direct IDA boundary/tail review; raw bytes and complete PDB extent are zero-difference.
0x0041F840,th10::leaf::Fn0041F840,1,exact,100.00,game-decomphelp-fulltu-0041f840,Canonical linked-PE replay of the complete DecomphelpLeafAccessors.cpp TU with pinned VC7.1 SP1 build6030; direct IDA boundary/tail review; raw bytes and complete PDB extent are zero-difference.
0x0041FF00,th10::leaf::Fn0041FF00,34,exact,100.00,game-decomphelp-fulltu-0041ff00,Canonical linked-PE replay of the complete DecomphelpLeafAccessors.cpp TU with pinned VC7.1 SP1 build6030; direct IDA boundary/tail review; raw bytes and complete PDB extent are zero-difference.
0x0041FF30,th10::leaf::Fn0041FF30,7,exact,100.00,game-decomphelp-fulltu-0041ff30,Canonical linked-PE replay of the complete DecomphelpLeafAccessors.cpp TU with pinned VC7.1 SP1 build6030; direct IDA boundary/tail review; raw bytes and complete PDB extent are zero-difference.
0x0041FF40,th10::leaf::Fn0041FF40,13,exact,100.00,game-decomphelp-fulltu-0041ff40,Canonical linked-PE replay of the complete DecomphelpLeafAccessors.cpp TU with pinned VC7.1 SP1 build6030; direct IDA boundary/tail review; raw bytes and complete PDB extent are zero-difference.
0x004200C0,th10::leaf::Fn004200C0,6,exact,100.00,game-decomphelp-fulltu-004200c0,Canonical linked-PE replay of the complete DecomphelpLeafAccessors.cpp TU with pinned VC7.1 SP1 build6030; direct IDA boundary/tail review; raw bytes and complete PDB extent are zero-difference.
0x00420DC0,th10::leaf::Fn00420DC0,1,exact,100.00,game-decomphelp-fulltu-00420dc0,Canonical linked-PE replay of the complete DecomphelpLeafAccessors.cpp TU with pinned VC7.1 SP1 build6030; direct IDA boundary/tail review; raw bytes and complete PDB extent are zero-difference.
0x00421B70,th10::leaf::Fn00421B70,23,exact,100.00,game-decomphelp-fulltu-00421b70,Canonical linked-PE replay of the complete DecomphelpLeafAccessors.cpp TU with pinned VC7.1 SP1 build6030; direct IDA boundary/tail review; raw bytes and complete PDB extent are zero-difference.
0x00421C90,th10::leaf::Fn00421C90,13,exact,100.00,game-decomphelp-fulltu-00421c90,Canonical linked-PE replay of the complete DecomphelpLeafAccessors.cpp TU with pinned VC7.1 SP1 build6030; direct IDA boundary/tail review; raw bytes and complete PDB extent are zero-difference.
0x00421CA0,th10::leaf::Fn00421CA0,13,exact,100.00,game-decomphelp-fulltu-00421ca0,Canonical linked-PE replay of the complete DecomphelpLeafAccessors.cpp TU with pinned VC7.1 SP1 build6030; direct IDA boundary/tail review; raw bytes and complete PDB extent are zero-difference.
0x00421CB0,th10::leaf::Fn00421CB0,13,exact,100.00,game-decomphelp-fulltu-00421cb0,Canonical linked-PE replay of the complete DecomphelpLeafAccessors.cpp TU with pinned VC7.1 SP1 build6030; direct IDA boundary/tail review; raw bytes and complete PDB extent are zero-difference.
0x00421CC0,th10::leaf::Fn00421CC0,12,exact,100.00,game-decomphelp-fulltu-00421cc0,Canonical linked-PE replay of the complete DecomphelpLeafAccessors.cpp TU with pinned VC7.1 SP1 build6030; direct IDA boundary/tail review; raw bytes and complete PDB extent are zero-difference.
0x00421CD0,th10::leaf::Fn00421CD0,8,exact,100.00,game-decomphelp-fulltu-00421cd0,Canonical linked-PE replay of the complete DecomphelpLeafAccessors.cpp TU with pinned VC7.1 SP1 build6030; direct IDA Pro MCP bytes and complete PDB extent are zero-difference.
0x00421CE0,th10::leaf::Fn00421CE0,10,exact,100.00,game-decomphelp-fulltu-00421ce0,Canonical linked-PE replay of the complete DecomphelpLeafAccessors.cpp TU with pinned VC7.1 SP1 build6030; direct IDA boundary/tail review; raw bytes and complete PDB extent are zero-difference.
0x00421CF0,th10::leaf::Fn00421CF0,13,exact,100.00,game-decomphelp-fulltu-00421cf0,Canonical linked-PE replay of the complete DecomphelpLeafAccessors.cpp TU with pinned VC7.1 SP1 build6030; direct IDA boundary/tail review; raw bytes and complete PDB extent are zero-difference.
0x00421D40,th10::leaf::Fn00421D40,1,exact,100.00,game-decomphelp-fulltu-00421d40,Canonical linked-PE replay of the complete DecomphelpLeafAccessors.cpp TU with pinned VC7.1 SP1 build6030; direct IDA boundary/tail review; raw bytes and complete PDB extent are zero-difference.
0x00421D70,th10::leaf::Fn00421D70,4,exact,100.00,game-decomphelp-fulltu-00421d70,Canonical linked-PE replay of the complete DecomphelpLeafAccessors.cpp TU with pinned VC7.1 SP1 build6030; direct IDA boundary/tail review; raw bytes and complete PDB extent are zero-difference.
0x00421D80,th10::leaf::Fn00421D80,8,exact,100.00,game-decomphelp-fulltu-00421d80,Canonical linked-PE replay of the complete DecomphelpLeafAccessors.cpp TU with pinned VC7.1 SP1 build6030; direct IDA boundary/tail review; raw bytes and complete PDB extent are zero-difference.
0x00421D90,th10::leaf::Fn00421D90,8,exact,100.00,game-decomphelp-fulltu-00421d90,Canonical linked-PE replay of the complete DecomphelpLeafAccessors.cpp TU with pinned VC7.1 SP1 build6030; direct IDA boundary/tail review; raw bytes and complete PDB extent are zero-difference.
0x00421DA0,th10::leaf::Fn00421DA0,8,exact,100.00,game-decomphelp-fulltu-00421da0,Canonical linked-PE replay of the complete DecomphelpLeafAccessors.cpp TU with pinned VC7.1 SP1 build6030; direct IDA boundary/tail review; raw bytes and complete PDB extent are zero-difference.
0x00421DB0,th10::leaf::Fn00421DB0,8,exact,100.00,game-decomphelp-fulltu-00421db0,Canonical linked-PE replay of the complete DecomphelpLeafAccessors.cpp TU with pinned VC7.1 SP1 build6030; direct IDA boundary/tail review; raw bytes and complete PDB extent are zero-difference.
0x00421DC0,th10::leaf::Fn00421DC0,8,exact,100.00,game-decomphelp-fulltu-00421dc0,Canonical linked-PE replay of the complete DecomphelpLeafAccessors.cpp TU with pinned VC7.1 SP1 build6030; direct IDA boundary/tail review; raw bytes and complete PDB extent are zero-difference.
0x00421DD0,th10::leaf::Fn00421DD0,8,exact,100.00,game-decomphelp-fulltu-00421dd0,Canonical linked-PE replay of the complete DecomphelpLeafAccessors.cpp TU with pinned VC7.1 SP1 build6030; direct IDA boundary/tail review; raw bytes and complete PDB extent are zero-difference.
0x00421DE0,th10::leaf::Fn00421DE0,11,exact,100.00,game-decomphelp-fulltu-00421de0,Canonical linked-PE replay of the complete DecomphelpLeafAccessors.cpp TU with pinned VC7.1 SP1 build6030; direct IDA boundary/tail review; raw bytes and complete PDB extent are zero-difference.
0x00421DF0,th10::leaf::Fn00421DF0,11,exact,100.00,game-decomphelp-fulltu-00421df0,Canonical linked-PE replay of the complete DecomphelpLeafAccessors.cpp TU with pinned VC7.1 SP1 build6030; direct IDA boundary/tail review; raw bytes and complete PDB extent are zero-difference.
0x00421EF0,th10::leaf::Fn00421EF0,4,exact,100.00,game-decomphelp-fulltu-00421ef0,Canonical linked-PE replay of the complete DecomphelpLeafAccessors.cpp TU with pinned VC7.1 SP1 build6030; direct IDA boundary/tail review; raw bytes and complete PDB extent are zero-difference.
0x00421F50,th10::leaf::Fn00421F50,12,exact,100.00,game-decomphelp-fulltu-00421f50,Canonical linked-PE replay of the complete DecomphelpLeafAccessors.cpp TU with pinned VC7.1 SP1 build6030; direct IDA boundary/tail review; raw bytes and complete PDB extent are zero-difference.
0x004221E0,th10::leaf::Fn004221E0,3,exact,100.00,game-decomphelp-fulltu-004221e0,Canonical linked-PE replay of the complete DecomphelpLeafAccessors.cpp TU with pinned VC7.1 SP1 build6030; direct IDA boundary/tail review; raw bytes and complete PDB extent are zero-difference.
0x004221F0,th10::leaf::Fn004221F0,3,exact,100.00,game-decomphelp-fulltu-004221f0,Canonical linked-PE replay of the complete DecomphelpLeafAccessors.cpp TU with pinned VC7.1 SP1 build6030; direct IDA boundary/tail review; raw bytes and complete PDB extent are zero-difference.
0x00424590,th10::leaf::Fn00424590,4,exact,100.00,game-decomphelp-fulltu-00424590,Canonical linked-PE replay of the complete DecomphelpLeafAccessors.cpp TU with pinned VC7.1 SP1 build6030; direct IDA boundary/tail review; raw bytes and complete PDB extent are zero-difference.
0x004245A0,th10::leaf::Fn004245A0,7,exact,100.00,game-decomphelp-fulltu-004245a0,Canonical linked-PE replay of the complete DecomphelpLeafAccessors.cpp TU with pinned VC7.1 SP1 build6030; direct IDA boundary/tail review; raw bytes and complete PDB extent are zero-difference.
0x004245F0,th10::leaf::Fn004245F0,1,exact,100.00,game-decomphelp-fulltu-004245f0,Canonical linked-PE replay of the complete DecomphelpLeafAccessors.cpp TU with pinned VC7.1 SP1 build6030; direct IDA boundary/tail review; raw bytes and complete PDB extent are zero-difference.
0x00424600,th10::leaf::Fn00424600,7,exact,100.00,game-decomphelp-fulltu-00424600,Canonical linked-PE replay of the complete DecomphelpLeafAccessors.cpp TU with pinned VC7.1 SP1 build6030; direct IDA boundary/tail review; raw bytes and complete PDB extent are zero-difference.
0x00424610,th10::leaf::Fn00424610,6,exact,100.00,game-decomphelp-fulltu-00424610,Canonical linked-PE replay of the complete DecomphelpLeafAccessors.cpp TU with pinned VC7.1 SP1 build6030; direct IDA Pro MCP bytes and complete PDB extent are zero-difference.
0x00424620,th10::leaf::Fn00424620,25,exact,100.00,game-decomphelp-fulltu-00424620,Canonical linked-PE replay of the complete DecomphelpLeafAccessors.cpp TU with pinned VC7.1 SP1 build6030; direct IDA boundary/tail review; raw bytes and complete PDB extent are zero-difference.
0x00424640,th10::leaf::Fn00424640,4,exact,100.00,game-decomphelp-fulltu-00424640,Canonical linked-PE replay of the complete DecomphelpLeafAccessors.cpp TU with pinned VC7.1 SP1 build6030; direct IDA boundary/tail review; raw bytes and complete PDB extent are zero-difference.
0x004247C0,PlayerTimerView::PlayerTimerView,7,exact,100.00,player-timer-constructor,Canonical artifact_kind=coff unit rebuilt from current source with pinned VC7.1 SP1 build6030; complete seven-byte extent and zero relocations replay zero-difference.
0x004247D0,PlayerOptionRuntime::PlayerOptionRuntime,10,exact,100.00,player-option-constructor,Canonical artifact_kind=coff unit rebuilt from current source with pinned VC7.1 SP1 build6030; complete ten-byte extent and zero relocations replay zero-difference.
0x004247E0,PlayerEffectRowView::PlayerEffectRowView,7,exact,100.00,player-effect-row-constructor,Canonical artifact_kind=coff unit rebuilt from current source with pinned VC7.1 SP1 build6030; complete seven-byte extent and zero relocations replay zero-difference.
0x00424D90,PlayerResetRuntimeState,273,exact,100.00,player-reset-runtime-state,Canonical linked-PE unit under the Player::Player /GL entry with AnmManager.cpp and Gui.cpp support reproduces all 273 bytes; six declared timer/manager/MarkVmForDeletion/GUI linkage fields replay zero-difference.
0x00424EB0,th10::leaf::Fn00424EB0,3,exact,100.00,game-decomphelp-fulltu-00424eb0,"Canonical linked-PE replay of the complete decomphelp leaf TU; direct IDA body review and the complete PDB extent are raw-equal."
0x00424EC0,th10::leaf::Fn00424EC0,3,exact,100.00,game-decomphelp-fulltu-00424ec0,"Canonical linked-PE replay of the complete decomphelp leaf TU; direct IDA body review and the complete PDB extent are raw-equal."
0x00426500,PlayerUpdateCallback,7,exact,100.00,player-update-callback,Canonical artifact_kind=coff unit cold-built twice with pinned VC7.1 SP1 build6030; the complete seven-byte function extent and sole REL32 field replay zero-difference to target body 0x00425730. Original target origin and production TU remain unknown.
0x00426610,PlayerAngleToPoint,67,exact,100.00,player-angle-to-point,Canonical linked-PE unit under the real PlayerUpdateCallbackBody /GL entry reproduces the complete 67-byte PDB contribution and both zero-float plus pi/2 DIR32 fields zero-difference.
0x00426660,EnemyAngleFromPlayer,67,exact,100.00,enemy-angle-from-player,Canonical linked-PE unit under the real EnemyFullObjectView::ReadFloatOperand /GL entry reproduces the complete 67-byte PDB contribution and both zero-float plus pi/2 DIR32 fields zero-difference.
0x004266B0,PlayerCollisionPositionView::CheckPlayerCollision,316,exact,100.00,player-collision-check,"Canonical mixed-profile linked-PE replay under the real BulletUpdateRuntime entry reproduces the full 316-byte PlayerCollision PDB contribution; eight declared fields cover the two half-size constants, draw gate, hit handler and four graze constants. The maintained view name does not establish original class or TU."
0x00427950,PlayerOptionTrailCallback,12,exact,100.00,player-option-trail-callback,Canonical linked-PE unit cold-built twice with pinned VC7.1 SP1 build6030 under the real RebuildPlayerOptions /GL entry; the complete 12-byte PDB contribution is raw-equal and its sole REL32 resolves to adjacent body 0x00427960. Source-written versus compiler/LTCG-adapter origin remains unknown.
0x00427AD0,PlayerOptionSpecialCallback,12,exact,100.00,player-option-special-callback,Canonical linked-PE unit cold-built twice with pinned VC7.1 SP1 build6030 under the real RebuildPlayerOptions /GL entry; the complete 12-byte PDB contribution is raw-equal and its sole REL32 resolves to adjacent body 0x00427AE0. Corrected source calls AnmVmIdView::SetInterrupt(6/3); wrapper provenance remains unknown.
0x00427AE0,PlayerOptionSpecialCallbackBody,99,exact,100.00,player-option-special-body,Canonical linked-PE unit cold-built twice with pinned VC7.1 SP1 build6030 under the real RebuildPlayerOptions /GL entry; complete 99-byte PDB extent and all three DIR32/REL32 fields replay zero-difference. Body provenance remains unknown.
0x00427C40,th10::leaf::Fn00427C40,4,exact,100.00,game-decomphelp-fulltu-00427c40,Canonical linked-PE replay of the complete DecomphelpLeafAccessors.cpp TU with pinned VC7.1 SP1 build6030; direct IDA boundary/tail review; raw bytes and complete PDB extent are zero-difference.
0x00427C50,PlayerFloor,21,exact,100.00,player-floor,Canonical artifact_kind=coff unit rebuilt from current source with pinned VC7.1 SP1 build6030; complete 21-byte extent and sole _floor REL32 replay zero-difference.
0x00427C70,PlayerTimerView::HasIntervalTick,29,exact,100.00,player-timer-interval,Canonical artifact_kind=coff unit rebuilt from current source with pinned VC7.1 SP1 build6030; complete 29-byte extent and zero relocations replay zero-difference.
0x00427D50,th10::leaf::Fn00427D50,24,exact,100.00,game-decomphelp-fulltu-00427d50,Canonical linked-PE replay of the complete DecomphelpLeafAccessors.cpp TU with pinned VC7.1 SP1 build6030; direct IDA boundary/tail review; raw bytes and complete PDB extent are zero-difference.
0x00427D70,th10::leaf::Fn00427D70,6,exact,100.00,game-decomphelp-fulltu-00427d70,Canonical linked-PE replay of the complete DecomphelpLeafAccessors.cpp TU with pinned VC7.1 SP1 build6030; direct IDA boundary/tail review; raw bytes and complete PDB extent are zero-difference.
0x00427D80,th10::leaf::Fn00427D80,21,exact,100.00,game-decomphelp-fulltu-00427d80,Canonical linked-PE replay of the complete DecomphelpLeafAccessors.cpp TU with pinned VC7.1 SP1 build6030; direct IDA byte and boundary review; raw bytes and complete PDB extent are zero-difference.
0x00427DF0,th10::leaf::Fn00427DF0,4,exact,100.00,game-decomphelp-fulltu-00427df0,Canonical linked-PE replay of the complete DecomphelpLeafAccessors.cpp TU with pinned VC7.1 SP1 build6030; direct IDA boundary/tail review; raw bytes and complete PDB extent are zero-difference.
0x00427E00,th10::leaf::Fn00427E00,1,exact,100.00,game-decomphelp-fulltu-00427e00,Canonical linked-PE replay of the complete DecomphelpLeafAccessors.cpp TU with pinned VC7.1 SP1 build6030; direct IDA boundary/tail review; raw bytes and complete PDB extent are zero-difference.
0x00427E10,th10::leaf::LeafIdentity00427E10View::Get,3,exact,100.00,game-decomphelp-identity-00427e10,Canonical linked-PE replay of the complete DecomphelpLeafAccessors.cpp TU with the member method as entry; direct IDA boundary review and raw bytes are zero-difference.
0x00427E40,th10::leaf::Fn00427E40,14,exact,100.00,game-decomphelp-fulltu-00427e40,Canonical linked-PE replay of the complete DecomphelpLeafAccessors.cpp TU with pinned VC7.1 SP1 build6030; direct IDA Pro MCP byte/tail review; raw bytes and complete PDB extent are zero-difference.
0x00428D60,th10::leaf::Fn00428D60,4,exact,100.00,game-decomphelp-fulltu-00428d60,Canonical linked-PE replay of the complete DecomphelpLeafAccessors.cpp TU with pinned VC7.1 SP1 build6030; direct IDA Pro MCP bytes and complete PDB extent are zero-difference.
0x00428D70,PlayerShotBoundsView::IsOutsidePlayfield,91,exact,100.00,player-shot-outside-playfield,Canonical linked-PE unit rebuilt in two separate pinned VC7.1 SP1 build6030 replays; complete 91-byte PDB extent and all four playfield DIR32 fields replay zero-difference.
0x00428E70,th10::leaf::Fn00428E70,14,exact,100.00,game-decomphelp-fulltu-00428e70,Canonical linked-PE replay of the complete DecomphelpLeafAccessors.cpp TU with pinned VC7.1 SP1 build6030; direct IDA Pro MCP byte/tail review; raw bytes and complete PDB extent are zero-difference.
0x00428EC0,th10::leaf::Fn00428EC0,24,exact,100.00,game-decomphelp-fulltu-00428ec0,Canonical linked-PE replay of the complete DecomphelpLeafAccessors.cpp TU with pinned VC7.1 SP1 build6030; direct IDA Pro MCP byte/tail review; raw bytes and complete PDB extent are zero-difference.
0x00428EE0,th10::leaf::Fn00428EE0,24,exact,100.00,game-decomphelp-fulltu-00428ee0,Canonical linked-PE replay of the complete DecomphelpLeafAccessors.cpp TU with pinned VC7.1 SP1 build6030; direct IDA Pro MCP byte/tail review; raw bytes and complete PDB extent are zero-difference.
0x00428F00,th10::leaf::Fn00428F00,24,exact,100.00,game-decomphelp-fulltu-00428f00,Canonical linked-PE replay of the complete DecomphelpLeafAccessors.cpp TU with pinned VC7.1 SP1 build6030; direct IDA Pro MCP byte/tail review; raw bytes and complete PDB extent are zero-difference.
0x00428F20,th10::leaf::Fn00428F20,4,exact,100.00,game-decomphelp-fulltu-00428f20,Canonical linked-PE replay of the complete DecomphelpLeafAccessors.cpp TU with pinned VC7.1 SP1 build6030; direct IDA Pro MCP bytes and complete PDB extent are zero-difference.
0x0042A810,th10::leaf::Fn0042A810,7,exact,100.00,game-decomphelp-fulltu-0042a810,Canonical linked-PE replay of the complete DecomphelpLeafAccessors.cpp TU with pinned VC7.1 SP1 build6030; direct IDA boundary/tail review; raw bytes and complete PDB extent are zero-difference.
0x0042A820,th10::leaf::Fn0042A820,14,exact,100.00,game-decomphelp-fulltu-0042a820,Canonical linked-PE replay of the complete DecomphelpLeafAccessors.cpp TU with pinned VC7.1 SP1 build6030; direct IDA boundary/tail review; raw bytes and complete PDB extent are zero-difference.
0x0042A930,GameScoreStateView::SetTimerCurrent,59,exact,100.00,game-score-set-timer-current,Canonical linked-PE unit under the real ReplayManager::Initialize /GL entry naturally selects the target EAX receiver and reproduces all 59 bytes plus the g_PlayerTimerScale DIR32 field zero-difference.
0x0042A970,th10::leaf::Fn0042A970,4,exact,100.00,game-decomphelp-fulltu-0042a970,Canonical linked-PE replay of the complete DecomphelpLeafAccessors.cpp TU with pinned VC7.1 SP1 build6030; direct IDA boundary/tail review; raw bytes and complete PDB extent are zero-difference.
0x0042A980,th10::leaf::Fn0042A980,4,exact,100.00,game-decomphelp-fulltu-0042a980,Canonical linked-PE replay of the complete DecomphelpLeafAccessors.cpp TU with pinned VC7.1 SP1 build6030; direct IDA boundary/tail review; raw bytes and complete PDB extent are zero-difference.
0x0042A990,th10::leaf::Fn0042A990,19,exact,100.00,game-decomphelp-fulltu-0042a990,Canonical linked-PE replay of the complete DecomphelpLeafAccessors.cpp TU with pinned VC7.1 SP1 build6030; direct IDA boundary/tail review; raw bytes and complete PDB extent are zero-difference.
0x0042A9B0,th10::leaf::Fn0042A9B0,6,exact,100.00,game-decomphelp-fulltu-0042a9b0,Canonical linked-PE replay of the complete DecomphelpLeafAccessors.cpp TU with pinned VC7.1 SP1 build6030; direct IDA boundary/tail review; raw bytes and complete PDB extent are zero-difference.
0x0042A9C0,th10::leaf::Fn0042A9C0,8,exact,100.00,game-decomphelp-fulltu-0042a9c0,Canonical linked-PE replay of the complete DecomphelpLeafAccessors.cpp TU with pinned VC7.1 SP1 build6030; direct IDA boundary/tail review; raw bytes and complete PDB extent are zero-difference.
0x0042A9D0,th10::leaf::Fn0042A9D0,4,exact,100.00,game-decomphelp-fulltu-0042a9d0,Canonical linked-PE replay of the complete DecomphelpLeafAccessors.cpp TU with pinned VC7.1 SP1 build6030; direct IDA boundary/tail review; raw bytes and complete PDB extent are zero-difference.
0x0042A9E0,th10::leaf::Fn0042A9E0,16,exact,100.00,game-decomphelp-fulltu-0042a9e0,Canonical linked-PE replay of the complete DecomphelpLeafAccessors.cpp TU with pinned VC7.1 SP1 build6030; direct IDA Pro MCP byte/tail review; raw bytes and complete PDB extent are zero-difference.
0x0042AC10,th10::leaf::Fn0042AC10,1,exact,100.00,game-decomphelp-fulltu-0042ac10,Canonical linked-PE replay of the complete DecomphelpLeafAccessors.cpp TU with pinned VC7.1 SP1 build6030; direct IDA boundary/tail review; raw bytes and complete PDB extent are zero-difference.
0x0042B420,th10::leaf::Fn0042B420,1,exact,100.00,game-decomphelp-fulltu-0042b420,Canonical linked-PE replay of the complete DecomphelpLeafAccessors.cpp TU with pinned VC7.1 SP1 build6030; direct IDA boundary/tail review; raw bytes and complete PDB extent are zero-difference.
0x0042BAB0,th10::leaf::Fn0042BAB0,1,exact,100.00,game-decomphelp-fulltu-0042bab0,Canonical linked-PE replay of the complete DecomphelpLeafAccessors.cpp TU with pinned VC7.1 SP1 build6030; direct IDA boundary/tail review; raw bytes and complete PDB extent are zero-difference.
0x0042C5A0,th10::leaf::Fn0042C5A0,1,exact,100.00,game-decomphelp-fulltu-0042c5a0,Canonical linked-PE replay of the complete DecomphelpLeafAccessors.cpp TU with pinned VC7.1 SP1 build6030; direct IDA boundary/tail review; raw bytes and complete PDB extent are zero-difference.
0x0042C5C0,FrontEndControllerView::SetScreenTarget,83,exact,100.00,frontend-set-screen,Canonical linked-PE unit cold-built with pinned VC7.1 SP1 build6030 under the FrontEndControllerView::UpdateScoreEntry entry graph; complete 83-byte PDB contribution and sole g_AnmGameSpeed DIR32 field replay zero-difference.
0x0042C620,FrontEndControllerView::SetScreenStateTarget,80,exact,100.00,frontend-set-screen-state,Canonical linked-PE unit cold-built with pinned VC7.1 SP1 build6030 under the FrontEndControllerView::UpdateScoreEntry entry graph; complete 80-byte PDB contribution and sole g_AnmGameSpeed DIR32 field replay zero-difference.
0x0042C6D0,FrontEndDeleteVm,83,exact,100.00,frontend-delete-vm,Canonical linked-PE unit cold-built with pinned VC7.1 SP1 build6030 under the FrontEndControllerView::Update entry graph; complete 83-byte PDB contribution and manager DIR32/FindVm REL32 fields replay zero-difference.
0x0042C830,th10::leaf::Fn0042C830,7,exact,100.00,game-decomphelp-fulltu-0042c830,Canonical linked-PE replay of the complete DecomphelpLeafAccessors.cpp TU with pinned VC7.1 SP1 build6030; direct IDA boundary/tail review; raw bytes and complete PDB extent are zero-difference.
0x0042D2E0,FrontEndUpdateCallback,7,exact,100.00,frontend-update-callback,Canonical linked-PE unit uses the natural fastcall callback as the /GL entry; the complete seven-byte PDB contribution and sole REL32 tail jump to FrontEndControllerView::Update replay zero-difference. Original source-written versus compiler/LTCG-adapter origin remains unknown.
0x0042D2F0,FrontEndDrawCallback,7,exact,100.00,frontend-draw-callback,Canonical linked-PE unit uses the natural fastcall callback as the /GL entry; the complete seven-byte PDB contribution and sole REL32 tail jump to FrontEndControllerView::Draw replay zero-difference. Original source-written versus compiler/LTCG-adapter origin remains unknown.
0x00434B70,th10::leaf::Fn00434B70,11,exact,100.00,game-decomphelp-fulltu-00434b70,Canonical linked-PE replay of the complete DecomphelpLeafAccessors.cpp TU with pinned VC7.1 SP1 build6030; direct IDA boundary/tail review; raw bytes and complete PDB extent are zero-difference.
0x00434B90,th10::leaf::Fn00434B90,5,exact,100.00,game-decomphelp-fulltu-00434b90,Canonical linked-PE replay of the complete DecomphelpLeafAccessors.cpp TU with pinned VC7.1 SP1 build6030; direct IDA boundary/tail review; raw bytes and complete PDB extent are zero-difference.
0x00434BC0,th10::leaf::Fn00434BC0,20,exact,100.00,game-decomphelp-fulltu-00434bc0,Canonical linked-PE replay of the complete DecomphelpLeafAccessors.cpp TU with pinned VC7.1 SP1 build6030; direct IDA boundary/tail review; raw bytes and complete PDB extent are zero-difference.
0x00434BE0,th10::leaf::Fn00434BE0,8,exact,100.00,game-decomphelp-fulltu-00434be0,Canonical linked-PE replay of the complete DecomphelpLeafAccessors.cpp TU with pinned VC7.1 SP1 build6030; direct IDA boundary/tail review; raw bytes and complete PDB extent are zero-difference.
0x00434BF0,th10::leaf::Fn00434BF0,11,exact,100.00,game-decomphelp-fulltu-00434bf0,Canonical linked-PE replay of the complete DecomphelpLeafAccessors.cpp TU with pinned VC7.1 SP1 build6030; direct IDA boundary/tail review; raw bytes and complete PDB extent are zero-difference.
0x00434C00,th10::leaf::Fn00434C00,1,exact,100.00,game-decomphelp-fulltu-00434c00,Canonical linked-PE replay of the complete DecomphelpLeafAccessors.cpp TU with pinned VC7.1 SP1 build6030; direct IDA boundary/tail review; raw bytes and complete PDB extent are zero-difference.
0x00434C10,PbgArchive::PbgArchive,16,exact,100.00,pbgarchive-constructor,Canonical artifact_kind=coff unit rebuilt from current source with pinned VC7.1 SP1 build6030 and compared zero-difference across the complete 16-byte relocation-free extent.
0x00434C20,PbgArchive::~PbgArchive,10,exact,100.00,pbgarchive-destructor,Canonical /EHsc /Ob1 linked-PE unit cold-built twice with pinned VC7.1 SP1 build6030; the complete 10-byte destructor and sole Release REL32 field replay zero-difference.
0x00434D10,PbgArchive::Release,86,exact,100.00,pbgarchive-release,Canonical /EHsc /Ob1 linked-PE unit cold-built twice with pinned VC7.1 SP1 build6030; the complete 86-byte Release owner and all four free/entry-destructor/vector-destructor/operator-delete fields replay zero-difference.
0x00434EF0,PbgArchive::GetEntryDecompressedSize,51,exact,100.00,pbgarchive-get-entry-decompressed-size,Canonical artifact_kind=linked-pe unit cold-built twice with pinned VC7.1 SP1 build6030; the complete PDB-owned 51-byte extent and its sole REL32 field at +0x15 replay zero-difference to the reviewed target _stricmp implementation at 0x0046054E.
0x00434F30,PbgArchive::FindEntry,53,exact,100.00,pbgarchive-find-entry,Canonical artifact_kind=linked-pe unit cold-built twice with pinned VC7.1 SP1 build6030; the complete PDB-owned 53-byte extent and its sole REL32 field at +0x18 replay zero-difference to the reviewed target _stricmp implementation at 0x0046054E.
0x00435220,PbgArchive::CopyFileName,47,exact,100.00,pbgarchive-copy-file-name,Canonical artifact_kind=linked-pe unit cold-built twice with pinned VC7.1 SP1 build6030; the complete PDB-owned 47-byte extent and its sole REL32 field at +0x11 replay zero-difference to the reviewed target malloc wrapper at 0x00452706.
0x00435250,PbgArchiveEntry::~PbgArchiveEntry,26,exact,100.00,pbgarchive-entry-destructor,Canonical artifact_kind=coff unit rebuilt from current source with pinned VC7.1 SP1 build6030; the complete 26-byte extent and its REL32 relocation to target free replay zero-difference.
0x00435270,PbgArchive::SeekPastInt,12,exact,100.00,pbgarchive-seek-past-int,"Canonical artifact_kind=linked-pe unit cold-compiled and linked twice with pinned VC7.1 SP1 build6030; PE/map/PDB identity and the unique source.ltcg.obj contribution establish the complete 12-byte extent, exhaustive linked-field decoding finds zero fields, and the raw extent is byte-identical. This bounded result does not establish the production image or physical owner."
0x00435280,PbgArchive::SeekPastString,51,exact,100.00,pbgarchive-seek-past-string,"Canonical artifact_kind=linked-pe unit cold-compiled and linked twice with pinned VC7.1 SP1 build6030; PE/map/PDB identity and the unique source.ltcg.obj contribution establish the complete 51-byte extent, exhaustive linked-field decoding finds zero fields, and the raw extent is byte-identical. This bounded result does not establish the production image or physical owner."
0x004352C0,PbgArchiveEntry::PbgArchiveEntry,9,exact,100.00,pbgarchive-entry-constructor,Canonical artifact_kind=coff unit rebuilt from current source with pinned VC7.1 SP1 build6030 and compared zero-difference across the complete nine-byte relocation-free extent.
0x004352D0,th10::leaf::Fn004352D0,1,exact,100.00,game-decomphelp-fulltu-004352d0,Canonical linked-PE replay of the complete DecomphelpLeafAccessors.cpp TU with pinned VC7.1 SP1 build6030; direct IDA boundary/tail review; raw bytes and complete PDB extent are zero-difference.
0x004352E0,th10::leaf::Fn004352E0,1,exact,100.00,game-decomphelp-fulltu-004352e0,Canonical linked-PE replay of the complete DecomphelpLeafAccessors.cpp TU with pinned VC7.1 SP1 build6030; direct IDA boundary/tail review; raw bytes and complete PDB extent are zero-difference.
0x004352F0,th10::leaf::Fn004352F0,1,exact,100.00,game-decomphelp-fulltu-004352f0,Canonical linked-PE replay of the complete DecomphelpLeafAccessors.cpp TU with pinned VC7.1 SP1 build6030; direct IDA boundary/tail review; raw bytes and complete PDB extent are zero-difference.
0x00435300,CPbgFile::CPbgFile,21,exact,100.00,pbgfile-constructor,Canonical artifact_kind=linked-pe unit cold-built twice with pinned VC7.1 SP1 build6030 in the maintained PbgArchive::Load caller context; the complete 21-byte PDB-owned extent and sole CPbgFile vtable DIR32 field replay zero-difference.
0x00435340,CPbgFile::~CPbgFile,46,exact,100.00,pbgfile-destructor,Canonical artifact_kind=coff unit rebuilt from current source with pinned VC7.1 SP1 build6030; complete 46-byte extent and all three DIR32 relocations replay zero-difference. This bounded claim does not establish the production TU or LTCG physical owner.
0x00435370,CPbgFile::Open,239,exact,100.00,pbgfile-open,"Canonical linked-PE unit cold-built twice with pinned VC7.1 SP1 build6030 under the target-evidenced /GS+/GL profile; the complete 239-byte PDB extent replays zero-difference across the security cookie, DeleteFileA, GetFullFilePath, CreateFileA, SetFilePointer, and security-check fields."
0x00435460,CPbgFile::Close,34,exact,100.00,pbgfile-close,Canonical artifact_kind=coff unit rebuilt from current source with pinned VC7.1 SP1 build6030; complete 34-byte extent and its DIR32 import relocation replay zero-difference.
0x00435490,CPbgFile::Read,57,exact,100.00,pbgfile-read,Canonical artifact_kind=coff unit rebuilt from current source with pinned VC7.1 SP1 build6030; complete 57-byte extent and its DIR32 import relocation replay zero-difference.
0x004354D0,CPbgFile::Write,63,exact,100.00,pbgfile-write,Canonical artifact_kind=coff unit cold-built twice with pinned VC7.1 SP1 build6030; the complete 63-byte extent and sole __imp__WriteFile@20 DIR32 relocation replay zero-difference.
0x00435510,CPbgFile::Tell,25,exact,100.00,pbgfile-tell,Canonical artifact_kind=coff unit rebuilt from current source with pinned VC7.1 SP1 build6030; complete 25-byte extent and its DIR32 import relocation replay zero-difference.
0x00435530,CPbgFile::GetSize,21,exact,100.00,pbgfile-get-size,Canonical artifact_kind=coff unit rebuilt from current source with pinned VC7.1 SP1 build6030; complete 21-byte extent and its DIR32 import relocation replay zero-difference.
0x00435550,CPbgFile::Seek,37,exact,100.00,pbgfile-seek,Canonical artifact_kind=coff unit rebuilt from current source with pinned VC7.1 SP1 build6030; complete 37-byte extent and its DIR32 import relocation replay zero-difference.
0x00435580,CPbgFile::ReadWholeFile,137,exact,100.00,pbgfile-read-whole-file,Canonical artifact_kind=coff unit cold-built twice with pinned VC7.1 SP1 build6030; all 137 bytes and both malloc/free REL32 relocations replay zero-difference while all seven pre-existing PbgFile.obj exact units remain exact.
0x00435610,CPbgFile::GetFullFilePath,121,exact,100.00,pbgfile-get-full-file-path,Canonical artifact_kind=linked-pe unit cold-built twice with pinned VC7.1 SP1 build6030; the complete PDB-owned 121-byte extent and all three linked fields replay zero-difference to target strchr/strrchr entries and the GetModuleFileNameA IAT slot.
0x00435690,IPbgFile::~IPbgFile,7,exact,100.00,pbgfile-base-destructor,Canonical artifact_kind=coff unit rebuilt from current source with pinned VC7.1 SP1 build6030; the complete seven-byte extent and sole IPbgFile vtable DIR32 relocation replay zero-difference.
0x004359A0,th10::leaf::Fn004359A0,4,exact,100.00,game-decomphelp-fulltu-004359a0,Canonical linked-PE replay of the complete DecomphelpLeafAccessors.cpp TU with pinned VC7.1 SP1 build6030; direct IDA boundary/tail review; raw bytes and complete PDB extent are zero-difference.
0x004359B0,CompressData,1029,exact,100.00,lzss-compress-data,"Canonical artifact_kind=linked-pe unit cold-built twice with pinned VC7.1 SP1 build6030 under the target stdcall CompressData /GL entry; the complete 1,029-byte PDB-owned extent and all 37 malloc/ring/tree/helper fields replay zero-difference."
0x00435FA0,Lzss::InitTree,36,exact,100.00,lzss-init-tree,"Canonical artifact_kind=linked-pe unit cold-built twice with pinned VC7.1 SP1 build6030; the complete PDB-owned 36-byte extent and all four DIR32 fields replay zero-difference through g_LzssTree base 0x00477858, member addends +4/+8, and sentinel-right addend +0x18008."
0x00435FD0,Lzss::InitEncoderState,42,exact,100.00,lzss-init-encoder-state,Canonical artifact_kind=coff unit rebuilt from current source with pinned VC7.1 SP1 build6030; complete 42-byte extent and all three DIR32 data relocations replay zero-difference.
0x00436000,Lzss::AddString,516,exact,100.00,lzss-add-string,"Canonical artifact_kind=linked-pe unit cold-built twice with pinned VC7.1 SP1 build6030 under the target CompressData /GL entry; the complete 516-byte PDB-owned extent and all 27 g_DecompressionRing/g_LzssTree DIR32 fields replay zero-difference."
0x00436210,Lzss::DeleteString,80,exact,100.00,lzss-delete-string,"Canonical artifact_kind=linked-pe unit cold-built twice with pinned VC7.1 SP1 build6030; the complete PDB-owned 80-byte extent, four g_LzssTree base/member fields, and all three calls replay zero-difference."
0x00436260,Lzss::ContractNode,79,exact,100.00,lzss-contract-node,Canonical artifact_kind=linked-pe unit cold-built twice with pinned VC7.1 SP1 build6030; the complete PDB-owned 79-byte extent and all eight DIR32 fields replay zero-difference through the reviewed g_LzssTree base and +4/+8 member addends.
0x004362B0,Lzss::ReplaceNode,117,exact,100.00,lzss-replace-node,Canonical artifact_kind=linked-pe unit cold-built twice with pinned VC7.1 SP1 build6030; the complete PDB-owned 117-byte extent and all nine DIR32 fields replay zero-difference through the reviewed g_LzssTree base and +4/+8 member addends.
0x00436330,Lzss::FindNextNode,49,exact,100.00,lzss-find-next-node,Canonical artifact_kind=linked-pe unit cold-built twice with pinned VC7.1 SP1 build6030; the complete PDB-owned 49-byte extent and all three DIR32 fields replay zero-difference through the reviewed g_LzssTree +4/+8 member addresses.
0x00436370,CMemoryPbgFile::Write,5,exact,100.00,memory-pbgfile-write,Canonical artifact_kind=coff unit rebuilt from current source with pinned VC7.1 SP1 build6030 and compared zero-difference across the complete five-byte relocation-free extent.
0x00436380,CMemoryPbgFile::CMemoryPbgFile,18,exact,100.00,memory-pbgfile-constructor,Canonical linked-PE unit cold-built twice with pinned VC7.1 SP1 build6030 using CMemoryPbgFile::Open as the real /GL entry; the complete 18-byte PDB extent is zero-difference after replaying the sole vtable DIR32 field to ??_7CMemoryPbgFile@@6B@ @ 0x0046F308.
0x004363C0,CMemoryPbgFile::~CMemoryPbgFile,49,exact,100.00,memory-pbgfile-destructor,Canonical artifact_kind=coff unit rebuilt from current source with pinned VC7.1 SP1 build6030; complete 49-byte extent and all three DIR32/REL32 relocations replay zero-difference. This bounded claim does not establish the production TU or LTCG physical owner.
0x00436400,CMemoryPbgFile::Open,46,exact,100.00,memory-pbgfile-open,Canonical normal-COFF unit under pinned VC7.1 SP1 reproduces the complete 46-byte COMDAT and both target-observed archive-or-disk helper REL32 fields zero-difference.
0x00436430,CMemoryPbgFile::Close,37,exact,100.00,memory-pbgfile-close,Canonical artifact_kind=coff unit rebuilt from current source with pinned VC7.1 SP1 build6030; complete 37-byte extent and its REL32 relocation to target free replay zero-difference.
0x00436460,CMemoryPbgFile::Read,108,exact,100.00,memory-pbgfile-read,Canonical artifact_kind=coff unit rebuilt from current source with pinned VC7.1 SP1 build6030 and compared zero-difference across the complete 108-byte relocation-free extent.
0x004364D0,CMemoryPbgFile::Tell,7,exact,100.00,memory-pbgfile-tell,Canonical artifact_kind=coff unit rebuilt from current source with pinned VC7.1 SP1 build6030 and compared zero-difference across the complete seven-byte relocation-free extent.
0x004364E0,CMemoryPbgFile::GetSize,4,exact,100.00,memory-pbgfile-get-size,Canonical artifact_kind=coff unit rebuilt from current source with pinned VC7.1 SP1 build6030 and compared zero-difference across the complete four-byte relocation-free extent.
0x00436560,th10::leaf::Fn00436560,9,exact,100.00,game-decomphelp-fulltu-00436560,Canonical linked-PE replay of the complete DecomphelpLeafAccessors.cpp TU with pinned VC7.1 SP1 build6030; direct IDA Pro MCP byte/tail review; raw bytes and complete PDB extent are zero-difference.
0x00436640,th10::leaf::Fn00436640,18,exact,100.00,game-decomphelp-fulltu-00436640,"Canonical linked-PE replay of the complete decomphelp leaf TU; direct IDA body review and the complete PDB extent are raw-equal."
0x004367E0,th10::leaf::Fn004367E0,11,exact,100.00,game-decomphelp-fulltu-004367e0,Canonical linked-PE replay of the complete DecomphelpLeafAccessors.cpp TU with pinned VC7.1 SP1 build6030; direct IDA boundary/tail review; raw bytes and complete PDB extent are zero-difference.
0x004367F0,th10::leaf::Fn004367F0,3,exact,100.00,game-decomphelp-fulltu-004367f0,Canonical linked-PE replay of the complete DecomphelpLeafAccessors.cpp TU with pinned VC7.1 SP1 build6030; direct IDA boundary/tail review; raw bytes and complete PDB extent are zero-difference.
0x00436800,th10::leaf::Fn00436800,7,exact,100.00,game-decomphelp-fulltu-00436800,Canonical linked-PE replay of the complete DecomphelpLeafAccessors.cpp TU with pinned VC7.1 SP1 build6030; direct IDA boundary/tail review; raw bytes and complete PDB extent are zero-difference.
0x00436810,th10::leaf::Fn00436810,7,exact,100.00,game-decomphelp-fulltu-00436810,Canonical linked-PE replay of the complete DecomphelpLeafAccessors.cpp TU with pinned VC7.1 SP1 build6030; direct IDA boundary/tail review; raw bytes and complete PDB extent are zero-difference.
0x00436820,th10::leaf::Fn00436820,7,exact,100.00,game-decomphelp-fulltu-00436820,Canonical linked-PE replay of the complete DecomphelpLeafAccessors.cpp TU with pinned VC7.1 SP1 build6030; direct IDA boundary/tail review; raw bytes and complete PDB extent are zero-difference.
0x00436830,th10::leaf::Fn00436830,7,exact,100.00,game-decomphelp-fulltu-00436830,Canonical linked-PE replay of the complete DecomphelpLeafAccessors.cpp TU with pinned VC7.1 SP1 build6030; direct IDA boundary/tail review; raw bytes and complete PDB extent are zero-difference.
0x00436840,th10::leaf::Fn00436840,7,exact,100.00,game-decomphelp-fulltu-00436840,Canonical linked-PE replay of the complete DecomphelpLeafAccessors.cpp TU with pinned VC7.1 SP1 build6030; direct IDA boundary/tail review; raw bytes and complete PDB extent are zero-difference.
0x00436850,th10::leaf::Fn00436850,7,exact,100.00,game-decomphelp-fulltu-00436850,Canonical linked-PE replay of the complete DecomphelpLeafAccessors.cpp TU with pinned VC7.1 SP1 build6030; direct IDA boundary/tail review; raw bytes and complete PDB extent are zero-difference.
0x00436860,th10::leaf::Fn00436860,14,exact,100.00,game-decomphelp-fulltu-00436860,Canonical linked-PE replay of the complete DecomphelpLeafAccessors.cpp TU with pinned VC7.1 SP1 build6030; direct IDA Pro MCP byte/tail review; raw bytes and complete PDB extent are zero-difference.
0x004369E0,th10::leaf::Fn004369E0,49,exact,100.00,game-decomphelp-fulltu-004369e0,Canonical linked-PE replay of the complete DecomphelpLeafAccessors.cpp TU with pinned VC7.1 SP1 build6030; direct IDA boundary/tail review; raw bytes and complete PDB extent are zero-difference.
0x004381E0,th10::leaf::Fn004381E0,16,exact,100.00,game-decomphelp-fulltu-004381e0,Canonical linked-PE replay of the complete DecomphelpLeafAccessors.cpp TU with pinned VC7.1 SP1 build6030; direct IDA boundary/tail review; raw bytes and complete PDB extent are zero-difference.
0x00438250,th10::leaf::LeafGetter00438250View::Get,4,exact,100.00,game-decomphelp-getter-00438250,Canonical linked-PE replay of the complete DecomphelpLeafAccessors.cpp TU with the natural __thiscall member entry; direct IDA Pro MCP boundary and bytes are zero-difference.
0x004383F0,th10::leaf::LeafIdentity004383F0View::Get,5,exact,100.00,game-decomphelp-identity-004383f0,Canonical linked-PE replay of the complete DecomphelpLeafAccessors.cpp TU with the natural __thiscall member entry; direct IDA Pro MCP boundary and bytes are zero-difference.
0x00438400,th10::leaf::LeafIdentity00438400View::Get,3,exact,100.00,game-decomphelp-identity-00438400,Canonical linked-PE replay of the complete DecomphelpLeafAccessors.cpp TU with the member method as entry; direct IDA boundary review and raw bytes are zero-difference.
0x00438410,th10::leaf::LeafIdentity00438410View::Get,5,exact,100.00,game-decomphelp-identity-00438410,Canonical linked-PE replay of the complete DecomphelpLeafAccessors.cpp TU with the natural __thiscall member entry; direct IDA Pro MCP boundary and bytes are zero-difference.
0x00438870,th10::leaf::Fn00438870,1,exact,100.00,game-decomphelp-fulltu-00438870,Canonical linked-PE replay of the complete DecomphelpLeafAccessors.cpp TU with pinned VC7.1 SP1 build6030; direct IDA boundary/tail review; raw bytes and complete PDB extent are zero-difference.
0x004388F0,th10::leaf::Fn004388F0,22,exact,100.00,game-decomphelp-fulltu-004388f0,Canonical linked-PE replay of the complete DecomphelpLeafAccessors.cpp TU with pinned VC7.1 SP1 build6030; direct IDA Pro MCP byte/tail review; raw bytes and complete PDB extent are zero-difference.
0x00438940,th10::leaf::Fn00438940,10,exact,100.00,game-decomphelp-fulltu-00438940,Canonical linked-PE replay of the complete DecomphelpLeafAccessors.cpp TU with pinned VC7.1 SP1 build6030; direct IDA Pro MCP byte/tail review; raw bytes and complete PDB extent are zero-difference.
0x004389C0,th10::leaf::Fn004389C0,4,exact,100.00,game-decomphelp-fulltu-004389c0,Canonical linked-PE replay of the complete DecomphelpLeafAccessors.cpp TU with pinned VC7.1 SP1 build6030; direct IDA boundary/tail review; raw bytes and complete PDB extent are zero-difference.
0x004389D0,th10::leaf::Fn004389D0,4,exact,100.00,game-decomphelp-fulltu-004389d0,Canonical linked-PE replay of the complete DecomphelpLeafAccessors.cpp TU with pinned VC7.1 SP1 build6030; direct IDA boundary/tail review; raw bytes and complete PDB extent are zero-difference.
0x004389E0,th10::leaf::Fn004389E0,4,exact,100.00,game-decomphelp-fulltu-004389e0,Canonical linked-PE replay of the complete DecomphelpLeafAccessors.cpp TU with pinned VC7.1 SP1 build6030; direct IDA boundary/tail review; raw bytes and complete PDB extent are zero-difference.
0x004392E0,MainInitializeSystemParameters,100,exact,100.00,main-initialize-system-parameters,Canonical normal-COFF unit cold-built twice with pinned VC7.1 SP1 build6030; the complete 100-byte extent and all eight import/global DIR32 fields replay zero-difference.
0x00439350,MainRestoreSystemParameters,62,exact,100.00,main-restore-system-parameters,Canonical normal-COFF unit cold-built twice with pinned VC7.1 SP1 build6030; the complete 62-byte extent and all five import/global/call fields replay zero-difference. IDA has no function here; the reviewed target bytes densely decode.
0x00439540,GameWindowView::GetTimestamp,282,exact,100.00,main-get-timestamp-fps,"Canonical artifact_kind=linked-pe unit cold-linked twice with pinned VC7.1 SP1 build6030 in the real FPS display caller context; complete 282-byte extent and all 30 linked fields replay zero-difference, including the target 0x14 aligned local frame."
0x00439660,MainGetTimestampUnlocked,152,exact,100.00,main-get-timestamp-unlocked,Canonical normal-COFF unit cold-built twice with pinned VC7.1 SP1 build6030; the complete 152-byte extent and all 14 timing/global/constant fields replay zero-difference.
0x00439730,GameWindowView::CreateGameWindow,341,exact,100.00,main-create-game-window,Canonical artifact_kind=linked-pe unit cold-linked twice with pinned VC7.1 SP1 build6030 using WindowProc as the same-TU entry; the complete 341-byte PDB-owned extent and all 20 DIR32 linkages replay zero-difference.
0x00439D20,GameWindowView::ResetRenderState,710,exact,100.00,main-reset-render-state,Canonical artifact_kind=coff unit cold-built twice with pinned VC7.1 SP1 build6030; all 710 bytes and all 34 DIR32 fields replay zero-difference. Production physical ownership remains unresolved.
0x0043A490,th10::leaf::Fn0043A490,14,exact,100.00,game-decomphelp-fulltu-0043a490,Canonical linked-PE replay of the complete DecomphelpLeafAccessors.cpp TU with pinned VC7.1 SP1 build6030; direct IDA boundary/tail review; raw bytes and complete PDB extent are zero-difference.
0x0043AEB0,MidiOutputView::UnprepareHeader,79,exact,100.00,midi-unprepare-header,Canonical linked-PE unit cold-built twice with pinned VC7.1 SP1 build6030 using maintained StopPlayback as the same-TU /GL entry; all 79 PDB-owned bytes and the midiOutUnprepareHeader DIR32 plus both _free REL32 fields replay zero-difference.
0x0043AF00,th10::leaf::Fn0043AF00,39,exact,100.00,game-decomphelp-fulltu-0043af00,Canonical linked-PE replay of the complete DecomphelpLeafAccessors.cpp TU with pinned VC7.1 SP1 build6030; direct IDA boundary/tail review; raw bytes and complete PDB extent are zero-difference.
0x0043B8C0,th10::leaf::Fn0043B8C0,1,exact,100.00,game-decomphelp-fulltu-0043b8c0,Canonical linked-PE replay of the complete DecomphelpLeafAccessors.cpp TU with pinned VC7.1 SP1 build6030; direct IDA boundary/tail review; raw bytes and complete PDB extent are zero-difference.
0x0043BBF0,th10::leaf::Fn0043BBF0,4,exact,100.00,game-decomphelp-fulltu-0043bbf0,Canonical linked-PE replay of the complete DecomphelpLeafAccessors.cpp TU with pinned VC7.1 SP1 build6030; direct IDA boundary/tail review; raw bytes and complete PDB extent are zero-difference.
0x0043BC00,th10::leaf::Fn0043BC00,4,exact,100.00,game-decomphelp-fulltu-0043bc00,Canonical linked-PE replay of the complete DecomphelpLeafAccessors.cpp TU with pinned VC7.1 SP1 build6030; direct IDA boundary/tail review; raw bytes and complete PDB extent are zero-difference.
0x0043BC10,th10::leaf::Fn0043BC10,4,exact,100.00,game-decomphelp-fulltu-0043bc10,Canonical linked-PE replay of the complete DecomphelpLeafAccessors.cpp TU with pinned VC7.1 SP1 build6030; direct IDA boundary/tail review; raw bytes and complete PDB extent are zero-difference.
0x0043BF90,th10::leaf::LeafIdentity0043BF90View::Get,3,exact,100.00,game-decomphelp-identity-0043bf90,Canonical linked-PE replay of the complete DecomphelpLeafAccessors.cpp TU with the member method as entry; direct IDA boundary review and raw bytes are zero-difference.
0x0043CB80,AnmRandomU32InRange,88,exact,100.00,anm-random-u32-in-range,Two independent canonical VC7.1 SP1 build6030 /GL /GS linked-PE cold builds under ExecuteScript with RandomMath.cpp support reproduce the complete 88-byte PDB contribution raw-equal; no linked fields. Original class and production TU remain unknown.
0x0043CBE0,th10::leaf::Fn0043CBE0,1,exact,100.00,game-decomphelp-fulltu-0043cbe0,Canonical linked-PE replay of the complete DecomphelpLeafAccessors.cpp TU with pinned VC7.1 SP1 build6030; direct IDA boundary/tail review; raw bytes and complete PDB extent are zero-difference.
0x0043CC30,th10::leaf::Fn0043CC30,13,exact,100.00,game-decomphelp-fulltu-0043cc30,Canonical linked-PE replay of the complete DecomphelpLeafAccessors.cpp TU with pinned VC7.1 SP1 build6030; direct IDA boundary/tail review; raw bytes and complete PDB extent are zero-difference.
0x0043D0F0,StartSoundLoadThread,34,exact,100.00,sound-start-load-thread,"Canonical normal-COFF unit cold-built twice with pinned VC7.1 SP1 build6030; the complete 34-byte body and four DIR32 fields replay zero-difference to g_MainSoundOwner, SoundDataLoaderThread, imported CreateThread, and the sound-loader thread HANDLE."
0x0043DC90,EnemySoundQueueView::QueueSoundSample,123,exact,100.00,enemy-sound-queue-sample,Canonical artifact_kind=linked-pe unit cold-replayed twice with pinned VC7.1 SP1 build6030 in the Enemy dispatcher /GL /GS entry context; the complete 123-byte PDB contribution and sound-metadata DIR32 field replay zero-difference.
0x0043DD10,EnemySoundQueueView::QueueSoundCue,149,exact,100.00,enemy-sound-queue-cue,Canonical artifact_kind=linked-pe unit cold-replayed twice with pinned VC7.1 SP1 build6030 in the Enemy dispatcher /GL /GS entry context; the complete 149-byte PDB contribution and all three declared linkage fields replay zero-difference.
0x0043E520,th10::leaf::Fn0043E520,7,exact,100.00,game-decomphelp-fulltu-0043e520,Canonical linked-PE replay of the complete DecomphelpLeafAccessors.cpp TU with pinned VC7.1 SP1 build6030; direct IDA boundary/tail review; raw bytes and complete PDB extent are zero-difference.
0x0043E530,th10::leaf::Fn0043E530,4,exact,100.00,game-decomphelp-fulltu-0043e530,Canonical linked-PE replay of the complete DecomphelpLeafAccessors.cpp TU with pinned VC7.1 SP1 build6030; direct IDA boundary/tail review; raw bytes and complete PDB extent are zero-difference.
0x0043E570,th10::leaf::Fn0043E570,1,exact,100.00,game-decomphelp-fulltu-0043e570,Canonical linked-PE replay of the complete DecomphelpLeafAccessors.cpp TU with pinned VC7.1 SP1 build6030; direct IDA boundary/tail review; raw bytes and complete PDB extent are zero-difference.
0x0043E580,th10::leaf::Fn0043E580,32,exact,100.00,game-decomphelp-fulltu-0043e580,Canonical linked-PE replay of the complete DecomphelpLeafAccessors.cpp TU with pinned VC7.1 SP1 build6030; direct IDA Pro MCP byte/tail review; raw bytes and complete PDB extent are zero-difference.
0x0043E5A0,AnmLoadedView::SetSprite,356,exact,100.00,anm-loaded-set-sprite,Canonical artifact_kind=linked-pe unit cold-built twice with pinned VC7.1 SP1 build6030 in the full ANM executor context; the complete 356-byte PDB extent and both shared 1/256 constant fields replay zero-difference.
0x0043E7E0,AnmLoadedView::SetAndExecuteScriptIndex,194,exact,100.00,anm-loaded-set-and-execute-script-index,"Canonical artifact_kind=linked-pe unit cold-built twice with pinned VC7.1 SP1 build6030 in the complete ANM executor context; the full PDB-owned extent and all three game-speed, ExecuteScript, and manager link fields replay zero-difference."
0x0043EAC0,AnmVmView::GetFloatVar,424,exact,100.00,anm-get-float-var,"Canonical artifact_kind=linked-pe unit cold-built twice with pinned VC7.1 SP1 build6030 in the real ANM executor context; the complete contribution and all 44 external, constant, global and self-relative jump-table fields replay zero-difference."
0x0043EC70,AnmVmView::GetIntVar,144,exact,100.00,anm-get-int-var,Canonical artifact_kind=linked-pe unit cold-built with pinned VC7.1 SP1 build6030; the complete 144-byte PDB contribution and all four __ftol2 branches plus eleven self-relative jump-table fields replay zero-difference.
0x0043ED00,AnmVmView::GetFloatVarPtr,156,exact,100.00,anm-get-float-var-ptr,Canonical artifact_kind=linked-pe unit cold-built with pinned VC7.1 SP1 build6030; the complete 156-byte PDB contribution and all fourteen __ftol2/self-relative jump-table fields replay zero-difference.
0x0043EDA0,AnmVmView::GetIntVarPtr,132,exact,100.00,anm-get-int-var-ptr,Canonical artifact_kind=linked-pe unit cold-built with pinned VC7.1 SP1 build6030; the complete 132-byte PDB contribution and all eleven self-relative jump-table fields replay zero-difference.
0x00441940,th10::leaf::Fn00441940,4,exact,100.00,game-decomphelp-fulltu-00441940,Canonical linked-PE replay of the complete DecomphelpLeafAccessors.cpp TU with pinned VC7.1 SP1 build6030; direct IDA boundary/tail review; raw bytes and complete PDB extent are zero-difference.
0x00441D60,th10::leaf::Fn00441D60,4,exact,100.00,game-decomphelp-fulltu-00441d60,Canonical linked-PE replay of the complete DecomphelpLeafAccessors.cpp TU with pinned VC7.1 SP1 build6030; direct IDA boundary/tail review; raw bytes and complete PDB extent are zero-difference.
0x00441E50,AnmInt3View::operator*,56,exact,100.00,anm-int3-scale,"Canonical artifact_kind=linked-pe unit recovered as a value-returning member operator; two cold VC7.1 SP1 ExecuteScript-context links reproduce all 56 bytes after replaying the three __ftol2 REL32 fields, with 16 same-context exact regressions preserved."
0x00441EF0,AnmScriptVectorView::FromAngleMagnitude,30,exact,100.00,anm-script-vector,Canonical linked-PE unit rebuilt in two separate pinned VC7.1 SP1 build6030 replays; all 30 relocation-free target bytes are raw-equal.
0x00441F50,AnmVmView::StartSecondaryAlphaInterpolation,116,exact,100.00,anm-start-secondary-alpha-interpolation,Canonical artifact_kind=linked-pe unit cold-built twice with pinned VC7.1 SP1 build6030 in the full ANM executor context; the complete 116-byte PDB extent and g_AnmGameSpeed DIR32 field replay zero-difference.
0x00441FD0,th10::leaf::Fn00441FD0,4,exact,100.00,game-decomphelp-fulltu-00441fd0,Canonical linked-PE replay of the complete DecomphelpLeafAccessors.cpp TU with pinned VC7.1 SP1 build6030; direct IDA boundary/tail review; raw bytes and complete PDB extent are zero-difference.
0x00441FE0,th10::leaf::Fn00441FE0,4,exact,100.00,game-decomphelp-fulltu-00441fe0,Canonical linked-PE replay of the complete DecomphelpLeafAccessors.cpp TU with pinned VC7.1 SP1 build6030; direct IDA boundary/tail review; raw bytes and complete PDB extent are zero-difference.
0x00441FF0,th10::leaf::Fn00441FF0,5,exact,100.00,game-decomphelp-fulltu-00441ff0,Canonical linked-PE replay of the complete DecomphelpLeafAccessors.cpp TU with pinned VC7.1 SP1 build6030; direct IDA boundary/tail review; raw bytes and complete PDB extent are zero-difference.
0x00442000,th10::leaf::Fn00442000,6,exact,100.00,game-decomphelp-fulltu-00442000,Canonical linked-PE replay of the complete DecomphelpLeafAccessors.cpp TU with pinned VC7.1 SP1 build6030; direct IDA boundary/tail review; raw bytes and complete PDB extent are zero-difference.
0x00442010,th10::leaf::Fn00442010,50,exact,100.00,game-decomphelp-fulltu-00442010,Canonical linked-PE replay of the complete DecomphelpLeafAccessors.cpp TU with pinned VC7.1 SP1 build6030; direct IDA Pro MCP byte/tail review; raw bytes and complete PDB extent are zero-difference.
0x00442050,AnmVmView::StartSecondaryColorInterpolation,208,exact,100.00,anm-start-secondary-color-interpolation,Canonical artifact_kind=linked-pe unit cold-built twice with pinned VC7.1 SP1 build6030 in the full ANM executor context; the complete 208-byte PDB extent and g_AnmGameSpeed DIR32 field replay zero-difference.
0x00442170,th10::leaf::Fn00442170,4,exact,100.00,game-decomphelp-fulltu-00442170,Canonical linked-PE replay of the complete DecomphelpLeafAccessors.cpp TU with pinned VC7.1 SP1 build6030; direct IDA boundary/tail review; raw bytes and complete PDB extent are zero-difference.
0x00442180,th10::leaf::Fn00442180,20,exact,100.00,game-decomphelp-fulltu-00442180,Canonical linked-PE replay of the complete DecomphelpLeafAccessors.cpp TU with pinned VC7.1 SP1 build6030; direct IDA Pro MCP byte/tail review; raw bytes and complete PDB extent are zero-difference.
0x004421E0,th10::leaf::Fn004421E0,50,exact,100.00,game-decomphelp-fulltu-004421e0,Canonical linked-PE replay of the complete DecomphelpLeafAccessors.cpp TU with pinned VC7.1 SP1 build6030; direct IDA Pro MCP byte/tail review; raw bytes and complete PDB extent are zero-difference.
0x00442220,AnmVmView::StartPrimaryColorInterpolation,208,exact,100.00,anm-start-primary-color-interpolation,Canonical artifact_kind=linked-pe unit cold-built twice with pinned VC7.1 SP1 build6030 in the full ANM executor context; the complete 208-byte PDB extent and g_AnmGameSpeed DIR32 field replay zero-difference.
0x00442390,th10::leaf::Fn00442390,6,exact,100.00,game-decomphelp-fulltu-00442390,Canonical linked-PE replay of the complete DecomphelpLeafAccessors.cpp TU with pinned VC7.1 SP1 build6030; direct IDA boundary/tail review; raw bytes and complete PDB extent are zero-difference.
0x004423A0,th10::leaf::Fn004423A0,6,exact,100.00,game-decomphelp-fulltu-004423a0,Canonical linked-PE replay of the complete DecomphelpLeafAccessors.cpp TU with pinned VC7.1 SP1 build6030; direct IDA boundary/tail review; raw bytes and complete PDB extent are zero-difference.
0x004423C0,MixAnmColor,25,exact,100.00,anm-mix-color,Canonical artifact_kind=linked-pe unit cold-built twice with pinned VC7.1 SP1 build6030 in the regular-text draw context; the complete PDB-owned extent is raw-equal and has no linked fields.
0x004423E0,AnmRenderManagerView::SetRenderStateForVm3D,440,exact,100.00,anm-render-set-state-for-vm-3d,"Canonical artifact_kind=linked-pe unit cold-built twice with pinned VC7.1 SP1 build6030; the complete 440-byte PDB extent and all eight linked fields replay zero-difference, including the MainSupervisorView +0x8 device field."
0x004425A0,AnmRenderManagerView::SetRenderStateForVm,201,exact,100.00,anm-render-set-state-for-vm,Canonical artifact_kind=linked-pe unit cold-built twice with pinned VC7.1 SP1 build6030; the complete PDB-owned extent and all six REL32/DIR32 fields replay zero-difference.
0x00442670,AnmRenderManagerView::DrawInner,1111,exact,100.00,anm-render-draw-inner,"Canonical artifact_kind=linked-pe unit cold-built twice with pinned VC7.1 SP1 build6030; the complete PDB-owned extent and all 91 shared-quad, constant, viewport, device, and helper fields replay zero-difference."
0x00442F30,AnmRenderManagerView::ClearVertexBuffer,29,exact,100.00,anm-render-clear-vertex-buffer,Canonical artifact_kind=linked-pe unit cold-built twice with pinned VC7.1 SP1 build6030 in the regular-text draw context; the complete PDB-owned extent is raw-equal and has no linked fields.
0x00442F50,AnmRenderManagerView::FlushVertexBuffer,133,exact,100.00,anm-render-flush-vertex-buffer,Canonical artifact_kind=linked-pe unit cold-built twice with pinned VC7.1 SP1 build6030 in the regular-text draw context; the complete PDB-owned extent and all four DIR32 D3D9-device fields replay zero-difference.
0x00442FE0,AnmRenderManagerView::AddSpriteToDrawBuffer,157,exact,100.00,anm-render-add-sprite-to-buffer,Canonical artifact_kind=linked-pe unit cold-built twice with pinned VC7.1 SP1 build6030 in the regular-text draw context; the complete PDB-owned extent is raw-equal and has no linked fields.
0x00443080,AnmRenderManagerView::DrawNoRotation,515,exact,100.00,anm-render-draw-no-rotation,"Canonical artifact_kind=linked-pe unit cold-built twice with pinned VC7.1 SP1 build6030; the complete PDB-owned extent and all 29 constant, floor, shared-quad, and DrawInner fields replay zero-difference."
0x00443290,AnmRenderManagerView::DrawNoRotationNoRound,486,exact,100.00,anm-render-draw-no-rotation-no-round,"Canonical artifact_kind=linked-pe unit cold-built twice with pinned VC7.1 SP1 build6030; the complete PDB-owned extent and all 29 constant, shared-quad, and DrawInner fields replay zero-difference."
0x00443680,AnmRenderManagerView::TranslateRotation,52,exact,100.00,anm-render-translate-rotation,Canonical artifact_kind=linked-pe unit cold-built twice with pinned VC7.1 SP1 build6030; all 52 PDB-owned bytes including the complete RET 24 replay zero-difference.
0x004436C0,AnmRenderManagerView::Draw2D,591,exact,100.00,anm-render-draw-2d,Canonical artifact_kind=linked-pe unit cold-built twice with pinned VC7.1 SP1 build6030; the complete 591-byte PDB extent and all 21 linked fields replay zero-difference.
0x00443910,AnmRenderManagerView::Draw2DRotatedOrAxisAligned,591,exact,100.00,anm-render-draw-2d-rotated-or-axis-aligned,Canonical artifact_kind=linked-pe unit cold-built twice with pinned VC7.1 SP1 build6030; the complete 591-byte PDB extent and all 21 linked fields replay zero-difference.
0x00443B60,AnmRenderManagerView::ProjectCameraFacingQuad,1047,exact,100.00,anm-render-project-camera-facing-quad,"Canonical artifact_kind=linked-pe unit cold-built with pinned VC7.1 SP1 build6030; the complete PDB-owned extent and all 25 viewport, D3DX, float-constant, and shared-quad fields replay zero-difference."
0x00443F80,AnmRenderManagerView::DrawCameraFacingQuad,33,exact,100.00,anm-render-draw-camera-facing-quad,Canonical artifact_kind=linked-pe unit cold-built with pinned VC7.1 SP1 build6030; the complete PDB-owned extent and both ProjectCameraFacingQuad/DrawInner REL32 fields replay zero-difference.
0x00444240,AnmRenderManagerView::Project3DQuad,818,exact,100.00,anm-render-project-3d-quad,"Canonical artifact_kind=linked-pe unit cold-built with pinned VC7.1 SP1 build6030; the complete PDB-owned extent and all 21 matrix-helper, viewport, shared-quad, D3DX, and double-zero fields replay zero-difference."
0x00444580,AnmRenderManagerView::DrawProjected3DQuad,60,exact,100.00,anm-render-draw-projected-3d-quad,"Canonical artifact_kind=linked-pe unit cold-built with pinned VC7.1 SP1 build6030 in a real two-VM draw-caller context; the complete PDB-owned extent and all six Project3DQuad, DrawInner, and shared-RHW fields replay zero-difference."
0x004445C0,AnmRenderManagerView::DrawMode7,402,exact,100.00,anm-render-draw-mode-7,"Canonical artifact_kind=linked-pe unit cold-built twice with pinned VC7.1 SP1 build6030 in the real two-VM draw-caller context; the complete PDB-owned extent and all 24 projection, transform, photo-blend, conversion, loop-bound, DrawInner, and shared-RHW fields replay zero-difference."
0x00444760,AnmRenderManagerView::Draw3D,929,exact,100.00,anm-render-draw-3d,"Canonical artifact_kind=linked-pe unit cold-built twice with pinned VC7.1 SP1 build6030; the complete 929-byte PDB extent and all 25 linked fields replay zero-difference, including the MainSupervisorView +0x8 device field."
0x00444B10,AnmRenderManagerView::InitializeHorizontalTextureStrip,201,exact,100.00,anm-initialize-horizontal-texture-strip,Canonical artifact_kind=linked-pe unit cold-built with pinned VC7.1 SP1 build6030 in the real ANM draw context; the complete relocation-free PDB contribution replays zero-difference.
0x00444BE0,AnmRenderManagerView::InitializeVerticalTextureStrip,201,exact,100.00,anm-initialize-vertical-texture-strip,Canonical artifact_kind=linked-pe unit cold-built with pinned VC7.1 SP1 build6030 in the real ANM draw context; the complete relocation-free PDB contribution replays zero-difference.
0x00444CB0,AnmRenderManagerView::SetGeneratedVertexColor,34,exact,100.00,anm-set-generated-vertex-color,Canonical artifact_kind=linked-pe unit cold-built with pinned VC7.1 SP1 build6030 in the real ANM draw context; the complete relocation-free PDB contribution replays zero-difference.
0x00444CE0,AnmRenderManagerView::DrawGeneratedVertices,224,exact,100.00,anm-render-draw-generated-vertices,"Canonical artifact_kind=linked-pe unit cold-built twice with pinned VC7.1 SP1 build6030; the complete 224-byte PDB extent and all seven linked fields replay zero-difference, including the MainSupervisorView +0x8 texture-bind field."
0x00444DC0,AnmRenderManagerView::QueueSpriteQuad,145,exact,100.00,anm-render-queue-sprite-quad,Canonical artifact_kind=linked-pe unit cold-built twice with pinned VC7.1 SP1 build6030; the complete 145-byte PDB extent and all five linked fields replay zero-difference.
0x00444E60,AnmRenderManagerView::DrawUntexturedTriangleStrip,315,exact,100.00,anm-render-draw-untextured-triangle-strip,Canonical artifact_kind=linked-pe unit cold-built twice with pinned VC7.1 SP1 build6030; the complete 315-byte PDB extent and all sixteen linked fields replay zero-difference.
0x00444FA0,AnmRenderManagerView::DrawUntexturedTriangleFan,315,exact,100.00,anm-render-draw-untextured-triangle-fan,Canonical artifact_kind=linked-pe unit cold-built twice with pinned VC7.1 SP1 build6030; the complete 315-byte PDB extent and all sixteen linked fields replay zero-difference.
0x004450E0,AnmRenderManagerView::DrawTexturedTriangleFan,211,exact,100.00,anm-render-draw-textured-triangle-fan,"Canonical artifact_kind=linked-pe unit cold-built twice with pinned VC7.1 SP1 build6030; the complete 211-byte PDB extent and all ten linked fields replay zero-difference, including the MainSupervisorView +0x8 texture-bind field."
0x004451C0,AnmRenderManagerView::Draw,216,exact,100.00,anm-render-draw,"Canonical artifact_kind=linked-pe unit cold-built twice with pinned VC7.1 SP1 build6030; the complete 216-byte PDB extent, three-byte alignment instruction, ten-entry absolute jump table, and all 21 linked fields replay zero-difference."
0x004452E0,th10::leaf::Fn004452E0,10,exact,100.00,game-decomphelp-fulltu-004452e0,"Canonical linked-PE replay of the complete decomphelp leaf TU; direct IDA body review and the complete PDB extent are raw-equal."
0x00445620,UpdatePulsingRadialTrail,598,exact,100.00,anm-update-pulsing-radial-trail,Canonical normal-COFF unit cold-built twice with pinned VC7.1 SP1 build6030; all 598 bytes and all 18 constant/helper relocations replay zero-difference after restoring four independent wrap-loop counter lifetimes.
0x00445880,DrawPulsingRadialTrail,25,exact,100.00,anm-draw-pulsing-radial-trail,Canonical artifact_kind=linked-pe unit cold-built with pinned VC7.1 SP1 build6030 in the radial-trail initializer context; the complete PDB extent and both DIR32/REL32 fields replay zero-difference.
0x004458A0,th10::leaf::Fn004458A0,7,exact,100.00,game-decomphelp-fulltu-004458a0,"Canonical linked-PE replay of the complete decomphelp leaf TU; direct IDA body review and the complete PDB extent are raw-equal."
0x004458B0,AnmFloat3View::FromAngleMagnitude,30,exact,100.00,anm-float3-from-angle-magnitude,Canonical artifact_kind=linked-pe unit cold-built with pinned VC7.1 SP1 build6030 in the radial-trail initializer context; all 30 relocation-free PDB-owned bytes replay zero-difference.
0x004458D0,th10::leaf::LeafIdentity004458D0View::Get,3,exact,100.00,game-decomphelp-identity-004458d0,Canonical linked-PE replay of the complete DecomphelpLeafAccessors.cpp TU with the member method as entry; direct IDA boundary review and raw bytes are zero-difference.
0x004458E0,th10::leaf::LeafIdentity004458E0View::Get,3,exact,100.00,game-decomphelp-identity-004458e0,Canonical linked-PE replay of the complete DecomphelpLeafAccessors.cpp TU with the member method as entry; direct IDA boundary review and raw bytes are zero-difference.
0x004458F0,th10::leaf::LeafIdentity004458F0View::Get,3,exact,100.00,game-decomphelp-identity-004458f0,Canonical linked-PE replay of the complete DecomphelpLeafAccessors.cpp TU with the member method as entry; direct IDA boundary review and raw bytes are zero-difference.
0x00446210,th10::leaf::LeafIdentity00446210View::Get,3,exact,100.00,game-decomphelp-identity-00446210,Canonical linked-PE replay of the complete DecomphelpLeafAccessors.cpp TU with the member method as entry; direct IDA boundary review and raw bytes are zero-difference.
0x00446EB0,AnmRenderManagerView::CreateTextureFromFile,132,exact,100.00,anm-resource-create-texture-from-file,Canonical artifact_kind=linked-pe unit cold-built with pinned VC7.1 SP1 build6030; the complete 132-byte PDB-owned extent and all 7 declared linked fields replay zero-difference.
0x00446F40,AnmRenderManagerView::CreateTextureFromAnm,264,exact,100.00,anm-resource-create-texture-from-anm,Canonical artifact_kind=linked-pe unit cold-built twice with pinned VC7.1 SP1 build6030 in the ANM resource pipeline; the complete 264-byte PDB extent and all nine linked fields replay zero-difference.
0x00447050,AnmRenderManagerView::CreateEmptyTexture,41,exact,100.00,anm-resource-create-empty-texture,Canonical artifact_kind=linked-pe unit cold-built with pinned VC7.1 SP1 build6030; the complete 41-byte PDB-owned extent and all 4 declared linked fields replay zero-difference.
0x00447080,AnmRenderManagerView::LoadAnm,50,exact,100.00,anm-resource-load-anm,Canonical artifact_kind=linked-pe unit cold-built with pinned VC7.1 SP1 build6030; the complete 50-byte PDB-owned extent and all 2 declared linked fields replay zero-difference.
0x00447280,AnmRenderManagerView::PreloadAnm,81,exact,100.00,anm-manager-preload-anm,Canonical artifact_kind=linked-pe unit cold-built twice with pinned VC7.1 SP1 build6030 through the same-TU AsciiManagerView::Initialize entry; both builds reproduce the complete 81-byte PDB extent and all three declared linked fields with zero differences.
0x004473C0,AnmRenderManagerView::PostloadAnmEntry,174,exact,100.00,anm-resource-postload-entry,Canonical artifact_kind=linked-pe unit cold-built with pinned VC7.1 SP1 build6030; the complete 174-byte PDB-owned extent and all 1 declared linked fields replay zero-difference.
0x00447940,AnmLoadedView::LoadSprite,143,exact,100.00,anm-resource-load-sprite,Canonical artifact_kind=linked-pe unit cold-built with pinned VC7.1 SP1 build6030; the complete relocation-free 143-byte PDB-owned extent replays zero-difference.
0x004479D0,AnmRenderManagerView::DrawTextInner,127,exact,100.00,anm-text-inner-gs,Canonical /GS linked-PE unit cold-built twice with pinned VC7.1 SP1 build6030; the complete 127-byte PDB-owned extent and all 6 declared linked fields replay zero-difference.
0x00447A50,AnmRenderManagerView::DrawTextLeft,141,exact,100.00,anm-text-left-gs,Canonical /GS linked-PE unit cold-built twice with pinned VC7.1 SP1 build6030; the complete 141-byte PDB-owned extent and all 4 declared linked fields replay zero-difference.
0x00447AE0,AnmRenderManagerView::DrawTextRight,204,exact,100.00,anm-text-right-gs,Canonical /GS linked-PE unit cold-built twice with pinned VC7.1 SP1 build6030; the complete 204-byte PDB-owned extent and all 6 declared linked fields replay zero-difference.
0x00447BB0,AnmRenderManagerView::DrawTextCentered,194,exact,100.00,anm-text-centered-gs,Canonical /GS linked-PE unit cold-built twice with pinned VC7.1 SP1 build6030; the complete 194-byte PDB-owned extent and all 5 declared linked fields replay zero-difference.
0x00447F70,AnmRenderManagerView::ReleaseSurface,87,exact,100.00,anm-surface-release,Canonical /GS linked-PE unit cold-built twice with pinned VC7.1 SP1 build6030; the complete 87-byte PDB-owned extent and its sole declared linked field replay zero-difference.
0x00448450,AnmRenderManagerView::CaptureToSurface,379,exact,100.00,anm-surface-capture-to-surface,"Canonical artifact_kind=linked-pe unit cold-built twice with pinned VC7.1 SP1 build6030; the complete 379-byte PDB extent and all 11 Supervisor, D3DX and internal-call fields replay zero-difference."
0x00448860,AnmRenderManagerView::UpdatePrimaryVms,149,exact,100.00,anm-manager-update-primary-vms,Canonical artifact_kind=linked-pe unit cold-built twice with pinned VC7.1 SP1 build6030 in the complete ANM executor context; the complete 149-byte PDB extent and both RemoveVm plus ExecuteScript REL32 fields replay zero-difference.
0x00448900,AnmRenderManagerView::UpdateSecondaryVms,123,exact,100.00,anm-manager-update-secondary-vms,Canonical artifact_kind=linked-pe unit cold-built twice with pinned VC7.1 SP1 build6030 in the complete ANM executor context; the complete 123-byte PDB extent and both RemoveVm plus ExecuteScript REL32 fields replay zero-difference.
0x00448980,AnmRenderManagerView::DrawLayer,67,exact,100.00,anm-manager-draw-layer,Canonical artifact_kind=linked-pe unit cold-built twice with pinned VC7.1 SP1 build6030 in the complete ANM executor context; the complete 67-byte PDB extent and its Draw REL32 field replay zero-difference.
0x004489D0,AnmRenderManagerView::AddVmVariant0,118,exact,100.00,anm-manager-add-vm-primary-tail,Canonical artifact_kind=linked-pe unit cold-built twice with pinned VC7.1 SP1 build6030 in the complete ANM executor context; all 118 relocation-free PDB-owned bytes replay zero-difference.
0x00448A50,AnmRenderManagerView::AddVmVariant2,112,exact,100.00,anm-manager-add-vm-primary-head,Canonical artifact_kind=linked-pe unit cold-built twice with pinned VC7.1 SP1 build6030 in the complete ANM executor context; all 112 relocation-free PDB-owned bytes replay zero-difference.
0x00448AC0,AnmRenderManagerView::AddVmVariant1,118,exact,100.00,anm-manager-add-vm-secondary-tail,Canonical artifact_kind=linked-pe unit cold-built twice with pinned VC7.1 SP1 build6030 in the complete ANM executor context; all 118 relocation-free PDB-owned bytes replay zero-difference.
0x00448B40,AnmRenderManagerView::AddVmVariant3,112,exact,100.00,anm-manager-add-vm-secondary-head,Canonical artifact_kind=linked-pe unit cold-built twice with pinned VC7.1 SP1 build6030 in the complete ANM executor context; all 112 relocation-free PDB-owned bytes replay zero-difference.
0x00448BB0,AnmRenderManagerView::RemoveVm,268,exact,100.00,anm-manager-remove-vm,"Canonical artifact_kind=linked-pe unit cold-built twice with pinned VC7.1 SP1 build6030 in the complete ANM executor context; the complete 268-byte PDB extent and all four free, Initialize, and operator-delete REL32 fields replay zero-difference."
0x00448D00,AnmLoadedView::CreateVmVariant0,73,exact,100.00,anm-loaded-create-vm-variant0,Canonical artifact_kind=linked-pe unit cold-built twice with pinned VC7.1 SP1 build6030 in the same-TU Variant0/ExecuteScript plus split-InitializeVm context; the complete 73-byte primary-TU PDB extent and all five declared linked fields replay zero-difference.
0x00448D50,AnmLoadedView::CreateVmAtScreenVariant0,95,exact,100.00,anm-create-vm-screen-variant0,Canonical linked-PE unit cold-built twice with pinned VC7.1 SP1 build6030 under the AnmVmView::Initialize /GL context; the complete 95-byte PDB contribution and all five DIR32/REL32 fields replay zero-difference.
0x00448E30,AnmLoadedView::CreateVmVariant2,73,exact,100.00,anm-loaded-create-vm-variant2,Canonical artifact_kind=linked-pe unit cold-built twice with pinned VC7.1 SP1 build6030 in the Variant0-same-TU / InitializeVm-split ExecuteScript context; the complete 73-byte PDB extent and all five declared linked fields replay zero-difference.
0x00448E80,AnmLoadedView::CreateVmAtScreenVariant2,95,exact,100.00,anm-create-vm-screen-variant2,Canonical linked-PE unit cold-built twice with pinned VC7.1 SP1 build6030 under the AnmVmView::Initialize /GL context; the complete 95-byte PDB contribution and all five DIR32/REL32 fields replay zero-difference.
0x00448F60,AnmLoadedView::CreateVmVariant1,73,exact,100.00,anm-loaded-create-vm-variant1,Canonical artifact_kind=linked-pe unit cold-built twice with pinned VC7.1 SP1 build6030 in the Variant0-same-TU / InitializeVm-split ExecuteScript context; the complete 73-byte PDB extent and all five declared linked fields replay zero-difference.
0x00448FB0,AnmLoadedView::CreateVmAtScreenVariant1,95,exact,100.00,anm-create-vm-screen-variant1,Canonical linked-PE unit cold-built twice with pinned VC7.1 SP1 build6030 under the AnmVmView::Initialize /GL context; the complete 95-byte PDB contribution and all five DIR32/REL32 fields replay zero-difference.
0x00449090,AnmLoadedView::CreateVmVariant3,73,exact,100.00,anm-loaded-create-vm-variant3,Canonical artifact_kind=linked-pe unit cold-built twice with pinned VC7.1 SP1 build6030 in the Variant0-same-TU / InitializeVm-split ExecuteScript context; the complete 73-byte PDB extent and all five declared linked fields replay zero-difference.
0x004490E0,AnmLoadedView::CreateVmAtScreenVariant3,95,exact,100.00,anm-create-vm-screen-variant3,Canonical linked-PE unit cold-built twice with pinned VC7.1 SP1 build6030 under the AnmVmView::Initialize /GL context; the complete 95-byte PDB contribution and all five DIR32/REL32 fields replay zero-difference.
0x004491C0,AnmRenderManagerView::FindVm,73,exact,100.00,anm-manager-find-vm,Canonical artifact_kind=linked-pe unit cold-built twice with pinned VC7.1 SP1 build6030 using MarkVmForDeletion as the real LTCG entry; the complete 73-byte PDB contribution is decoded and raw-equal with no link fields.
0x00449210,AnmRenderManagerView::SetVmPendingInterrupt,54,exact,100.00,anm-manager-set-vm-pending-interrupt,Canonical artifact_kind=linked-pe unit cold-built with pinned VC7.1 SP1 build6030 using ServicePreloadedAnms as the real same-TU LTCG entry; the complete 54-byte PDB contribution and sole FindVm REL32 field replay zero-difference.
0x00449250,AnmRenderManagerView::SetVmPendingInterruptAndExecute,76,exact,100.00,anm-manager-set-vm-pending-interrupt-and-execute,Canonical artifact_kind=linked-pe unit cold-built with pinned VC7.1 SP1 build6030 using ServicePreloadedAnms as the real same-TU LTCG entry; the complete 76-byte PDB contribution and FindVm plus two ExecuteScript REL32 fields replay zero-difference.
0x004492A0,AnmRenderManagerView::MarkVmForDeletion,66,exact,100.00,anm-manager-mark-vm-for-deletion,Canonical artifact_kind=coff unit cold-built twice with pinned VC7.1 SP1 build6030; all 66 bytes and the sole FindVm REL32 relocation replay zero-difference.
0x004492F0,AnmRenderManagerView::SetVmPosition,90,exact,100.00,anm-manager-set-vm-position,Canonical artifact_kind=linked-pe unit cold-built with pinned VC7.1 SP1 build6030 using ServicePreloadedAnms as the real same-TU LTCG entry; the complete 90-byte PDB contribution and sole FindVm REL32 field replay zero-difference.
0x00449350,AnmRenderManagerView::SetVmWorldPosition,111,exact,100.00,anm-manager-set-vm-world-position,Canonical artifact_kind=linked-pe unit cold-built with pinned VC7.1 SP1 build6030 using ServicePreloadedAnms as the real same-TU LTCG entry; the complete 111-byte PDB contribution and FindVm plus four floating-constant DIR32 fields replay zero-difference.
0x004493C0,AnmRenderManagerView::GetVmPosition,27,exact,100.00,anm-manager-get-vm-position,Canonical artifact_kind=coff unit cold-built twice with pinned VC7.1 SP1 build6030; all 27 bytes and the sole FindVm REL32 relocation replay zero-difference.
0x004493E0,AnmRenderManagerView::MarkLoadedVmsForDeletion,92,exact,100.00,anm-manager-mark-loaded-vms-for-deletion,Canonical artifact_kind=linked-pe unit cold-built with pinned VC7.1 SP1 build6030 using AnmLoadedView::Release as the real same-TU LTCG entry; the complete 92-byte PDB contribution is relocation-free and replays zero-difference.
0x00449450,AnmVmIdView::GetVm,21,exact,100.00,anm-vm-id-get-vm,Two cold linked-PE builds with ExecuteScript as the real LTCG caller reproduce the full 21-byte PDB contribution and both declared linkage fields.
0x00449470,AnmVmIdView::SetInterrupt,65,exact,100.00,anm-vm-id-set-interrupt,Two cold linked-PE builds with UpdateDifficulty as the LTCG entry and FrontEnd and GUI caller sources reproduce the full 65-byte PDB contribution and both declared linkage fields.
0x00449590,AnmVmIdView::SetFlag2,67,exact,100.00,anm-vm-id-set-flag2,Two cold linked-PE builds with DispatchEclInstruction as the real LTCG caller reproduce the full 67-byte PDB contribution and both declared linkage fields.
0x004495E0,AnmVmIdView::ClearFlag2,67,exact,100.00,anm-vm-id-clear-flag2,Two cold linked-PE builds with DispatchEclInstruction as the real LTCG caller reproduce the full 67-byte PDB contribution and both declared linkage fields.
0x00449630,AnmVmIdView::Release,21,exact,100.00,anm-vm-id-release,Two cold linked-PE builds with DispatchEclInstruction as the real LTCG caller reproduce the full 21-byte PDB contribution and both declared linkage fields.
0x00449670,AnmVmIdView::SetSprite,36,exact,100.00,anm-vm-id-set-sprite-own,Canonical linked-PE unit under real GuiMessageVmView::Run context reproduces all 36 bytes and all three linkage fields zero-difference.
0x004496A0,AnmVmIdView::SetSpriteWithAnm,34,exact,100.00,anm-vm-id-set-sprite-explicit,Canonical linked-PE unit under real GuiMessageVmView::Run context reproduces all 34 bytes and all three linkage fields zero-difference.
0x004496D0,AnmSetVmScriptIndexAndExecute,36,exact,100.00,anm-set-vm-script-index-and-execute,Canonical linked-PE unit under real EnemyRuntimeUpdate /GL context reproduces the complete 36-byte contribution and all three g_AnmRenderManagerView/FindVm/SetAndExecuteScriptIdx linkage fields zero-difference.
0x00449860,th10::leaf::Fn00449860,10,exact,100.00,game-decomphelp-fulltu-00449860,Canonical linked-PE replay of the complete DecomphelpLeafAccessors.cpp TU with pinned VC7.1 SP1 build6030; direct IDA Pro MCP bytes and complete PDB extent are zero-difference.
0x00449A20,th10::leaf::Fn00449A20,8,exact,100.00,game-decomphelp-fulltu-00449a20,Canonical linked-PE replay of the complete DecomphelpLeafAccessors.cpp TU with pinned VC7.1 SP1 build6030; direct IDA boundary/tail review; raw bytes and complete PDB extent are zero-difference.
0x00449A30,th10::leaf::Fn00449A30,16,exact,100.00,game-decomphelp-fulltu-00449a30,Canonical linked-PE replay of the complete DecomphelpLeafAccessors.cpp TU with pinned VC7.1 SP1 build6030; direct IDA Pro MCP byte/tail review; raw bytes and complete PDB extent are zero-difference.
0x00449E50,Chain::RemoveAllFromList,82,exact,100.00,decomphelp-chain-remove-all,Canonical artifact_kind=linked-pe unit cold-built twice with pinned VC7.1 SP1 build6030 from natural C++ recovered from the external decomphelp Chain.cpp candidate; declaring the target-observed callee-clean __stdcall shape yields the complete 82-byte PDB extent. The seven Enter/LeaveCriticalSection; chain-global; and UnregisterElem linkages replay zero-difference; direct IDA confirms the RET 4 list-cleanup boundary.
0x00449F60,Chain::UnregisterElem,114,exact,100.00,decomphelp-chain-unregister,Canonical artifact_kind=linked-pe unit cold-built with pinned VC7.1 SP1 build6030 from natural C++ recovered from the external decomphelp Chain.cpp candidate; the complete PDB extent is exact under the AllocElem entry context and its sole free REL32 field replays to target j__free at 0x004524A1. Direct IDA review confirms the target list-search/unlink/free body and reviewed 114-byte boundary.
0x0044B7E0,FileSystem::CloseWriteFile,37,exact,100.00,file-system-close-write-file,Two cold pinned VC7.1 SP1 normal-COFF builds reproduce the complete 37-byte extent and all five DIR32 relocations with zero differences.
0x0044B810,GameErrorContext::Log,201,exact,100.00,decomphelp-game-error-log,Canonical artifact_kind=linked-pe unit cold-built twice with pinned VC7.1 SP1 build6030 from natural C++ adapted from the external decomphelp GameErrorContext.cpp. Direct IDA confirms the complete /GS log body and all twelve declared linkage fields replay zero-difference under the target-observed Fatal entry context; the target critical section addend is +0x48 from g_CriticalSections.
0x0044B8E0,GameErrorContext::Fatal,201,exact,100.00,decomphelp-game-error-fatal,Canonical artifact_kind=linked-pe unit cold-built twice with pinned VC7.1 SP1 build6030 from natural C++ adapted from the external decomphelp GameErrorContext.cpp. Direct IDA confirms the complete /GS fatal body with the target-private EDI receiver; m_Fatal store and format-pointer return; the eleven declared linkage fields replay zero-difference under a natural same-TU entry context.
0x0044B9B0,RngView::GetRandomU16,39,exact,100.00,rng-get-random-u16,Canonical artifact_kind=coff unit cold-built with pinned VC7.1 SP1 build6030; all 39 relocation-free bytes replay zero-difference.
0x0044B9E0,RngView::GetRandomU32,78,exact,100.00,rng-get-random-u32,Canonical artifact_kind=coff unit cold-built with pinned VC7.1 SP1 build6030; all 78 relocation-free bytes replay zero-difference.
0x0044BB20,RngView::GetRandomF32,109,exact,100.00,rng-get-random-f32,Canonical artifact_kind=coff unit cold-built with pinned VC7.1 SP1 build6030; the complete body and both DIR32 constant fields replay zero-difference.
0x0044BB90,RngView::GetRandomF32Signed,115,exact,100.00,rng-get-random-f32-signed,Canonical artifact_kind=coff unit cold-built with pinned VC7.1 SP1 build6030; the complete body and all three DIR32 constant fields replay zero-difference.
0x0044BC10,AddNormalizeAngle,94,exact,100.00,anm-add-normalize-angle,Canonical artifact_kind=linked-pe unit cold-built twice with pinned VC7.1 SP1 build6030 in the full ANM executor context; the complete 94-byte PDB extent and all six float-constant DIR32 fields replay zero-difference.
0x0044BC70,EnemyWrapAngle,94,exact,100.00,enemy-wrap-angle,Canonical normal-COFF unit cold-built twice with pinned VC7.1 SP1 build6030; the complete 94-byte extent and all six float-constant DIR32 fields replay zero-difference.
0x0044BE20,FrontEndCursorView::Push,66,exact,100.00,frontend-cursor-push,Canonical artifact_kind=linked-pe unit cold-built twice with pinned VC7.1 SP1 build6030 under the real FrontEndControllerView::UpdateDifficulty /GL entry; the complete relocation-free 66-byte PDB contribution replays raw-equal.
0x0044BE70,FrontEndCursorView::Pop,47,exact,100.00,frontend-cursor-pop,Canonical artifact_kind=linked-pe unit cold-built twice with pinned VC7.1 SP1 build6030 under the real FrontEndControllerView::UpdateDifficulty /GL entry; the complete relocation-free 47-byte PDB contribution replays raw-equal.
0x0044BEA0,FrontEndCursorView::Move,128,exact,100.00,frontend-cursor-move,"Canonical artifact_kind=linked-pe unit cold-built with pinned VC7.1 SP1 build6030 under the real FrontEndControllerView::UpdateDifficulty /GL entry; after restoring the target-proven count<=0 early return, the complete relocation-free 128-byte PDB contribution replays raw-equal."
0x0044BF40,AnmVmTimerView::Add,88,exact,100.00,anm-vm-timer-add,Canonical artifact_kind=linked-pe unit cold-built twice with pinned VC7.1 SP1 build6030 in the full ANM executor context; the complete 88-byte PDB extent and two constants plus two __ftol2 REL32 fields replay zero-difference.
0x0044BFF0,th10::leaf::Fn0044BFF0,6,exact,100.00,game-decomphelp-fulltu-0044bff0,Canonical linked-PE replay of the complete DecomphelpLeafAccessors.cpp TU with pinned VC7.1 SP1 build6030; direct IDA Pro MCP bytes and complete PDB extent are zero-difference.
0x0044C0E0,th10::leaf::Fn0044C0E0,21,exact,100.00,game-decomphelp-fulltu-0044c0e0,Canonical linked-PE replay of the complete DecomphelpLeafAccessors.cpp TU with pinned VC7.1 SP1 build6030; direct IDA boundary/tail review; raw bytes and complete PDB extent are zero-difference.
0x0044C250,th10::leaf::Fn0044C250,4,exact,100.00,game-decomphelp-fulltu-0044c250,Canonical linked-PE replay of the complete DecomphelpLeafAccessors.cpp TU with pinned VC7.1 SP1 build6030; direct IDA boundary/tail review; raw bytes and complete PDB extent are zero-difference.
0x0044C5D0,EnemyRuntimeVectorView::FromAngleMagnitude,30,exact,100.00,enemy-runtime-vector,Canonical linked-PE unit rebuilt in two separate pinned VC7.1 SP1 build6030 replays; all 30 relocation-free target bytes are raw-equal.
0x0044C600,th10::leaf::Fn0044C600,4,exact,100.00,game-decomphelp-fulltu-0044c600,Canonical linked-PE replay of the complete DecomphelpLeafAccessors.cpp TU with pinned VC7.1 SP1 build6030; direct IDA boundary/tail review; raw bytes and complete PDB extent are zero-difference.
0x0044C610,th10::leaf::Fn0044C610,1,exact,100.00,game-decomphelp-fulltu-0044c610,Canonical linked-PE replay of the complete DecomphelpLeafAccessors.cpp TU with pinned VC7.1 SP1 build6030; direct IDA boundary/tail review; raw bytes and complete PDB extent are zero-difference.
0x0044C620,th10::leaf::Fn0044C620,14,exact,100.00,game-decomphelp-fulltu-0044c620,Canonical linked-PE replay of the complete DecomphelpLeafAccessors.cpp TU with pinned VC7.1 SP1 build6030; direct IDA boundary/tail review; raw bytes and complete PDB extent are zero-difference.
0x0044C640,th10::leaf::Fn0044C640,17,exact,100.00,game-decomphelp-fulltu-0044c640,Canonical linked-PE replay of the complete DecomphelpLeafAccessors.cpp TU with pinned VC7.1 SP1 build6030; direct IDA Pro MCP byte/tail review; raw bytes and complete PDB extent are zero-difference.
0x0044C660,th10::leaf::Fn0044C660,1,exact,100.00,game-decomphelp-fulltu-0044c660,Canonical linked-PE replay of the complete DecomphelpLeafAccessors.cpp TU with pinned VC7.1 SP1 build6030; direct IDA Pro MCP byte/tail review; raw bytes and complete PDB extent are zero-difference.
0x0044C6D0,th10::leaf::Fn0044C6D0,12,exact,100.00,game-decomphelp-fulltu-0044c6d0,Canonical linked-PE replay of the complete DecomphelpLeafAccessors.cpp TU with pinned VC7.1 SP1 build6030; direct IDA Pro MCP byte/tail review; raw bytes and complete PDB extent are zero-difference.
0x0044C760,th10::leaf::Fn0044C760,7,exact,100.00,game-decomphelp-fulltu-0044c760,Canonical linked-PE replay of the complete DecomphelpLeafAccessors.cpp TU with pinned VC7.1 SP1 build6030; direct IDA Pro MCP bytes and complete PDB extent are zero-difference.
0x0044D080,CSound::~CSound,136,exact,100.00,zwave-csound-destructor,"Canonical artifact_kind=coff unit reproduces the complete 136-byte target body with CSound vtable DIR32, two operator-delete REL32 fields, and imported CloseHandle DIR32 resolved exactly."
0x0044D300,CSound::RestoreBuffer,98,exact,100.00,zwave-csound-restore-buffer,Canonical linked-PE unit uses CSound::Play as the real /GL entry; two independent cold VC7.1 SP1 replays reproduce the complete 98-byte contribution with the sole Sleep IAT DIR32 field zero-difference.
0x0044D370,CSound::GetFreeBuffer,103,exact,100.00,zwave-csound-get-free-buffer,Canonical linked-PE unit uses CSound::Play as the real /GL entry; two independent cold VC7.1 SP1 replays reproduce the complete 103-byte contribution with the sole rand REL32 field zero-difference.
0x0044D440,CSound::Play,145,exact,100.00,zwave-csound-play,"Canonical linked-PE unit uses natural source-local ProbePlayRoot to recover the target private EAX receiver; two independent cold VC7.1 SP1 replays reproduce the complete 145-byte contribution and all five GetFreeBuffer/RestoreBuffer/FillBufferWithSound/Reset/SetVolume REL32 fields with zero differences."
0x0044D4E0,CSound::SetVolume,106,exact,100.00,zwave-csound-set-volume,"Canonical linked-PE unit uses CSound::Play as the real /GL entry; two independent cold VC7.1 SP1 replays reproduce the complete 106-byte PDB contribution with two BGM-volume DIR32, three float-constant DIR32 and one __ftol2 REL32 field zero-difference."
0x0044D550,CSound::Stop,82,exact,100.00,zwave-csound-stop,Canonical linked-PE unit uses SoundPlayerView::StopBgm as the real /GL entry with ZWave support; two independent cold VC7.1 SP1 builds reproduce the complete relocation-free 82-byte PDB contribution raw-equal.
0x0044D5B0,CSound::Pause,29,exact,100.00,zwave-csound-pause,Canonical artifact_kind=coff unit cold-built with pinned VC7.1 SP1 build6030; the complete 29-byte relocation-free COMDAT reproduces target 0x0044D5B0-0x0044D5CC raw-equal.
0x0044D5D0,CSound::Unpause,41,exact,100.00,zwave-csound-unpause,Canonical artifact_kind=linked-pe unit cold-built with pinned VC7.1 SP1 build6030 in the real CSound::Play /GL caller context; the complete 41-byte extent reproduces target 0x0044D5D0-0x0044D5F8 raw-equal with no linked fields.
0x0044D600,CSound::Reset,61,exact,100.00,zwave-csound-reset,Canonical linked-PE unit uses CSound::Play as the real /GL entry; independent cold VC7.1 SP1 replays reproduce the complete relocation-free 61-byte contribution raw-equal.
0x0044D730,CStreamingSound::~CStreamingSound,11,exact,100.00,zwave-streaming-sound-destructor,Canonical artifact_kind=coff unit reproduces the complete 11-byte target body with the CStreamingSound vtable DIR32 and CSound destructor REL32 fields resolved to 0x004705D4 and 0x0044D080.
0x0044DBB0,th10::leaf::Fn0044DBB0,17,exact,100.00,game-decomphelp-fulltu-0044dbb0,Canonical linked-PE replay of the complete DecomphelpLeafAccessors.cpp TU with pinned VC7.1 SP1 build6030; direct IDA boundary/tail review; raw bytes and complete PDB extent are zero-difference.
0x0044DCA0,CWaveFile::Reopen,78,exact,100.00,zwave-wave-file-reopen,Canonical linked-PE unit uses SoundPlayerView::ReopenBgm as the real /GL entry with ZWave support; two independent cold VC7.1 SP1 replays reproduce the complete 78-byte PDB contribution with the BGM-file-base and SetFilePointer DIR32 fields zero-difference.
0x0044DD30,th10::leaf::Fn0044DD30,4,exact,100.00,game-decomphelp-fulltu-0044dd30,Canonical linked-PE replay of the complete DecomphelpLeafAccessors.cpp TU with pinned VC7.1 SP1 build6030; direct IDA boundary/tail review; raw bytes and complete PDB extent are zero-difference.
0x0044DD40,CWaveFile::ResetFile,194,exact,100.00,zwave-wave-file-reset,Canonical linked-PE unit uses SoundPlayerView::ReopenBgm as the real /GL entry with ZWave support; two independent cold VC7.1 SP1 replays reproduce the complete 194-byte PDB contribution with two BGM-file-base and two SetFilePointer DIR32 fields zero-difference.
0x0044DF10,th10::leaf::Fn0044DF10,1,exact,100.00,game-decomphelp-fulltu-0044df10,Canonical linked-PE replay of the complete DecomphelpLeafAccessors.cpp TU with pinned VC7.1 SP1 build6030; direct IDA boundary/tail review; raw bytes and complete PDB extent are zero-difference.
0x0044DF30,th10::leaf::Fn0044DF30,3,exact,100.00,game-decomphelp-fulltu-0044df30,Canonical linked-PE replay of the complete DecomphelpLeafAccessors.cpp TU with pinned VC7.1 SP1 build6030; direct IDA boundary/tail review; raw bytes and complete PDB extent are zero-difference.
0x0044DF40,th10::leaf::Fn0044DF40,7,exact,100.00,game-decomphelp-fulltu-0044df40,Canonical linked-PE replay of the complete DecomphelpLeafAccessors.cpp TU with pinned VC7.1 SP1 build6030; direct IDA boundary/tail review; raw bytes and complete PDB extent are zero-difference.
0x0044DF50,th10::leaf::Fn0044DF50,7,exact,100.00,game-decomphelp-fulltu-0044df50,Canonical linked-PE replay of the complete DecomphelpLeafAccessors.cpp TU with pinned VC7.1 SP1 build6030; direct IDA boundary/tail review; raw bytes and complete PDB extent are zero-difference.
0x0044DF60,th10::leaf::Fn0044DF60,7,exact,100.00,game-decomphelp-fulltu-0044df60,Canonical linked-PE replay of the complete DecomphelpLeafAccessors.cpp TU with pinned VC7.1 SP1 build6030; direct IDA boundary/tail review; raw bytes and complete PDB extent are zero-difference.
0x0044FD10,EclVmHost::Run,146,exact,100.00,ecl-vm-host-run,Canonical artifact_kind=linked-pe unit cold-built twice with pinned VC7.1 SP1 build6030 using the maintained EnemyRuntimeUpdate caller as support context; the complete 146-byte EclVm PDB contribution and both Run plus both operator-delete REL32 fields replay zero-difference.
0x0044FE40,EclVmContext::ReadFloat,183,exact,100.00,ecl-vm-read-float,Canonical artifact_kind=linked-pe unit cold-built twice with pinned VC7.1 SP1 build6030 in the EclVmContext::Run entry context; the complete 183-byte PDB extent and both float-constant DIR32 plus both __ftol2 REL32 fields replay zero-difference.
0x0044FF00,EclVmContext::ReadIntValue,124,exact,100.00,ecl-vm-read-int-value,Canonical artifact_kind=linked-pe unit cold-built twice with pinned VC7.1 SP1 build6030 in the EclVmContext::Run entry context; the complete 124-byte PDB extent and sole __ftol2 REL32 field replay zero-difference.
0x0044FF80,EclVmContext::ReadFloatValue,171,exact,100.00,ecl-vm-read-float-value,Canonical artifact_kind=linked-pe unit cold-built twice with pinned VC7.1 SP1 build6030 in the EclVmContext::Run entry context; the complete 171-byte PDB extent and both float-constant DIR32 plus both __ftol2 REL32 fields replay zero-difference.
0x00450030,EclVmContext::ResolveInt,58,exact,100.00,ecl-vm-resolve-int,Canonical linked-PE unit cold-built twice with pinned VC7.1 SP1 build6030 in the EclVmContext::Run entry context; the complete relocation-free 58-byte PDB contribution is raw-equal after restoring the target source shape shared with ResolveFloat.
0x00450070,EclVmContext::ResolveFloat,93,exact,100.00,ecl-vm-resolve-float,Canonical artifact_kind=linked-pe unit cold-built twice with pinned VC7.1 SP1 build6030; the complete 93-byte PDB contribution and all three declared fields replay zero-difference.
0x004500D0,EclVmHost::SpawnThread,142,exact,100.00,ecl-vm-spawn-thread,Canonical linked-PE unit uses the maintained EnemyRuntimeUpdate caller context; two independent cold VC7.1 SP1 replays reproduce the complete 142-byte PDB contribution with both operator-new REL32 fields and the StartSubroutine REL32 field zero-difference.
0x00450160,EclVmHost::FindThread,36,exact,100.00,ecl-vm-find-thread,Canonical artifact_kind=linked-pe unit cold-built twice with pinned VC7.1 SP1 build6030; the complete relocation-free 36-byte PDB contribution replays byte-identically.
0x00450190,EclVmHost::StopAllThreads,31,exact,100.00,ecl-vm-stop-all-threads,Canonical artifact_kind=linked-pe unit cold-built twice with pinned VC7.1 SP1 build6030; the complete relocation-free 31-byte PDB contribution replays byte-identically.
0x004501B0,EclVmPolarVectorView::FromAngleMagnitude,30,exact,100.00,ecl-vm-polar-from-angle-magnitude,Canonical artifact_kind=linked-pe unit cold-built twice with pinned VC7.1 SP1 build6030 in the real EclVmHost::Run entry context with Enemy support; the complete relocation-free 30-byte PDB contribution replays raw-equal.
0x00450470,EclVmScriptDatabase::FindSubroutine,136,exact,100.00,ecl-vm-find-subroutine,Canonical artifact_kind=linked-pe unit cold-built twice with pinned VC7.1 SP1 build6030; the complete relocation-free 136-byte PDB contribution replays byte-identically.
0x004505B0,EclVmStackView::Push,96,exact,100.00,ecl-vm-stack-push,Canonical artifact_kind=linked-pe unit cold-built twice with pinned VC7.1 SP1 build6030; the complete relocation-free 96-byte PDB contribution replays byte-identically.
0x00450610,EclVmStackView::Pop,122,exact,100.00,ecl-vm-stack-pop,Canonical artifact_kind=linked-pe unit cold-built twice with pinned VC7.1 SP1 build6030; the complete 122-byte PDB contribution and sole __ftol2 REL32 field replay zero-difference.
0x00450690,EclVmStackView::EnterFrame,64,exact,100.00,ecl-vm-stack-enter-frame,Canonical artifact_kind=linked-pe unit cold-built twice with pinned VC7.1 SP1 build6030; the complete relocation-free 64-byte PDB contribution replays byte-identically.
0x004506D0,EclVmStackView::LeaveFrame,41,exact,100.00,ecl-vm-stack-leave-frame,Canonical artifact_kind=linked-pe unit cold-built twice with pinned VC7.1 SP1 build6030; all 41 relocation-free PDB-owned bytes replay byte-identically.
0x00452422,_free,113,exact,100.00,runtime-crt-00452422,Canonical artifact_kind=coff-archive replay extracts the hash-attested VC7.1 libcmt.lib member build\intel\mt_obj\free.obj and reproduces the complete 113-byte ledger extent zero-difference after replaying all declared target-bound relocations; no maintained source is claimed.
0x00452493,??2@YAPAXI@Z,14,exact,100.00,runtime-crt-00452493,Canonical artifact_kind=coff-archive replay of pinned VC7.1 libcmt.lib member build\intel\mt_obj\new.obj symbol ??2@YAPAXI@Z; complete target-bound comparison is zero-difference.
0x004524A6,_vsprintf,87,exact,100.00,runtime-crt-004524a6,Canonical artifact_kind=coff-archive replay extracts the hash-attested VC7.1 libcmt.lib member build\intel\mt_obj\vsprintf.obj and reproduces the complete 87-byte ledger extent zero-difference after replaying all declared target-bound relocations; no maintained source is claimed.
0x004524FD,__vscprintf,48,exact,100.00,runtime-crt-004524fd,Canonical artifact_kind=coff-archive replay extracts the hash-attested VC7.1 libcmt.lib member build\intel\mt_obj\vsprintf.obj and reproduces the complete 48-byte ledger extent zero-difference after replaying all declared target-bound relocations; no maintained source is claimed.
0x0045252D,??_L@YGXPAXIHP6EX0@Z1@Z,74,exact,100.00,runtime-crt-0045252d,Canonical artifact_kind=coff-archive replay extracts the hash-attested VC7.1 libcmt.lib member ..\build\intel\mt_obj\ehvecctr.obj and reproduces the complete 74-byte ledger extent zero-difference after replaying all declared target-bound relocations; no maintained source is claimed.
0x004525A1,?__ArrayUnwind@@YGXPAXIHP6EX0@Z@Z,47,exact,100.00,runtime-crt-004525a1,Canonical artifact_kind=coff-archive replay extracts the hash-attested VC7.1 libcmt.lib member ..\build\intel\mt_obj\ehvecdtr.obj and reproduces the complete 47-byte ledger extent zero-difference after replaying all declared target-bound relocations; no maintained source is claimed.
0x004525FF,??_M@YGXPAXIHP6EX0@Z@Z,72,exact,100.00,runtime-crt-004525ff,Canonical artifact_kind=coff-archive replay extracts the hash-attested VC7.1 libcmt.lib member ..\build\intel\mt_obj\ehvecdtr.obj and reproduces the complete 72-byte ledger extent zero-difference after replaying all declared target-bound relocations; no maintained source is claimed.
0x0045265F,__heap_alloc,111,exact,100.00,runtime-crt-0045265f,Canonical artifact_kind=coff-archive replay extracts the hash-attested VC7.1 libcmt.lib member build\intel\mt_obj\malloc.obj and reproduces the complete 111-byte ledger extent zero-difference after replaying all declared target-bound relocations; no maintained source is claimed.
0x004526DA,__nh_malloc,44,exact,100.00,runtime-crt-004526da,Canonical artifact_kind=coff-archive replay extracts the hash-attested VC7.1 libcmt.lib member build\intel\mt_obj\malloc.obj and reproduces the complete 44-byte ledger extent zero-difference after replaying all declared target-bound relocations; no maintained source is claimed.
0x00452706,_malloc,18,exact,100.00,runtime-crt-00452706,Canonical artifact_kind=coff-archive replay of pinned VC7.1 libcmt.lib member build\intel\mt_obj\malloc.obj symbol _malloc; complete target-bound comparison is zero-difference.
0x00452730,_strchr,190,exact,100.00,runtime-crt-00452730,Canonical artifact_kind=coff-archive replay extracts the hash-attested VC7.1 libcmt.lib member build\intel\mt_obj\strchr.obj and reproduces the complete 190-byte ledger extent zero-difference after replaying all declared target-bound relocations; no maintained source is claimed.
0x004527EE,_atol,136,exact,100.00,runtime-crt-004527ee,Canonical artifact_kind=coff-archive replay extracts the hash-attested VC7.1 libcmt.lib member build\intel\mt_obj\atox.obj and reproduces the complete 136-byte ledger extent zero-difference after replaying all declared target-bound relocations; no maintained source is claimed.
0x00452930,_strrchr,45,exact,100.00,runtime-crt-00452930,Canonical artifact_kind=coff-archive replay of pinned VC7.1 libcmt.lib member build\intel\mt_obj\strrchr.obj symbol _strrchr; complete target-bound comparison is zero-difference.
0x00452960,_strncpy,292,exact,100.00,runtime-crt-00452960,Canonical artifact_kind=coff-archive replay extracts the hash-attested VC7.1 libcmt.lib member build\intel\mt_obj\strncpy.obj and reproduces the complete 292-byte ledger extent zero-difference after replaying all declared target-bound relocations; no maintained source is claimed.
0x00452A84,_atof,56,exact,100.00,runtime-crt-atof,Canonical artifact_kind=coff-archive replay extracts the hash-attested VC7.1 libcmt.lib atof.obj member and replays all three target-bound REL32 fields zero-difference; no maintained source is claimed.
0x00452ABC,__mkdir,44,exact,100.00,runtime-crt-00452abc,Canonical artifact_kind=coff-archive replay extracts the hash-attested VC7.1 libcmt.lib member build\intel\mt_obj\mkdir.obj and reproduces the complete 44-byte ledger extent zero-difference after replaying all declared target-bound relocations; no maintained source is claimed.
0x00452AE8,_sprintf,88,exact,100.00,runtime-crt-00452ae8,Canonical artifact_kind=coff-archive replay extracts the hash-attested VC7.1 libcmt.lib member build\intel\mt_obj\sprintf.obj and reproduces the complete 88-byte ledger extent zero-difference after replaying all declared target-bound relocations; no maintained source is claimed.
0x00452B40,__scprintf,49,exact,100.00,runtime-crt-00452b40,Canonical artifact_kind=coff-archive replay extracts the hash-attested VC7.1 libcmt.lib member build\intel\mt_obj\sprintf.obj and reproduces the complete 49-byte ledger extent zero-difference after replaying all declared target-bound relocations; no maintained source is claimed.
0x00452B71,_time,57,exact,100.00,runtime-crt-00452b71,Canonical artifact_kind=coff-archive replay extracts the hash-attested VC7.1 libcmt.lib member build\intel\mt_obj\time.obj and reproduces the complete 57-byte ledger extent zero-difference after replaying all declared target-bound relocations; no maintained source is claimed.
0x00452BAA,_localtime,384,exact,100.00,runtime-crt-00452baa,Canonical artifact_kind=coff-archive replay extracts the hash-attested VC7.1 libcmt.lib member build\intel\mt_obj\localtim.obj and reproduces the complete 384-byte ledger extent zero-difference after replaying all declared target-bound relocations; no maintained source is claimed.
0x00452D2A,__onexit_lk,128,exact,100.00,runtime-crt-00452d2a,Canonical artifact_kind=coff-archive replay extracts the hash-attested VC7.1 libcmt.lib member build\intel\mt_obj\onexit.obj and reproduces the complete 128-byte ledger extent zero-difference after replaying all declared target-bound relocations; no maintained source is claimed.
0x00452DAA,___onexitinit,40,exact,100.00,runtime-crt-00452daa,Canonical artifact_kind=coff-archive replay extracts the hash-attested VC7.1 libcmt.lib member build\intel\mt_obj\onexit.obj and reproduces the complete 40-byte ledger extent zero-difference after replaying all declared target-bound relocations; no maintained source is claimed.
0x00452DD2,__onexit,50,exact,100.00,runtime-crt-00452dd2,Canonical artifact_kind=coff-archive replay extracts the hash-attested VC7.1 libcmt.lib member build\intel\mt_obj\onexit.obj and reproduces the complete 50-byte ledger extent zero-difference after replaying all declared target-bound relocations; no maintained source is claimed.
0x00452E0A,_atexit,18,exact,100.00,runtime-crt-00452e0a,Canonical artifact_kind=coff-archive replay extracts the hash-attested VC7.1 libcmt.lib member build\intel\mt_obj\onexit.obj and reproduces the complete 18-byte ledger extent zero-difference after replaying all declared target-bound relocations; no maintained source is claimed.
0x00452E1C,__endthread,61,exact,100.00,runtime-crt-00452e1c,Canonical artifact_kind=coff-archive replay extracts the hash-attested VC7.1 libcmt.lib member build\intel\mt_obj\thread.obj and reproduces the complete 61-byte ledger extent zero-difference after replaying all declared target-bound relocations; no maintained source is claimed.
0x00452E5A,__threadstart@4,134,exact,100.00,runtime-crt-00452e5a,Canonical artifact_kind=coff-archive replay extracts the hash-attested VC7.1 libcmt.lib member build\intel\mt_obj\thread.obj and reproduces the complete 134-byte ledger extent zero-difference after replaying all declared target-bound relocations; no maintained source is claimed.
0x00452EEC,__beginthread,145,exact,100.00,runtime-crt-00452eec,Canonical artifact_kind=coff-archive replay extracts the hash-attested VC7.1 libcmt.lib member build\intel\mt_obj\thread.obj and reproduces the complete 145-byte ledger extent zero-difference after replaying all declared target-bound relocations; no maintained source is claimed.
0x00452F80,_strncmp,57,exact,100.00,runtime-crt-00452f80,Canonical artifact_kind=coff-archive replay extracts the hash-attested VC7.1 libcmt.lib member build\intel\mt_obj\strncmp.obj and reproduces the complete 57-byte ledger extent zero-difference after replaying all declared target-bound relocations; no maintained source is claimed.
0x00452FB9,_sscanf,52,exact,100.00,runtime-crt-00452fb9,Canonical artifact_kind=coff-archive replay extracts the hash-attested VC7.1 libcmt.lib member build\intel\mt_obj\sscanf.obj and reproduces the complete 52-byte ledger extent zero-difference after replaying all declared target-bound relocations; no maintained source is claimed.
0x00453111,__chdir,328,exact,100.00,runtime-crt-00453111,Canonical artifact_kind=coff-archive replay extracts the hash-attested VC7.1 libcmt.lib member build\intel\mt_obj\chdir.obj and reproduces the complete 328-byte ledger extent zero-difference after replaying all declared target-bound relocations; no maintained source is claimed.
0x00453280,_memcpy,829,exact,100.00,runtime-crt-00453280,Canonical artifact_kind=coff-archive replay extracts the hash-attested VC7.1 libcmt.lib member build\intel\mt_obj\memcpy.obj and reproduces the complete 829-byte ledger extent zero-difference after replaying all declared target-bound relocations; no maintained source is claimed.
0x004535BD,__endthreadex,48,exact,100.00,runtime-crt-004535bd,Canonical artifact_kind=coff-archive replay extracts the hash-attested VC7.1 libcmt.lib member build\intel\mt_obj\threadex.obj and reproduces the complete 48-byte ledger extent zero-difference after replaying all declared target-bound relocations; no maintained source is claimed.
0x004535EE,__threadstartex@4,137,exact,100.00,runtime-crt-004535ee,Canonical artifact_kind=coff-archive replay extracts the hash-attested VC7.1 libcmt.lib member build\intel\mt_obj\threadex.obj and reproduces the complete 137-byte ledger extent zero-difference after replaying all declared target-bound relocations; no maintained source is claimed.
0x00453683,__beginthreadex,139,exact,100.00,runtime-crt-00453683,Canonical artifact_kind=coff-archive replay extracts the hash-attested VC7.1 libcmt.lib member build\intel\mt_obj\threadex.obj and reproduces the complete 139-byte ledger extent zero-difference after replaying all declared target-bound relocations; no maintained source is claimed.
0x0045371B,_rand,34,exact,100.00,runtime-crt-0045371b,Canonical artifact_kind=coff-archive replay extracts the hash-attested VC7.1 libcmt.lib member build\intel\mt_obj\rand.obj and reproduces the complete 34-byte ledger extent zero-difference after replaying all declared target-bound relocations; no maintained source is claimed.
0x0045373D,__amsg_exit,37,exact,100.00,runtime-crt-0045373d,Canonical artifact_kind=coff-archive replay extracts the hash-attested VC7.1 libcmt.lib member build\intel\mt_obj\wincrt0.obj and reproduces the complete 37-byte ledger extent zero-difference after replaying all declared target-bound relocations; no maintained source is claimed.
0x00453762,_fast_error_exit,36,exact,100.00,runtime-crt-00453762,Canonical artifact_kind=coff-archive replay extracts the hash-attested VC7.1 libcmt.lib member build\intel\mt_obj\wincrt0.obj and reproduces the complete 36-byte ledger extent zero-difference after replaying all declared target-bound relocations; no maintained source is claimed.
0x004537DC,_WinMainCRTStartup,469,exact,100.00,runtime-crt-004537dc,Canonical artifact_kind=coff-archive replay of pinned VC7.1 libcmt.lib member build\intel\mt_obj\wincrt0.obj symbol _WinMainCRTStartup; complete target-bound comparison is zero-difference.
0x004539B1,___heap_select,26,exact,100.00,runtime-crt-004539b1,Canonical artifact_kind=coff-archive replay extracts the hash-attested VC7.1 libcmt.lib member build\intel\mt_obj\heapinit.obj and reproduces the complete 26-byte ledger extent zero-difference after replaying all declared target-bound relocations; no maintained source is claimed.
0x004539CB,__heap_init,81,exact,100.00,runtime-crt-004539cb,Canonical artifact_kind=coff-archive replay extracts the hash-attested VC7.1 libcmt.lib member build\intel\mt_obj\heapinit.obj and reproduces the complete 81-byte ledger extent zero-difference after replaying all declared target-bound relocations; no maintained source is claimed.
0x00453AA1,__mtinitlocks,73,exact,100.00,runtime-crt-00453aa1,Canonical artifact_kind=coff-archive replay extracts the hash-attested VC7.1 libcmt.lib member build\intel\mt_obj\mlock.obj and reproduces the complete 73-byte ledger extent zero-difference after replaying all declared target-bound relocations; no maintained source is claimed.
0x00453AEA,__mtdeletelocks,85,exact,100.00,runtime-crt-00453aea,Canonical artifact_kind=coff-archive replay extracts the hash-attested VC7.1 libcmt.lib member build\intel\mt_obj\mlock.obj and reproduces the complete 85-byte ledger extent zero-difference after replaying all declared target-bound relocations; no maintained source is claimed.
0x00453B3F,__unlock,21,exact,100.00,runtime-crt-00453b3f,Canonical artifact_kind=coff-archive replay extracts the hash-attested VC7.1 libcmt.lib member build\intel\mt_obj\mlock.obj and reproduces the complete 21-byte ledger extent zero-difference after replaying all declared target-bound relocations; no maintained source is claimed.
0x00453B6C,__mtinitlocknum,151,exact,100.00,runtime-crt-00453b6c,Canonical artifact_kind=coff-archive replay extracts the hash-attested VC7.1 libcmt.lib member build\intel\mt_obj\mlock.obj and reproduces the complete 151-byte ledger extent zero-difference after replaying all declared target-bound relocations; no maintained source is claimed.
0x00453C0C,__lock,49,exact,100.00,runtime-crt-00453c0c,Canonical artifact_kind=coff-archive replay extracts the hash-attested VC7.1 libcmt.lib member build\intel\mt_obj\mlock.obj and reproduces the complete 49-byte ledger extent zero-difference after replaying all declared target-bound relocations; no maintained source is claimed.
0x00453C52,___sbh_heap_init,72,exact,100.00,runtime-crt-00453c52,Canonical artifact_kind=coff-archive replay extracts the hash-attested VC7.1 libcmt.lib member build\intel\mt_obj\sbheap.obj and reproduces the complete 72-byte ledger extent zero-difference after replaying all declared target-bound relocations; no maintained source is claimed.
0x00453C9A,___sbh_find_block,43,exact,100.00,runtime-crt-00453c9a,Canonical artifact_kind=coff-archive replay extracts the hash-attested VC7.1 libcmt.lib member build\intel\mt_obj\sbheap.obj and reproduces the complete 43-byte ledger extent zero-difference after replaying all declared target-bound relocations; no maintained source is claimed.
0x00453CC5,___sbh_free_block,792,exact,100.00,runtime-crt-00453cc5,Canonical artifact_kind=coff-archive replay extracts the hash-attested VC7.1 libcmt.lib member build\intel\mt_obj\sbheap.obj and reproduces the complete 792-byte ledger extent zero-difference after replaying all declared target-bound relocations; no maintained source is claimed.
0x00453FDD,___sbh_alloc_new_region,183,exact,100.00,runtime-crt-00453fdd,Canonical artifact_kind=coff-archive replay extracts the hash-attested VC7.1 libcmt.lib member build\intel\mt_obj\sbheap.obj and reproduces the complete 183-byte ledger extent zero-difference after replaying all declared target-bound relocations; no maintained source is claimed.
0x00454094,___sbh_alloc_new_group,262,exact,100.00,runtime-crt-00454094,Canonical artifact_kind=coff-archive replay extracts the hash-attested VC7.1 libcmt.lib member build\intel\mt_obj\sbheap.obj and reproduces the complete 262-byte ledger extent zero-difference after replaying all declared target-bound relocations; no maintained source is claimed.
0x0045419A,___sbh_resize_block,735,exact,100.00,runtime-crt-0045419a,Canonical artifact_kind=coff-archive replay extracts the hash-attested VC7.1 libcmt.lib member build\intel\mt_obj\sbheap.obj and reproduces the complete 735-byte ledger extent zero-difference after replaying all declared target-bound relocations; no maintained source is claimed.
0x0045454A,___sbh_heap_check,793,exact,100.00,runtime-crt-0045454a,Canonical artifact_kind=coff-archive replay extracts the hash-attested VC7.1 libcmt.lib member build\intel\mt_obj\sbheap.obj and reproduces the complete 793-byte ledger extent zero-difference after replaying all declared target-bound relocations; no maintained source is claimed.
0x004548BE,___sbh_alloc_block,764,exact,100.00,runtime-crt-004548be,Canonical artifact_kind=coff-archive replay extracts the hash-attested VC7.1 libcmt.lib member build\intel\mt_obj\sbheap.obj and reproduces the complete 764-byte ledger extent zero-difference after replaying all declared target-bound relocations; no maintained source is claimed.
0x00454BBC,__SEH_prolog,59,exact,100.00,runtime-crt-00454bbc,Canonical artifact_kind=coff-archive replay extracts the hash-attested VC7.1 libcmt.lib member build\intel\mt_obj\sehprolg.obj and reproduces the complete 59-byte ledger extent zero-difference after replaying all declared target-bound relocations; no maintained source is claimed.
0x00454BF7,__SEH_epilog,17,exact,100.00,runtime-crt-00454bf7,Canonical artifact_kind=coff-archive replay extracts the hash-attested VC7.1 libcmt.lib member build\intel\mt_obj\sehprolg.obj and reproduces the complete 17-byte ledger extent zero-difference after replaying all declared target-bound relocations; no maintained source is claimed.
0x00454CF6,__seh_longjmp_unwind@4,27,exact,100.00,runtime-crt-00454cf6,Canonical artifact_kind=coff-archive replay extracts the hash-attested VC7.1 libcmt.lib member build\intel\mt_obj\exsup3.obj and reproduces the complete 27-byte ledger extent zero-difference after replaying all declared target-bound relocations; no maintained source is claimed.
0x00454D11,__flsbuf,281,exact,100.00,runtime-crt-00454d11,Canonical artifact_kind=coff-archive replay extracts the hash-attested VC7.1 libcmt.lib member build\intel\mt_obj\_flsbuf.obj and reproduces the complete 281-byte ledger extent zero-difference after replaying all declared target-bound relocations; no maintained source is claimed.
0x00454E2A,_write_char,51,exact,100.00,runtime-crt-00454e2a,Canonical artifact_kind=coff-archive replay extracts the hash-attested VC7.1 libcmt.lib member build\intel\mt_obj\output.obj and reproduces the complete 51-byte ledger extent zero-difference after replaying all declared target-bound relocations; no maintained source is claimed.
0x00454E5D,_write_multi_char,36,exact,100.00,runtime-crt-00454e5d,Canonical artifact_kind=coff-archive replay extracts the hash-attested VC7.1 libcmt.lib member build\intel\mt_obj\output.obj and reproduces the complete 36-byte ledger extent zero-difference after replaying all declared target-bound relocations; no maintained source is claimed.
0x00454E81,_write_string,55,exact,100.00,runtime-crt-00454e81,Canonical artifact_kind=coff-archive replay extracts the hash-attested VC7.1 libcmt.lib member build\intel\mt_obj\output.obj and reproduces the complete 55-byte ledger extent zero-difference after replaying all declared target-bound relocations; no maintained source is claimed.
0x00454ED7,__output,1946,exact,100.00,runtime-crt-00454ed7,Canonical artifact_kind=coff-archive replay extracts the hash-attested VC7.1 libcmt.lib member build\intel\mt_obj\output.obj and reproduces the complete 1946-byte ledger extent zero-difference after replaying all declared target-bound relocations; no maintained source is claimed.
0x00455693,?terminate@@YAXXZ,53,exact,100.00,runtime-crt-00455693,Canonical artifact_kind=coff-archive replay extracts the hash-attested VC7.1 libcmt.lib member ..\build\intel\mt_obj\hooks.obj and reproduces the complete 53-byte ledger extent zero-difference after replaying all declared target-bound relocations; no maintained source is claimed.
0x004556E0,?_inconsistency@@YAXXZ,45,exact,100.00,runtime-crt-004556e0,Canonical artifact_kind=coff-archive replay extracts the hash-attested VC7.1 libcmt.lib member ..\build\intel\mt_obj\hooks.obj and reproduces the complete 45-byte ledger extent zero-difference after replaying all declared target-bound relocations; no maintained source is claimed.
0x00455737,__callnewh,27,exact,100.00,runtime-crt-00455737,Canonical artifact_kind=coff-archive replay extracts the hash-attested VC7.1 libcmt.lib member build\intel\mt_obj\handler.obj and reproduces the complete 27-byte ledger extent zero-difference after replaying all declared target-bound relocations; no maintained source is claimed.
0x00455752,___isctype_mt,119,exact,100.00,runtime-crt-00455752,Canonical artifact_kind=coff-archive replay extracts the hash-attested VC7.1 libcmt.lib member build\intel\mt_obj\isctype.obj and reproduces the complete 119-byte ledger extent zero-difference after replaying all declared target-bound relocations; no maintained source is claimed.
0x004557FC,___freetlocinfo,208,exact,100.00,runtime-crt-004557fc,Canonical artifact_kind=coff-archive replay extracts the hash-attested VC7.1 libcmt.lib member build\intel\mt_obj\setlocal.obj and reproduces the complete 208-byte ledger extent zero-difference after replaying all declared target-bound relocations; no maintained source is claimed.
0x004558CC,___updatetlocinfo_lk,193,exact,100.00,runtime-crt-004558cc,Canonical artifact_kind=coff-archive replay extracts the hash-attested VC7.1 libcmt.lib member build\intel\mt_obj\setlocal.obj and reproduces the complete 193-byte ledger extent zero-difference after replaying all declared target-bound relocations; no maintained source is claimed.
0x00455990,__strcats,36,exact,100.00,runtime-crt-00455990,Canonical artifact_kind=coff-archive replay extracts the hash-attested VC7.1 libcmt.lib member build\intel\mt_obj\setlocal.obj and reproduces the complete 36-byte ledger extent zero-difference after replaying all declared target-bound relocations; no maintained source is claimed.
0x004559B4,___lc_strtolc,220,exact,100.00,runtime-crt-004559b4,Canonical artifact_kind=coff-archive replay extracts the hash-attested VC7.1 libcmt.lib member build\intel\mt_obj\setlocal.obj and reproduces the complete 220-byte ledger extent zero-difference after replaying all declared target-bound relocations; no maintained source is claimed.
0x00455A90,___lc_lctostr,78,exact,100.00,runtime-crt-00455a90,Canonical artifact_kind=coff-archive replay extracts the hash-attested VC7.1 libcmt.lib member build\intel\mt_obj\setlocal.obj and reproduces the complete 78-byte ledger extent zero-difference after replaying all declared target-bound relocations; no maintained source is claimed.
0x00455ADE,___updatetlocinfo,50,exact,100.00,runtime-crt-00455ade,Canonical artifact_kind=coff-archive replay extracts the hash-attested VC7.1 libcmt.lib member build\intel\mt_obj\setlocal.obj and reproduces the complete 50-byte ledger extent zero-difference after replaying all declared target-bound relocations; no maintained source is claimed.
0x0045631E,___crtTlsAlloc@4,9,exact,100.00,runtime-crt-0045631e,Canonical artifact_kind=coff-archive replay of pinned VC7.1 libcmt.lib member build\intel\mt_obj\tidtable.obj symbol ___crtTlsAlloc@4; complete target-bound comparison is zero-difference.
0x00456327,__mtterm,29,exact,100.00,runtime-crt-00456327,Canonical artifact_kind=coff-archive replay extracts the hash-attested VC7.1 libcmt.lib member build\intel\mt_obj\tidtable.obj and reproduces the complete 29-byte ledger extent zero-difference after replaying all declared target-bound relocations; no maintained source is claimed.
0x00456344,__initptd,19,exact,100.00,runtime-crt-00456344,Canonical artifact_kind=coff-archive replay extracts the hash-attested VC7.1 libcmt.lib member build\intel\mt_obj\tidtable.obj and reproduces the complete 19-byte ledger extent zero-difference after replaying all declared target-bound relocations; no maintained source is claimed.
0x00456357,__getptd,113,exact,100.00,runtime-crt-00456357,Canonical artifact_kind=coff-archive replay extracts the hash-attested VC7.1 libcmt.lib member build\intel\mt_obj\tidtable.obj and reproduces the complete 113-byte ledger extent zero-difference after replaying all declared target-bound relocations; no maintained source is claimed.
0x004563C8,__freefls@4,301,exact,100.00,runtime-crt-004563c8,Canonical artifact_kind=coff-archive replay extracts the hash-attested VC7.1 libcmt.lib member build\intel\mt_obj\tidtable.obj and reproduces the complete 301-byte ledger extent zero-difference after replaying all declared target-bound relocations; no maintained source is claimed.
0x0045650F,__freeptd,47,exact,100.00,runtime-crt-0045650f,Canonical artifact_kind=coff-archive replay extracts the hash-attested VC7.1 libcmt.lib member build\intel\mt_obj\tidtable.obj and reproduces the complete 47-byte ledger extent zero-difference after replaying all declared target-bound relocations; no maintained source is claimed.
0x0045654A,__mtinit,239,exact,100.00,runtime-crt-0045654a,Canonical artifact_kind=coff-archive replay extracts the hash-attested VC7.1 libcmt.lib member build\intel\mt_obj\tidtable.obj and reproduces the complete 239-byte ledger extent zero-difference after replaying all declared target-bound relocations; no maintained source is claimed.
0x00456640,__allmul,52,exact,100.00,runtime-crt-00456640,Canonical artifact_kind=coff-archive replay extracts the hash-attested VC7.1 libcmt.lib member build\intel\mt_obj\llmul.obj and reproduces the complete 52-byte ledger extent zero-difference after replaying all declared target-bound relocations; no maintained source is claimed.
0x00456674,__fltin2,161,exact,100.00,runtime-crt-00456674,Canonical artifact_kind=coff-archive replay extracts the hash-attested VC7.1 libcmt.lib member ..\build\intel\mt_obj\cfin.obj and reproduces the complete 161-byte ledger extent zero-difference after replaying all declared target-bound relocations; no maintained source is claimed.
0x00456720,_strlen,139,exact,100.00,runtime-crt-00456720,Canonical artifact_kind=coff-archive replay extracts the hash-attested VC7.1 libcmt.lib member build\intel\mt_obj\strlen.obj and reproduces the complete 139-byte ledger extent zero-difference after replaying all declared target-bound relocations; no maintained source is claimed.
0x0045685E,_isdigit,58,exact,100.00,runtime-crt-0045685e,Canonical artifact_kind=coff-archive replay extracts the hash-attested VC7.1 libcmt.lib member build\intel\mt_obj\_ctype.obj and reproduces the complete 58-byte ledger extent zero-difference after replaying all declared target-bound relocations; no maintained source is claimed.
0x00456898,_isxdigit,63,exact,100.00,runtime-crt-00456898,Canonical artifact_kind=coff-archive replay extracts the hash-attested VC7.1 libcmt.lib member build\intel\mt_obj\_ctype.obj and reproduces the complete 63-byte ledger extent zero-difference after replaying all declared target-bound relocations; no maintained source is claimed.
0x004568D7,_isspace,58,exact,100.00,runtime-crt-004568d7,Canonical artifact_kind=coff-archive replay extracts the hash-attested VC7.1 libcmt.lib member build\intel\mt_obj\_ctype.obj and reproduces the complete 58-byte ledger extent zero-difference after replaying all declared target-bound relocations; no maintained source is claimed.
0x00456A8C,__cfltcvt_init,56,exact,100.00,runtime-crt-00456a8c,Canonical artifact_kind=coff-archive replay of pinned VC7.1 libcmt.lib member ..\build\intel\mt_obj\fpinit.obj symbol __cfltcvt_init; complete target-bound comparison is zero-difference.
0x00456AD4,__fpmath,30,exact,100.00,runtime-crt-00456ad4,Canonical artifact_kind=coff-archive replay extracts the hash-attested VC7.1 libcmt.lib member ..\build\intel\mt_obj\fpinit.obj and reproduces the complete 30-byte ledger extent zero-difference after replaying all declared target-bound relocations; no maintained source is claimed.
0x00456AF2,__errno,9,exact,100.00,runtime-crt-00456af2,Canonical artifact_kind=coff-archive replay of pinned VC7.1 libcmt.lib member build\intel\mt_obj\dosmap.obj symbol __errno; complete target-bound comparison is zero-difference.
0x00456AFB,___doserrno,9,exact,100.00,runtime-crt-00456afb,Canonical artifact_kind=coff-archive replay of pinned VC7.1 libcmt.lib member build\intel\mt_obj\dosmap.obj symbol ___doserrno; complete target-bound comparison is zero-difference.
0x00456B04,__dosmaperr,115,exact,100.00,runtime-crt-00456b04,Canonical artifact_kind=coff-archive replay extracts the hash-attested VC7.1 libcmt.lib member build\intel\mt_obj\dosmap.obj and reproduces the complete 115-byte ledger extent zero-difference after replaying all declared target-bound relocations; no maintained source is claimed.
0x00456B80,__aulldiv,104,exact,100.00,runtime-crt-00456b80,Canonical artifact_kind=coff-archive replay extracts the hash-attested VC7.1 libcmt.lib member build\intel\mt_obj\ulldiv.obj and reproduces the complete 104-byte ledger extent zero-difference after replaying all declared target-bound relocations; no maintained source is claimed.
0x00456BE8,__tzset_lk,680,exact,100.00,runtime-crt-00456be8,Canonical artifact_kind=coff-archive replay extracts the hash-attested VC7.1 libcmt.lib member build\intel\mt_obj\tzset.obj and reproduces the complete 680-byte ledger extent zero-difference after replaying all declared target-bound relocations; no maintained source is claimed.
0x00456E90,_cvtdate,440,exact,100.00,runtime-crt-00456e90,Canonical artifact_kind=coff-archive replay extracts the hash-attested VC7.1 libcmt.lib member build\intel\mt_obj\tzset.obj and reproduces the complete 440-byte ledger extent zero-difference after replaying all declared target-bound relocations; no maintained source is claimed.
0x00457048,__isindst_lk,391,exact,100.00,runtime-crt-00457048,Canonical artifact_kind=coff-archive replay extracts the hash-attested VC7.1 libcmt.lib member build\intel\mt_obj\tzset.obj and reproduces the complete 391-byte ledger extent zero-difference after replaying all declared target-bound relocations; no maintained source is claimed.
0x004571CF,___tzset,67,exact,100.00,runtime-crt-004571cf,Canonical artifact_kind=coff-archive replay extracts the hash-attested VC7.1 libcmt.lib member build\intel\mt_obj\tzset.obj and reproduces the complete 67-byte ledger extent zero-difference after replaying all declared target-bound relocations; no maintained source is claimed.
0x00457250,__isindst,53,exact,100.00,runtime-crt-00457250,Canonical artifact_kind=coff-archive replay extracts the hash-attested VC7.1 libcmt.lib member build\intel\mt_obj\tzset.obj and reproduces the complete 53-byte ledger extent zero-difference after replaying all declared target-bound relocations; no maintained source is claimed.
0x0045728E,_gmtime,263,exact,100.00,runtime-crt-0045728e,Canonical artifact_kind=coff-archive replay extracts the hash-attested VC7.1 libcmt.lib member build\intel\mt_obj\gmtime.obj and reproduces the complete 263-byte ledger extent zero-difference after replaying all declared target-bound relocations; no maintained source is claimed.
0x00457395,_realloc,434,exact,100.00,runtime-crt-00457395,Canonical artifact_kind=coff-archive replay extracts the hash-attested VC7.1 libcmt.lib member build\intel\mt_obj\realloc.obj and reproduces the complete 434-byte ledger extent zero-difference after replaying all declared target-bound relocations; no maintained source is claimed.
0x00457547,___crtExitProcess,47,exact,100.00,runtime-crt-00457547,Canonical artifact_kind=coff-archive replay extracts the hash-attested VC7.1 libcmt.lib member build\intel\mt_obj\crt0dat.obj and reproduces the complete 47-byte ledger extent zero-difference after replaying all declared target-bound relocations; no maintained source is claimed.
0x00457589,__initterm,24,exact,100.00,runtime-crt-00457589,Canonical artifact_kind=coff-archive replay extracts the hash-attested VC7.1 libcmt.lib member build\intel\mt_obj\crt0dat.obj and reproduces the complete 24-byte ledger extent zero-difference after replaying all declared target-bound relocations; no maintained source is claimed.
0x004575BF,__cinit,106,exact,100.00,runtime-crt-004575bf,Canonical artifact_kind=coff-archive replay extracts the hash-attested VC7.1 libcmt.lib member build\intel\mt_obj\crt0dat.obj and reproduces the complete 106-byte ledger extent zero-difference after replaying all declared target-bound relocations; no maintained source is claimed.
0x00457629,_doexit,195,exact,100.00,runtime-crt-00457629,Canonical artifact_kind=coff-archive replay extracts the hash-attested VC7.1 libcmt.lib member build\intel\mt_obj\crt0dat.obj and reproduces the complete 195-byte ledger extent zero-difference after replaying all declared target-bound relocations; no maintained source is claimed.
0x004576EC,_exit,17,exact,100.00,runtime-crt-004576ec,Canonical artifact_kind=coff-archive replay extracts the hash-attested VC7.1 libcmt.lib member build\intel\mt_obj\crt0dat.obj and reproduces the complete 17-byte ledger extent zero-difference after replaying all declared target-bound relocations; no maintained source is claimed.
0x004576FD,__exit,17,exact,100.00,runtime-crt-004576fd,Canonical artifact_kind=coff-archive replay extracts the hash-attested VC7.1 libcmt.lib member build\intel\mt_obj\crt0dat.obj and reproduces the complete 17-byte ledger extent zero-difference after replaying all declared target-bound relocations; no maintained source is claimed.
0x0045770E,__cexit,15,exact,100.00,runtime-crt-0045770e,Canonical artifact_kind=coff-archive replay of pinned VC7.1 libcmt.lib member build\intel\mt_obj\crt0dat.obj symbol __cexit; complete target-bound comparison is zero-difference.
0x0045772C,__msize,106,exact,100.00,runtime-crt-0045772c,Canonical artifact_kind=coff-archive replay extracts the hash-attested VC7.1 libcmt.lib member build\intel\mt_obj\msize.obj and reproduces the complete 106-byte ledger extent zero-difference after replaying all declared target-bound relocations; no maintained source is claimed.
0x004577CE,__XcptFilter,356,exact,100.00,runtime-crt-004577ce,Canonical artifact_kind=coff-archive replay extracts the hash-attested VC7.1 libcmt.lib member build\intel\mt_obj\winxfltr.obj and reproduces the complete 356-byte ledger extent zero-difference after replaying all declared target-bound relocations; no maintained source is claimed.
0x0045794D,_calloc,215,exact,100.00,runtime-crt-0045794d,Canonical artifact_kind=coff-archive replay extracts the hash-attested VC7.1 libcmt.lib member build\intel\mt_obj\calloc.obj and reproduces the complete 215-byte ledger extent zero-difference after replaying all declared target-bound relocations; no maintained source is claimed.
0x00457A3C,__inc,22,exact,100.00,runtime-crt-00457a3c,Canonical artifact_kind=coff-archive replay extracts the hash-attested VC7.1 libcmt.lib member build\intel\mt_obj\input.obj and reproduces the complete 22-byte ledger extent zero-difference after replaying all declared target-bound relocations; no maintained source is claimed.
0x00457A7C,__input,3627,exact,100.00,runtime-crt-00457a7c,Canonical artifact_kind=coff-archive replay extracts the hash-attested VC7.1 libcmt.lib member build\intel\mt_obj\input.obj and reproduces the complete 3627-byte ledger extent zero-difference after replaying all declared target-bound relocations; no maintained source is claimed.
0x004588A7,___libm_error_support,631,exact,100.00,runtime-crt-004588a7,Canonical artifact_kind=coff-archive replay extracts the hash-attested VC7.1 libcmt.lib member ..\build\intel\mt_obj\libm_error.obj and reproduces the complete 631-byte ledger extent zero-difference after replaying all declared target-bound relocations; no maintained source is claimed.
0x00458B1E,_has_osfxsr_set,53,exact,100.00,runtime-crt-00458b1e,Canonical artifact_kind=coff-archive replay extracts the hash-attested VC7.1 libcmt.lib member ..\build\intel\mt_obj\cpu_disp.obj and reproduces the complete 53-byte ledger extent zero-difference after replaying all declared target-bound relocations; no maintained source is claimed.
0x00458B53,___sse2_available_init,210,exact,100.00,runtime-crt-00458b53,Canonical artifact_kind=coff-archive replay extracts the hash-attested VC7.1 libcmt.lib member ..\build\intel\mt_obj\cpu_disp.obj and reproduces the complete 210-byte ledger extent zero-difference after replaying all declared target-bound relocations; no maintained source is claimed.
0x00458C39,__floor_default,211,exact,100.00,runtime-crt-00458c39,Canonical artifact_kind=coff-archive replay extracts the hash-attested VC7.1 libcmt.lib member ..\build\intel\mt_obj\floor.obj and reproduces the complete 211-byte ledger extent zero-difference after replaying all declared target-bound relocations; no maintained source is claimed.
0x00458D0C,__mbctoupper,133,exact,100.00,runtime-crt-00458d0c,Canonical artifact_kind=coff-archive replay extracts the hash-attested VC7.1 libcmt.lib member build\intel\mt_obj\mbtoupr.obj and reproduces the complete 133-byte ledger extent zero-difference after replaying all declared target-bound relocations; no maintained source is claimed.
0x00458D91,__resetstkoflw,227,exact,100.00,runtime-crt-00458d91,Canonical artifact_kind=coff-archive replay extracts the hash-attested VC7.1 libcmt.lib member build\intel\mt_obj\resetstk.obj and reproduces the complete 227-byte ledger extent zero-difference after replaying all declared target-bound relocations; no maintained source is claimed.
0x00458E74,_report_failure,48,exact,100.00,runtime-crt-00458e74,Canonical artifact_kind=coff-archive replay extracts the hash-attested VC7.1 libcmt.lib member build\intel\mt_obj\secchk.obj and reproduces the complete 48-byte ledger extent zero-difference after replaying all declared target-bound relocations; no maintained source is claimed.
0x00458EA5,@__security_check_cookie@4,14,exact,100.00,runtime-crt-00458ea5,Canonical artifact_kind=coff-archive replay of pinned VC7.1 libcmt.lib member build\intel\mt_obj\secchk.obj symbol @__security_check_cookie@4; complete target-bound comparison is zero-difference.
0x00458EC0,__chkstk,61,exact,100.00,runtime-crt-00458ec0,Canonical artifact_kind=coff-archive replay extracts the hash-attested VC7.1 libcmt.lib member build\intel\mt_obj\chkstk.obj and reproduces the complete 61-byte ledger extent zero-difference after replaying all declared target-bound relocations; no maintained source is claimed.
0x00458EFD,__NMSG_WRITE,376,exact,100.00,runtime-crt-00458efd,Canonical artifact_kind=coff-archive replay extracts the hash-attested VC7.1 libcmt.lib member build\intel\mt_obj\crt0msg.obj and reproduces the complete 376-byte ledger extent zero-difference after replaying all declared target-bound relocations; no maintained source is claimed.
0x0045909F,__FF_MSGBANNER,57,exact,100.00,runtime-crt-0045909f,Canonical artifact_kind=coff-archive replay extracts the hash-attested VC7.1 libcmt.lib member build\intel\mt_obj\crt0msg.obj and reproduces the complete 57-byte ledger extent zero-difference after replaying all declared target-bound relocations; no maintained source is claimed.
0x004590D8,__wincmdln,93,exact,100.00,runtime-crt-004590d8,Canonical artifact_kind=coff-archive replay extracts the hash-attested VC7.1 libcmt.lib member build\intel\mt_obj\wincmdln.obj and reproduces the complete 93-byte ledger extent zero-difference after replaying all declared target-bound relocations; no maintained source is claimed.
0x00459135,__setenvp,199,exact,100.00,runtime-crt-00459135,Canonical artifact_kind=coff-archive replay extracts the hash-attested VC7.1 libcmt.lib member build\intel\mt_obj\stdenvp.obj and reproduces the complete 199-byte ledger extent zero-difference after replaying all declared target-bound relocations; no maintained source is claimed.
0x004591FC,_parse_cmdline,364,exact,100.00,runtime-crt-004591fc,Canonical artifact_kind=coff-archive replay extracts the hash-attested VC7.1 libcmt.lib member build\intel\mt_obj\stdargv.obj and reproduces the complete 364-byte ledger extent zero-difference after replaying all declared target-bound relocations; no maintained source is claimed.
0x00459368,__setargv,162,exact,100.00,runtime-crt-00459368,Canonical artifact_kind=coff-archive replay extracts the hash-attested VC7.1 libcmt.lib member build\intel\mt_obj\stdargv.obj and reproduces the complete 162-byte ledger extent zero-difference after replaying all declared target-bound relocations; no maintained source is claimed.
0x0045940A,___crtGetEnvironmentStringsA,290,exact,100.00,runtime-crt-0045940a,Canonical artifact_kind=coff-archive replay extracts the hash-attested VC7.1 libcmt.lib member build\intel\mt_obj\a_env.obj and reproduces the complete 290-byte ledger extent zero-difference after replaying all declared target-bound relocations; no maintained source is claimed.
0x0045952C,__ioinit,510,exact,100.00,runtime-crt-0045952c,Canonical artifact_kind=coff-archive replay extracts the hash-attested VC7.1 libcmt.lib member build\intel\mt_obj\ioinit.obj and reproduces the complete 510-byte ledger extent zero-difference after replaying all declared target-bound relocations; no maintained source is claimed.
0x00459776,__RTC_Initialize,68,exact,100.00,runtime-crt-00459776,Canonical artifact_kind=coff-archive replay extracts the hash-attested VC7.1 libcmt.lib member ..\build\intel\mt_obj\initsect.obj and reproduces the complete 68-byte ledger extent zero-difference after replaying all declared target-bound relocations; no maintained source is claimed.
0x004597FE,___crtInitCritSecNoSpinCount@8,16,exact,100.00,runtime-crt-004597fe,Canonical artifact_kind=coff-archive replay extracts the hash-attested VC7.1 libcmt.lib member build\intel\mt_obj\initcrit.obj and reproduces the complete 16-byte ledger extent zero-difference after replaying all declared target-bound relocations; no maintained source is claimed.
0x0045980E,___crtInitCritSecAndSpinCount,139,exact,100.00,runtime-crt-0045980e,Canonical artifact_kind=coff-archive replay extracts the hash-attested VC7.1 libcmt.lib member build\intel\mt_obj\initcrit.obj and reproduces the complete 139-byte ledger extent zero-difference after replaying all declared target-bound relocations; no maintained source is claimed.
0x0045989C,__global_unwind2,32,exact,100.00,runtime-crt-0045989c,Canonical artifact_kind=coff-archive replay extracts the hash-attested VC7.1 libcmt.lib member build\intel\mt_obj\exsup.obj and reproduces the complete 32-byte ledger extent zero-difference after replaying all declared target-bound relocations; no maintained source is claimed.
0x004598DE,__local_unwind2,104,exact,100.00,runtime-crt-004598de,Canonical artifact_kind=coff-archive replay extracts the hash-attested VC7.1 libcmt.lib member build\intel\mt_obj\exsup.obj and reproduces the complete 104-byte ledger extent zero-difference after replaying all declared target-bound relocations; no maintained source is claimed.
0x00459946,__abnormal_termination,35,exact,100.00,runtime-crt-00459946,Canonical artifact_kind=coff-archive replay extracts the hash-attested VC7.1 libcmt.lib member build\intel\mt_obj\exsup.obj and reproduces the complete 35-byte ledger extent zero-difference after replaying all declared target-bound relocations; no maintained source is claimed.
0x00459969,__NLG_Notify1,9,exact,100.00,runtime-crt-00459969,Canonical artifact_kind=coff-archive replay of pinned VC7.1 libcmt.lib member build\intel\mt_obj\exsup.obj symbol __NLG_Notify1; complete target-bound comparison is zero-difference.
0x00459972,__NLG_Notify,24,exact,100.00,runtime-crt-00459972,Canonical artifact_kind=coff-archive replay extracts the hash-attested VC7.1 libcmt.lib member build\intel\mt_obj\exsup.obj and reproduces the complete 24-byte ledger extent zero-difference after replaying all declared target-bound relocations; no maintained source is claimed.
0x0045998A,__ValidateEH3RN,553,exact,100.00,runtime-crt-0045998a,Canonical artifact_kind=coff-archive replay extracts the hash-attested VC7.1 libcmt.lib member build\intel\mt_obj\eh3valid.obj and reproduces the complete 553-byte ledger extent zero-difference after replaying all declared target-bound relocations; no maintained source is claimed.
0x00459BB3,__lseek_lk,116,exact,100.00,runtime-crt-00459bb3,Canonical artifact_kind=coff-archive replay extracts the hash-attested VC7.1 libcmt.lib member build\intel\mt_obj\lseek.obj and reproduces the complete 116-byte ledger extent zero-difference after replaying all declared target-bound relocations; no maintained source is claimed.
0x00459C27,__locking,171,exact,100.00,runtime-crt-00459c27,Canonical artifact_kind=coff-archive replay extracts the hash-attested VC7.1 libcmt.lib member build\intel\mt_obj\locking.obj and reproduces the complete 171-byte ledger extent zero-difference after replaying all declared target-bound relocations; no maintained source is claimed.
0x00459CD2,__write_lk,444,exact,100.00,runtime-crt-00459cd2,Canonical artifact_kind=coff-archive replay extracts the hash-attested VC7.1 libcmt.lib member build\intel\mt_obj\write.obj and reproduces the complete 444-byte ledger extent zero-difference after replaying all declared target-bound relocations; no maintained source is claimed.
0x00459E8E,__locking,171,exact,100.00,runtime-crt-00459e8e,Canonical artifact_kind=coff-archive replay extracts the hash-attested VC7.1 libcmt.lib member build\intel\mt_obj\locking.obj and reproduces the complete 171-byte ledger extent zero-difference after replaying all declared target-bound relocations; no maintained source is claimed.
0x00459F39,__getbuf,68,exact,100.00,runtime-crt-00459f39,Canonical artifact_kind=coff-archive replay extracts the hash-attested VC7.1 libcmt.lib member build\intel\mt_obj\_getbuf.obj and reproduces the complete 68-byte ledger extent zero-difference after replaying all declared target-bound relocations; no maintained source is claimed.
0x00459F7D,__isatty,42,exact,100.00,runtime-crt-00459f7d,Canonical artifact_kind=coff-archive replay extracts the hash-attested VC7.1 libcmt.lib member build\intel\mt_obj\isatty.obj and reproduces the complete 42-byte ledger extent zero-difference after replaying all declared target-bound relocations; no maintained source is claimed.
0x0045A10E,___wctomb_mt,96,exact,100.00,runtime-crt-0045a10e,Canonical artifact_kind=coff-archive replay extracts the hash-attested VC7.1 libcmt.lib member build\intel\mt_obj\wctomb.obj and reproduces the complete 96-byte ledger extent zero-difference after replaying all declared target-bound relocations; no maintained source is claimed.
0x0045A16E,_wctomb,39,exact,100.00,runtime-crt-0045a16e,Canonical artifact_kind=coff-archive replay extracts the hash-attested VC7.1 libcmt.lib member build\intel\mt_obj\wctomb.obj and reproduces the complete 39-byte ledger extent zero-difference after replaying all declared target-bound relocations; no maintained source is claimed.
0x0045A1B0,__aulldvrm,149,exact,100.00,runtime-crt-0045a1b0,Canonical artifact_kind=coff-archive replay extracts the hash-attested VC7.1 libcmt.lib member build\intel\mt_obj\ulldvrm.obj and reproduces the complete 149-byte ledger extent zero-difference after replaying all declared target-bound relocations; no maintained source is claimed.
0x0045A245,_abort,24,exact,100.00,runtime-crt-0045a245,Canonical artifact_kind=coff-archive replay extracts the hash-attested VC7.1 libcmt.lib member build\intel\mt_obj\abort.obj and reproduces the complete 24-byte ledger extent zero-difference after replaying all declared target-bound relocations; no maintained source is claimed.
0x0045A25D,___crtGetStringTypeA,442,exact,100.00,runtime-crt-0045a25d,Canonical artifact_kind=coff-archive replay extracts the hash-attested VC7.1 libcmt.lib member build\intel\mt_obj\a_str.obj and reproduces the complete 442-byte ledger extent zero-difference after replaying all declared target-bound relocations; no maintained source is claimed.
0x0045A417,__Getdays,127,exact,100.00,runtime-crt-0045a417,Canonical artifact_kind=coff-archive replay extracts the hash-attested VC7.1 libcmt.lib member build\intel\mt_obj\strftime.obj and reproduces the complete 127-byte ledger extent zero-difference after replaying all declared target-bound relocations; no maintained source is claimed.
0x0045A496,__Getmonths,149,exact,100.00,runtime-crt-0045a496,Canonical artifact_kind=coff-archive replay extracts the hash-attested VC7.1 libcmt.lib member build\intel\mt_obj\strftime.obj and reproduces the complete 149-byte ledger extent zero-difference after replaying all declared target-bound relocations; no maintained source is claimed.
0x0045A52B,__Gettnames,563,exact,100.00,runtime-crt-0045a52b,Canonical artifact_kind=coff-archive replay extracts the hash-attested VC7.1 libcmt.lib member build\intel\mt_obj\strftime.obj and reproduces the complete 563-byte ledger extent zero-difference after replaying all declared target-bound relocations; no maintained source is claimed.
0x0045A75E,__store_str,32,exact,100.00,runtime-crt-0045a75e,Canonical artifact_kind=coff-archive replay extracts the hash-attested VC7.1 libcmt.lib member build\intel\mt_obj\strftime.obj and reproduces the complete 32-byte ledger extent zero-difference after replaying all declared target-bound relocations; no maintained source is claimed.
0x0045A7B4,__store_num,121,exact,100.00,runtime-crt-0045a7b4,Canonical artifact_kind=coff-archive replay extracts the hash-attested VC7.1 libcmt.lib member build\intel\mt_obj\strftime.obj and reproduces the complete 121-byte ledger extent zero-difference after replaying all declared target-bound relocations; no maintained source is claimed.
0x0045A82D,__expandtime,614,exact,100.00,runtime-crt-0045a82d,Canonical artifact_kind=coff-archive replay extracts the hash-attested VC7.1 libcmt.lib member build\intel\mt_obj\strftime.obj and reproduces the complete 614-byte ledger extent zero-difference after replaying all declared target-bound relocations; no maintained source is claimed.
0x0045AA93,__store_winword,1162,exact,100.00,runtime-crt-0045aa93,Canonical artifact_kind=coff-archive replay extracts the hash-attested VC7.1 libcmt.lib member build\intel\mt_obj\strftime.obj and reproduces the complete 1162-byte ledger extent zero-difference after replaying all declared target-bound relocations; no maintained source is claimed.
0x0045AF1D,__Strftime_mt,195,exact,100.00,runtime-crt-0045af1d,Canonical artifact_kind=coff-archive replay extracts the hash-attested VC7.1 libcmt.lib member build\intel\mt_obj\strftime.obj and reproduces the complete 195-byte ledger extent zero-difference after replaying all declared target-bound relocations; no maintained source is claimed.
0x0045AFE0,__Strftime,50,exact,100.00,runtime-crt-0045afe0,Canonical artifact_kind=coff-archive replay extracts the hash-attested VC7.1 libcmt.lib member build\intel\mt_obj\strftime.obj and reproduces the complete 50-byte ledger extent zero-difference after replaying all declared target-bound relocations; no maintained source is claimed.
0x0045B033,__get_lc_time,871,exact,100.00,runtime-crt-0045b033,Canonical artifact_kind=coff-archive replay extracts the hash-attested VC7.1 libcmt.lib member build\intel\mt_obj\inittime.obj and reproduces the complete 871-byte ledger extent zero-difference after replaying all declared target-bound relocations; no maintained source is claimed.
0x0045B39A,___free_lc_time,400,exact,100.00,runtime-crt-0045b39a,Canonical artifact_kind=coff-archive replay extracts the hash-attested VC7.1 libcmt.lib member build\intel\mt_obj\inittime.obj and reproduces the complete 400-byte ledger extent zero-difference after replaying all declared target-bound relocations; no maintained source is claimed.
0x0045B5BC,___free_lconv_num,95,exact,100.00,runtime-crt-0045b5bc,Canonical artifact_kind=coff-archive replay extracts the hash-attested VC7.1 libcmt.lib member build\intel\mt_obj\initnum.obj and reproduces the complete 95-byte ledger extent zero-difference after replaying all declared target-bound relocations; no maintained source is claimed.
0x0045B61B,___init_numeric,461,exact,100.00,runtime-crt-0045b61b,Canonical artifact_kind=coff-archive replay extracts the hash-attested VC7.1 libcmt.lib member build\intel\mt_obj\initnum.obj and reproduces the complete 461-byte ledger extent zero-difference after replaying all declared target-bound relocations; no maintained source is claimed.
0x0045B81B,___free_lconv_mon,217,exact,100.00,runtime-crt-0045b81b,Canonical artifact_kind=coff-archive replay extracts the hash-attested VC7.1 libcmt.lib member build\intel\mt_obj\initmon.obj and reproduces the complete 217-byte ledger extent zero-difference after replaying all declared target-bound relocations; no maintained source is claimed.
0x0045B8F4,___init_monetary,575,exact,100.00,runtime-crt-0045b8f4,Canonical artifact_kind=coff-archive replay extracts the hash-attested VC7.1 libcmt.lib member build\intel\mt_obj\initmon.obj and reproduces the complete 575-byte ledger extent zero-difference after replaying all declared target-bound relocations; no maintained source is claimed.
0x0045BB33,___init_ctype,494,exact,100.00,runtime-crt-0045bb33,Canonical artifact_kind=coff-archive replay extracts the hash-attested VC7.1 libcmt.lib member build\intel\mt_obj\initctyp.obj and reproduces the complete 494-byte ledger extent zero-difference after replaying all declared target-bound relocations; no maintained source is claimed.
0x0045BD80,_strcpy,7,exact,100.00,runtime-crt-0045bd80,Canonical artifact_kind=coff-archive replay of pinned VC7.1 libcmt.lib member build\intel\mt_obj\strcat.obj symbol _strcpy; complete target-bound comparison is zero-difference.
0x0045BD90,_strcat,232,exact,100.00,runtime-crt-0045bd90,Canonical artifact_kind=coff-archive replay extracts the hash-attested VC7.1 libcmt.lib member build\intel\mt_obj\strcat.obj and reproduces the complete 232-byte ledger extent zero-difference after replaying all declared target-bound relocations; no maintained source is claimed.
0x0045BE80,_strcspn,70,exact,100.00,runtime-crt-0045be80,Canonical artifact_kind=coff-archive replay extracts the hash-attested VC7.1 libcmt.lib member build\intel\mt_obj\strcspn.obj and reproduces the complete 70-byte ledger extent zero-difference after replaying all declared target-bound relocations; no maintained source is claimed.
0x0045BED0,_memset,96,exact,100.00,runtime-crt-0045bed0,Canonical artifact_kind=coff-archive replay extracts the hash-attested VC7.1 libcmt.lib member build\intel\mt_obj\memset.obj and reproduces the complete 96-byte ledger extent zero-difference after replaying all declared target-bound relocations; no maintained source is claimed.
0x0045BF30,_strcmp,136,exact,100.00,runtime-crt-0045bf30,Canonical artifact_kind=coff-archive replay extracts the hash-attested VC7.1 libcmt.lib member build\intel\mt_obj\strcmp.obj and reproduces the complete 136-byte ledger extent zero-difference after replaying all declared target-bound relocations; no maintained source is claimed.
0x0045BFC0,_memcpy,829,exact,100.00,runtime-crt-0045bfc0,Canonical artifact_kind=coff-archive replay extracts the hash-attested VC7.1 libcmt.lib member build\intel\mt_obj\memcpy.obj and reproduces the complete 829-byte ledger extent zero-difference after replaying all declared target-bound relocations; no maintained source is claimed.
0x0045C2FD,_TranslateName,96,exact,100.00,runtime-crt-0045c2fd,Canonical artifact_kind=coff-archive replay extracts the hash-attested VC7.1 libcmt.lib member build\intel\mt_obj\getqloc.obj and reproduces the complete 96-byte ledger extent zero-difference after replaying all declared target-bound relocations; no maintained source is claimed.
0x0045C377,_ProcessCodePage,122,exact,100.00,runtime-crt-0045c377,Canonical artifact_kind=coff-archive replay extracts the hash-attested VC7.1 libcmt.lib member build\intel\mt_obj\getqloc.obj and reproduces the complete 122-byte ledger extent zero-difference after replaying all declared target-bound relocations; no maintained source is claimed.
0x0045C3F1,_TestDefaultCountry,30,exact,100.00,runtime-crt-0045c3f1,Canonical artifact_kind=coff-archive replay extracts the hash-attested VC7.1 libcmt.lib member build\intel\mt_obj\getqloc.obj and reproduces the complete 30-byte ledger extent zero-difference after replaying all declared target-bound relocations; no maintained source is claimed.
0x0045C40F,_crtGetLocaleInfoA@16,227,exact,100.00,runtime-crt-0045c40f,Canonical artifact_kind=coff-archive replay extracts the hash-attested VC7.1 libcmt.lib member build\intel\mt_obj\getqloc.obj and reproduces the complete 227-byte ledger extent zero-difference after replaying all declared target-bound relocations; no maintained source is claimed.
0x0045C4F2,_LcidFromHexString,53,exact,100.00,runtime-crt-0045c4f2,Canonical artifact_kind=coff-archive replay extracts the hash-attested VC7.1 libcmt.lib member build\intel\mt_obj\getqloc.obj and reproduces the complete 53-byte ledger extent zero-difference after replaying all declared target-bound relocations; no maintained source is claimed.
0x0045C527,_GetPrimaryLen,29,exact,100.00,runtime-crt-0045c527,Canonical artifact_kind=coff-archive replay extracts the hash-attested VC7.1 libcmt.lib member build\intel\mt_obj\getqloc.obj and reproduces the complete 29-byte ledger extent zero-difference after replaying all declared target-bound relocations; no maintained source is claimed.
0x0045C544,_CountryEnumProc@4,152,exact,100.00,runtime-crt-0045c544,Canonical artifact_kind=coff-archive replay extracts the hash-attested VC7.1 libcmt.lib member build\intel\mt_obj\getqloc.obj and reproduces the complete 152-byte ledger extent zero-difference after replaying all declared target-bound relocations; no maintained source is claimed.
0x0045C5DC,_TestDefaultLanguage,117,exact,100.00,runtime-crt-0045c5dc,Canonical artifact_kind=coff-archive replay extracts the hash-attested VC7.1 libcmt.lib member build\intel\mt_obj\getqloc.obj and reproduces the complete 117-byte ledger extent zero-difference after replaying all declared target-bound relocations; no maintained source is claimed.
0x0045C651,_LangCountryEnumProc@4,542,exact,100.00,runtime-crt-0045c651,Canonical artifact_kind=coff-archive replay extracts the hash-attested VC7.1 libcmt.lib member build\intel\mt_obj\getqloc.obj and reproduces the complete 542-byte ledger extent zero-difference after replaying all declared target-bound relocations; no maintained source is claimed.
0x0045C86F,_LanguageEnumProc@4,207,exact,100.00,runtime-crt-0045c86f,Canonical artifact_kind=coff-archive replay extracts the hash-attested VC7.1 libcmt.lib member build\intel\mt_obj\getqloc.obj and reproduces the complete 207-byte ledger extent zero-difference after replaying all declared target-bound relocations; no maintained source is claimed.
0x0045CCD0,_strpbrk,64,exact,100.00,runtime-crt-0045ccd0,Canonical artifact_kind=coff-archive replay extracts the hash-attested VC7.1 libcmt.lib member build\intel\mt_obj\strpbrk.obj and reproduces the complete 64-byte ledger extent zero-difference after replaying all declared target-bound relocations; no maintained source is claimed.
0x0045CD56,_CPtoLCID,47,exact,100.00,runtime-crt-0045cd56,Canonical artifact_kind=coff-archive replay extracts the hash-attested VC7.1 libcmt.lib member build\intel\mt_obj\mbctype.obj and reproduces the complete 47-byte ledger extent zero-difference after replaying all declared target-bound relocations; no maintained source is claimed.
0x0045CD85,_setSBCS,41,exact,100.00,runtime-crt-0045cd85,Canonical artifact_kind=coff-archive replay extracts the hash-attested VC7.1 libcmt.lib member build\intel\mt_obj\mbctype.obj and reproduces the complete 41-byte ledger extent zero-difference after replaying all declared target-bound relocations; no maintained source is claimed.
0x0045CDAE,_setSBUpLow,411,exact,100.00,runtime-crt-0045cdae,Canonical artifact_kind=coff-archive replay extracts the hash-attested VC7.1 libcmt.lib member build\intel\mt_obj\mbctype.obj and reproduces the complete 411-byte ledger extent zero-difference after replaying all declared target-bound relocations; no maintained source is claimed.
0x0045CF49,___updatetmbcinfo,99,exact,100.00,runtime-crt-0045cf49,Canonical artifact_kind=coff-archive replay extracts the hash-attested VC7.1 libcmt.lib member build\intel\mt_obj\mbctype.obj and reproduces the complete 99-byte ledger extent zero-difference after replaying all declared target-bound relocations; no maintained source is claimed.
0x0045CFB8,__setmbcp_lk,404,exact,100.00,runtime-crt-0045cfb8,Canonical artifact_kind=coff-archive replay extracts the hash-attested VC7.1 libcmt.lib member build\intel\mt_obj\mbctype.obj and reproduces the complete 404-byte ledger extent zero-difference after replaying all declared target-bound relocations; no maintained source is claimed.
0x0045D15C,__setmbcp,327,exact,100.00,runtime-crt-0045d15c,Canonical artifact_kind=coff-archive replay extracts the hash-attested VC7.1 libcmt.lib member build\intel\mt_obj\mbctype.obj and reproduces the complete 327-byte ledger extent zero-difference after replaying all declared target-bound relocations; no maintained source is claimed.
0x0045D2AC,___initmbctable,30,exact,100.00,runtime-crt-0045d2ac,Canonical artifact_kind=coff-archive replay extracts the hash-attested VC7.1 libcmt.lib member build\intel\mt_obj\mbctype.obj and reproduces the complete 30-byte ledger extent zero-difference after replaying all declared target-bound relocations; no maintained source is claimed.
0x0045D2CA,__ZeroTail,50,exact,100.00,runtime-crt-0045d2ca,Canonical artifact_kind=coff-archive replay extracts the hash-attested VC7.1 libcmt.lib member ..\build\intel\mt_obj\intrncvt.obj and reproduces the complete 50-byte ledger extent zero-difference after replaying all declared target-bound relocations; no maintained source is claimed.
0x0045D2FC,__IncMan,77,exact,100.00,runtime-crt-0045d2fc,Canonical artifact_kind=coff-archive replay extracts the hash-attested VC7.1 libcmt.lib member ..\build\intel\mt_obj\intrncvt.obj and reproduces the complete 77-byte ledger extent zero-difference after replaying all declared target-bound relocations; no maintained source is claimed.
0x0045D349,__RoundMan,114,exact,100.00,runtime-crt-0045d349,Canonical artifact_kind=coff-archive replay extracts the hash-attested VC7.1 libcmt.lib member ..\build\intel\mt_obj\intrncvt.obj and reproduces the complete 114-byte ledger extent zero-difference after replaying all declared target-bound relocations; no maintained source is claimed.
0x0045D3BB,__CopyMan,27,exact,100.00,runtime-crt-0045d3bb,Canonical artifact_kind=coff-archive replay extracts the hash-attested VC7.1 libcmt.lib member ..\build\intel\mt_obj\intrncvt.obj and reproduces the complete 27-byte ledger extent zero-difference after replaying all declared target-bound relocations; no maintained source is claimed.
0x0045D3D6,__FillZeroMan,12,exact,100.00,runtime-crt-0045d3d6,Canonical artifact_kind=coff-archive replay extracts the hash-attested VC7.1 libcmt.lib member ..\build\intel\mt_obj\intrncvt.obj and reproduces the complete 12-byte ledger extent zero-difference after replaying all declared target-bound relocations; no maintained source is claimed.
0x0045D3E2,__IsZeroMan,25,exact,100.00,runtime-crt-0045d3e2,Canonical artifact_kind=coff-archive replay extracts the hash-attested VC7.1 libcmt.lib member ..\build\intel\mt_obj\intrncvt.obj and reproduces the complete 25-byte ledger extent zero-difference after replaying all declared target-bound relocations; no maintained source is claimed.
0x0045D3FB,__ShrMan,123,exact,100.00,runtime-crt-0045d3fb,Canonical artifact_kind=coff-archive replay extracts the hash-attested VC7.1 libcmt.lib member ..\build\intel\mt_obj\intrncvt.obj and reproduces the complete 123-byte ledger extent zero-difference after replaying all declared target-bound relocations; no maintained source is claimed.
0x0045D476,__ld12cvt,344,exact,100.00,runtime-crt-0045d476,Canonical artifact_kind=coff-archive replay extracts the hash-attested VC7.1 libcmt.lib member ..\build\intel\mt_obj\intrncvt.obj and reproduces the complete 344-byte ledger extent zero-difference after replaying all declared target-bound relocations; no maintained source is claimed.
0x0045D5CE,__ld12tod,22,exact,100.00,runtime-crt-0045d5ce,Canonical artifact_kind=coff-archive replay extracts the hash-attested VC7.1 libcmt.lib member ..\build\intel\mt_obj\intrncvt.obj and reproduces the complete 22-byte ledger extent zero-difference after replaying all declared target-bound relocations; no maintained source is claimed.
0x0045D5E4,__ld12tod,22,exact,100.00,runtime-crt-0045d5e4,Canonical artifact_kind=coff-archive replay extracts the hash-attested VC7.1 libcmt.lib member ..\build\intel\mt_obj\intrncvt.obj and reproduces the complete 22-byte ledger extent zero-difference after replaying all declared target-bound relocations; no maintained source is claimed.
0x0045D5FA,__ld12told,124,exact,100.00,runtime-crt-0045d5fa,Canonical artifact_kind=coff-archive replay extracts the hash-attested VC7.1 libcmt.lib member ..\build\intel\mt_obj\intrncvt.obj and reproduces the complete 124-byte ledger extent zero-difference after replaying all declared target-bound relocations; no maintained source is claimed.
0x0045D676,__atodbl,69,exact,100.00,runtime-crt-0045d676,Canonical artifact_kind=coff-archive replay extracts the hash-attested VC7.1 libcmt.lib member ..\build\intel\mt_obj\intrncvt.obj and reproduces the complete 69-byte ledger extent zero-difference after replaying all declared target-bound relocations; no maintained source is claimed.
0x0045D6BB,__atoldbl,70,exact,100.00,runtime-crt-0045d6bb,Canonical artifact_kind=coff-archive replay extracts the hash-attested VC7.1 libcmt.lib member ..\build\intel\mt_obj\intrncvt.obj and reproduces the complete 70-byte ledger extent zero-difference after replaying all declared target-bound relocations; no maintained source is claimed.
0x0045D701,__atodbl,69,exact,100.00,runtime-crt-0045d701,Canonical artifact_kind=coff-archive replay extracts the hash-attested VC7.1 libcmt.lib member ..\build\intel\mt_obj\intrncvt.obj and reproduces the complete 69-byte ledger extent zero-difference after replaying all declared target-bound relocations; no maintained source is claimed.
0x0045D746,___strgtold12,1039,exact,100.00,runtime-crt-0045d746,Canonical artifact_kind=coff-archive replay extracts the hash-attested VC7.1 libcmt.lib member ..\build\intel\mt_obj\strgtold.obj and reproduces the complete 1039-byte ledger extent zero-difference after replaying all declared target-bound relocations; no maintained source is claimed.
0x0045DB86,___STRINGTOLD,85,exact,100.00,runtime-crt-0045db86,Canonical artifact_kind=coff-archive replay extracts the hash-attested VC7.1 libcmt.lib member ..\build\intel\mt_obj\strgtold.obj and reproduces the complete 85-byte ledger extent zero-difference after replaying all declared target-bound relocations; no maintained source is claimed.
0x0045DBDB,__forcdecpt,60,exact,100.00,runtime-crt-0045dbdb,Canonical artifact_kind=coff-archive replay extracts the hash-attested VC7.1 libcmt.lib member ..\build\intel\mt_obj\cvt.obj and reproduces the complete 60-byte ledger extent zero-difference after replaying all declared target-bound relocations; no maintained source is claimed.
0x0045DC7C,__fassign,62,exact,100.00,runtime-crt-0045dc7c,Canonical artifact_kind=coff-archive replay extracts the hash-attested VC7.1 libcmt.lib member ..\build\intel\mt_obj\cvt.obj and reproduces the complete 62-byte ledger extent zero-difference after replaying all declared target-bound relocations; no maintained source is claimed.
0x0045DCBA,__shift,29,exact,100.00,runtime-crt-0045dcba,Canonical artifact_kind=coff-archive replay extracts the hash-attested VC7.1 libcmt.lib member ..\build\intel\mt_obj\cvt.obj and reproduces the complete 29-byte ledger extent zero-difference after replaying all declared target-bound relocations; no maintained source is claimed.
0x0045DCD7,__cftoe2,174,exact,100.00,runtime-crt-0045dcd7,Canonical artifact_kind=coff-archive replay extracts the hash-attested VC7.1 libcmt.lib member ..\build\intel\mt_obj\cvt.obj and reproduces the complete 174-byte ledger extent zero-difference after replaying all declared target-bound relocations; no maintained source is claimed.
0x0045DD85,__cftoe,112,exact,100.00,runtime-crt-0045dd85,Canonical artifact_kind=coff-archive replay extracts the hash-attested VC7.1 libcmt.lib member ..\build\intel\mt_obj\cvt.obj and reproduces the complete 112-byte ledger extent zero-difference after replaying all declared target-bound relocations; no maintained source is claimed.
0x0045DDF5,__cftof2,156,exact,100.00,runtime-crt-0045ddf5,Canonical artifact_kind=coff-archive replay extracts the hash-attested VC7.1 libcmt.lib member ..\build\intel\mt_obj\cvt.obj and reproduces the complete 156-byte ledger extent zero-difference after replaying all declared target-bound relocations; no maintained source is claimed.
0x0045DE91,__cftof,103,exact,100.00,runtime-crt-0045de91,Canonical artifact_kind=coff-archive replay extracts the hash-attested VC7.1 libcmt.lib member ..\build\intel\mt_obj\cvt.obj and reproduces the complete 103-byte ledger extent zero-difference after replaying all declared target-bound relocations; no maintained source is claimed.
0x0045DEF8,__cftog,159,exact,100.00,runtime-crt-0045def8,Canonical artifact_kind=coff-archive replay extracts the hash-attested VC7.1 libcmt.lib member ..\build\intel\mt_obj\cvt.obj and reproduces the complete 159-byte ledger extent zero-difference after replaying all declared target-bound relocations; no maintained source is claimed.
0x0045DF97,__cfltcvt,81,exact,100.00,runtime-crt-0045df97,Canonical artifact_kind=coff-archive replay extracts the hash-attested VC7.1 libcmt.lib member ..\build\intel\mt_obj\cvt.obj and reproduces the complete 81-byte ledger extent zero-difference after replaying all declared target-bound relocations; no maintained source is claimed.
0x0045DFE8,__setdefaultprecision,18,exact,100.00,runtime-crt-0045dfe8,Canonical artifact_kind=coff-archive replay extracts the hash-attested VC7.1 libcmt.lib member build\intel\mt_obj\fp8.obj and reproduces the complete 18-byte ledger extent zero-difference after replaying all declared target-bound relocations; no maintained source is claimed.
0x0045DFFA,__ms_p5_test_fdiv,64,exact,100.00,runtime-crt-0045dffa,Canonical artifact_kind=coff-archive replay extracts the hash-attested VC7.1 libcmt.lib member ..\build\intel\mt_obj\testfdiv.obj and reproduces the complete 64-byte ledger extent zero-difference after replaying all declared target-bound relocations; no maintained source is claimed.
0x0045E03A,__ms_p5_mp_test_fdiv,41,exact,100.00,runtime-crt-0045e03a,Canonical artifact_kind=coff-archive replay extracts the hash-attested VC7.1 libcmt.lib member ..\build\intel\mt_obj\testfdiv.obj and reproduces the complete 41-byte ledger extent zero-difference after replaying all declared target-bound relocations; no maintained source is claimed.
0x0045E063,__getenv_lk,129,exact,100.00,runtime-crt-0045e063,Canonical artifact_kind=coff-archive replay extracts the hash-attested VC7.1 libcmt.lib member build\intel\mt_obj\getenv.obj and reproduces the complete 129-byte ledger extent zero-difference after replaying all declared target-bound relocations; no maintained source is claimed.
0x0045E123,__filbuf,225,exact,100.00,runtime-crt-0045e123,Canonical artifact_kind=coff-archive replay extracts the hash-attested VC7.1 libcmt.lib member build\intel\mt_obj\_filbuf.obj and reproduces the complete 225-byte ledger extent zero-difference after replaying all declared target-bound relocations; no maintained source is claimed.
0x0045E204,__ungetc_lk,108,exact,100.00,runtime-crt-0045e204,Canonical artifact_kind=coff-archive replay extracts the hash-attested VC7.1 libcmt.lib member build\intel\mt_obj\ungetc.obj and reproduces the complete 108-byte ledger extent zero-difference after replaying all declared target-bound relocations; no maintained source is claimed.
0x0045E2B5,___mbtowc_mt,192,exact,100.00,runtime-crt-0045e2b5,Canonical artifact_kind=coff-archive replay extracts the hash-attested VC7.1 libcmt.lib member build\intel\mt_obj\mbtowc.obj and reproduces the complete 192-byte ledger extent zero-difference after replaying all declared target-bound relocations; no maintained source is claimed.
0x0045E375,_mbstowcs,43,exact,100.00,runtime-crt-0045e375,Canonical artifact_kind=coff-archive replay extracts the hash-attested VC7.1 libcmt.lib member build\intel\mt_obj\mbstowcs.obj and reproduces the complete 43-byte ledger extent zero-difference after replaying all declared target-bound relocations; no maintained source is claimed.
0x0045E3A3,__raise_exc,677,exact,100.00,runtime-crt-0045e3a3,Canonical artifact_kind=coff-archive replay extracts the hash-attested VC7.1 libcmt.lib member ..\build\intel\mt_obj\fpexcept.obj and reproduces the complete 677-byte ledger extent zero-difference after replaying all declared target-bound relocations; no maintained source is claimed.
0x0045E648,__handle_exc,548,exact,100.00,runtime-crt-0045e648,Canonical artifact_kind=coff-archive replay extracts the hash-attested VC7.1 libcmt.lib member ..\build\intel\mt_obj\fpexcept.obj and reproduces the complete 548-byte ledger extent zero-difference after replaying all declared target-bound relocations; no maintained source is claimed.
0x0045E86C,__set_errno,40,exact,100.00,runtime-crt-0045e86c,Canonical artifact_kind=coff-archive replay extracts the hash-attested VC7.1 libcmt.lib member ..\build\intel\mt_obj\fpexcept.obj and reproduces the complete 40-byte ledger extent zero-difference after replaying all declared target-bound relocations; no maintained source is claimed.
0x0045E8B4,__errcode,45,exact,100.00,runtime-crt-0045e8b4,Canonical artifact_kind=coff-archive replay extracts the hash-attested VC7.1 libcmt.lib member ..\build\intel\mt_obj\fpexcept.obj and reproduces the complete 45-byte ledger extent zero-difference after replaying all declared target-bound relocations; no maintained source is claimed.
0x0045E8E1,__umatherr,158,exact,100.00,runtime-crt-0045e8e1,Canonical artifact_kind=coff-archive replay extracts the hash-attested VC7.1 libcmt.lib member ..\build\intel\mt_obj\fpexcept.obj and reproduces the complete 158-byte ledger extent zero-difference after replaying all declared target-bound relocations; no maintained source is claimed.
0x0045E97F,__handle_qnan1,83,exact,100.00,runtime-crt-0045e97f,Canonical artifact_kind=coff-archive replay extracts the hash-attested VC7.1 libcmt.lib member ..\build\intel\mt_obj\fpexcept.obj and reproduces the complete 83-byte ledger extent zero-difference after replaying all declared target-bound relocations; no maintained source is claimed.
0x0045E9D2,__handle_qnan2,95,exact,100.00,runtime-crt-0045e9d2,Canonical artifact_kind=coff-archive replay extracts the hash-attested VC7.1 libcmt.lib member ..\build\intel\mt_obj\fpexcept.obj and reproduces the complete 95-byte ledger extent zero-difference after replaying all declared target-bound relocations; no maintained source is claimed.
0x0045EA31,__except1,188,exact,100.00,runtime-crt-0045ea31,Canonical artifact_kind=coff-archive replay extracts the hash-attested VC7.1 libcmt.lib member ..\build\intel\mt_obj\fpexcept.obj and reproduces the complete 188-byte ledger extent zero-difference after replaying all declared target-bound relocations; no maintained source is claimed.
0x0045EAED,__except2,205,exact,100.00,runtime-crt-0045eaed,Canonical artifact_kind=coff-archive replay extracts the hash-attested VC7.1 libcmt.lib member ..\build\intel\mt_obj\fpexcept.obj and reproduces the complete 205-byte ledger extent zero-difference after replaying all declared target-bound relocations; no maintained source is claimed.
0x0045EBBA,__frnd,17,exact,100.00,runtime-crt-0045ebba,Canonical artifact_kind=coff-archive replay extracts the hash-attested VC7.1 libcmt.lib member ..\build\intel\mt_obj\frnd.obj and reproduces the complete 17-byte ledger extent zero-difference after replaying all declared target-bound relocations; no maintained source is claimed.
0x0045EBCB,__set_exp,42,exact,100.00,runtime-crt-0045ebcb,Canonical artifact_kind=coff-archive replay extracts the hash-attested VC7.1 libcmt.lib member ..\build\intel\mt_obj\util.obj and reproduces the complete 42-byte ledger extent zero-difference after replaying all declared target-bound relocations; no maintained source is claimed.
0x0045EC34,__set_bexp,37,exact,100.00,runtime-crt-0045ec34,Canonical artifact_kind=coff-archive replay extracts the hash-attested VC7.1 libcmt.lib member ..\build\intel\mt_obj\util.obj and reproduces the complete 37-byte ledger extent zero-difference after replaying all declared target-bound relocations; no maintained source is claimed.
0x0045EC59,__sptype,91,exact,100.00,runtime-crt-0045ec59,Canonical artifact_kind=coff-archive replay extracts the hash-attested VC7.1 libcmt.lib member ..\build\intel\mt_obj\util.obj and reproduces the complete 91-byte ledger extent zero-difference after replaying all declared target-bound relocations; no maintained source is claimed.
0x0045ECB4,__decomp,188,exact,100.00,runtime-crt-0045ecb4,Canonical artifact_kind=coff-archive replay extracts the hash-attested VC7.1 libcmt.lib member ..\build\intel\mt_obj\util.obj and reproduces the complete 188-byte ledger extent zero-difference after replaying all declared target-bound relocations; no maintained source is claimed.
0x0045ED70,__statfp,11,exact,100.00,runtime-crt-0045ed70,Canonical artifact_kind=coff-archive replay of pinned VC7.1 libcmt.lib member ..\build\intel\mt_obj\fpctrl.obj symbol __statfp; complete target-bound comparison is zero-difference.
0x0045ED7B,__clrfp,12,exact,100.00,runtime-crt-0045ed7b,Canonical artifact_kind=coff-archive replay extracts the hash-attested VC7.1 libcmt.lib member ..\build\intel\mt_obj\fpctrl.obj and reproduces the complete 12-byte ledger extent zero-difference after replaying all declared target-bound relocations; no maintained source is claimed.
0x0045ED87,__ctrlfp,36,exact,100.00,runtime-crt-0045ed87,Canonical artifact_kind=coff-archive replay extracts the hash-attested VC7.1 libcmt.lib member ..\build\intel\mt_obj\fpctrl.obj and reproduces the complete 36-byte ledger extent zero-difference after replaying all declared target-bound relocations; no maintained source is claimed.
0x0045EDAB,__set_statfp,86,exact,100.00,runtime-crt-0045edab,Canonical artifact_kind=coff-archive replay extracts the hash-attested VC7.1 libcmt.lib member ..\build\intel\mt_obj\fpctrl.obj and reproduces the complete 86-byte ledger extent zero-difference after replaying all declared target-bound relocations; no maintained source is claimed.
0x0045EE1D,___crtLCMapStringA,982,exact,100.00,runtime-crt-0045ee1d,Canonical artifact_kind=coff-archive replay extracts the hash-attested VC7.1 libcmt.lib member build\intel\mt_obj\a_map.obj and reproduces the complete 982-byte ledger extent zero-difference after replaying all declared target-bound relocations; no maintained source is claimed.
0x0045F1F3,___security_init_cookie,102,exact,100.00,runtime-crt-0045f1f3,Canonical artifact_kind=coff-archive replay extracts the hash-attested VC7.1 libcmt.lib member build\intel\mt_obj\seccinit.obj and reproduces the complete 102-byte ledger extent zero-difference after replaying all declared target-bound relocations; no maintained source is claimed.
0x0045F259,___security_error_handler,331,exact,100.00,runtime-crt-0045f259,Canonical artifact_kind=coff-archive replay extracts the hash-attested VC7.1 libcmt.lib member build\intel\mt_obj\secfail.obj and reproduces the complete 331-byte ledger extent zero-difference after replaying all declared target-bound relocations; no maintained source is claimed.
0x0045F3D0,___crtMessageBoxA,249,exact,100.00,runtime-crt-0045f3d0,Canonical artifact_kind=coff-archive replay extracts the hash-attested VC7.1 libcmt.lib member build\intel\mt_obj\crtmbox.obj and reproduces the complete 249-byte ledger extent zero-difference after replaying all declared target-bound relocations; no maintained source is claimed.
0x0045F4C9,_x_ismbbtype,51,exact,100.00,runtime-crt-0045f4c9,Canonical artifact_kind=coff-archive replay extracts the hash-attested VC7.1 libcmt.lib member build\intel\mt_obj\ismbbyte.obj and reproduces the complete 51-byte ledger extent zero-difference after replaying all declared target-bound relocations; no maintained source is claimed.
0x0045F590,__ismbblead,17,exact,100.00,runtime-crt-0045f590,Canonical artifact_kind=coff-archive replay extracts the hash-attested VC7.1 libcmt.lib member build\intel\mt_obj\ismbbyte.obj and reproduces the complete 17-byte ledger extent zero-difference after replaying all declared target-bound relocations; no maintained source is claimed.
0x0045F655,__free_osfhnd,127,exact,100.00,runtime-crt-0045f655,Canonical artifact_kind=coff-archive replay extracts the hash-attested VC7.1 libcmt.lib member build\intel\mt_obj\osfinfo.obj and reproduces the complete 127-byte ledger extent zero-difference after replaying all declared target-bound relocations; no maintained source is claimed.
0x0045F6D4,__get_osfhandle,65,exact,100.00,runtime-crt-0045f6d4,Canonical artifact_kind=coff-archive replay extracts the hash-attested VC7.1 libcmt.lib member build\intel\mt_obj\osfinfo.obj and reproduces the complete 65-byte ledger extent zero-difference after replaying all declared target-bound relocations; no maintained source is claimed.
0x0045F715,__lock_fhandle,148,exact,100.00,runtime-crt-0045f715,Canonical artifact_kind=coff-archive replay extracts the hash-attested VC7.1 libcmt.lib member build\intel\mt_obj\osfinfo.obj and reproduces the complete 148-byte ledger extent zero-difference after replaying all declared target-bound relocations; no maintained source is claimed.
0x0045F7B5,__unlock_fhandle,34,exact,100.00,runtime-crt-0045f7b5,Canonical artifact_kind=coff-archive replay extracts the hash-attested VC7.1 libcmt.lib member build\intel\mt_obj\osfinfo.obj and reproduces the complete 34-byte ledger extent zero-difference after replaying all declared target-bound relocations; no maintained source is claimed.
0x0045FA1A,__lseeki64_lk,131,exact,100.00,runtime-crt-0045fa1a,Canonical artifact_kind=coff-archive replay extracts the hash-attested VC7.1 libcmt.lib member build\intel\mt_obj\lseeki64.obj and reproduces the complete 131-byte ledger extent zero-difference after replaying all declared target-bound relocations; no maintained source is claimed.
0x0045FBF6,__flush,93,exact,100.00,runtime-crt-0045fbf6,Canonical artifact_kind=coff-archive replay extracts the hash-attested VC7.1 libcmt.lib member build\intel\mt_obj\fflush.obj and reproduces the complete 93-byte ledger extent zero-difference after replaying all declared target-bound relocations; no maintained source is claimed.
0x0045FDAF,__fptrap,9,exact,100.00,runtime-crt-0045fdaf,Canonical artifact_kind=coff-archive replay of pinned VC7.1 libcmt.lib member build\intel\mt_obj\crt0fp.obj symbol __fptrap; complete target-bound comparison is zero-difference.
0x0045FE47,_siglookup,46,exact,100.00,runtime-crt-0045fe47,Canonical artifact_kind=coff-archive replay extracts the hash-attested VC7.1 libcmt.lib member build\intel\mt_obj\winsig.obj and reproduces the complete 46-byte ledger extent zero-difference after replaying all declared target-bound relocations; no maintained source is claimed.
0x00460028,_raise,377,exact,100.00,runtime-crt-00460028,Canonical artifact_kind=coff-archive replay extracts the hash-attested VC7.1 libcmt.lib member build\intel\mt_obj\winsig.obj and reproduces the complete 377-byte ledger extent zero-difference after replaying all declared target-bound relocations; no maintained source is claimed.
0x004601A1,___ansicp,71,exact,100.00,runtime-crt-004601a1,Canonical artifact_kind=coff-archive replay extracts the hash-attested VC7.1 libcmt.lib member build\intel\mt_obj\convrtcp.obj and reproduces the complete 71-byte ledger extent zero-difference after replaying all declared target-bound relocations; no maintained source is claimed.
0x004601E8,___convertcp,474,exact,100.00,runtime-crt-004601e8,Canonical artifact_kind=coff-archive replay extracts the hash-attested VC7.1 libcmt.lib member build\intel\mt_obj\convrtcp.obj and reproduces the complete 474-byte ledger extent zero-difference after replaying all declared target-bound relocations; no maintained source is claimed.
0x004603D0,___ascii_stricmp,78,exact,100.00,runtime-crt-004603d0,Canonical artifact_kind=coff-archive replay extracts the hash-attested VC7.1 libcmt.lib member build\intel\mt_obj\_stricmp.obj and reproduces the complete 78-byte ledger extent zero-difference after replaying all declared target-bound relocations; no maintained source is claimed.
0x0046041E,___getlocaleinfo,304,exact,100.00,runtime-crt-0046041e,Canonical artifact_kind=coff-archive replay extracts the hash-attested VC7.1 libcmt.lib member build\intel\mt_obj\inithelp.obj and reproduces the complete 304-byte ledger extent zero-difference after replaying all declared target-bound relocations; no maintained source is claimed.
0x0046054E,__stricmp,105,exact,100.00,runtime-crt-0046054e,Canonical artifact_kind=coff-archive replay of pinned VC7.1 libcmt.lib member build\intel\mt_obj\stricmp.obj symbol __stricmp; complete target-bound comparison is zero-difference.
0x004605B7,__strnicmp,127,exact,100.00,runtime-crt-004605b7,Canonical artifact_kind=coff-archive replay extracts the hash-attested VC7.1 libcmt.lib member build\intel\mt_obj\strnicmp.obj and reproduces the complete 127-byte ledger extent zero-difference after replaying all declared target-bound relocations; no maintained source is claimed.
0x00460636,_xtoa,62,exact,100.00,runtime-crt-00460636,Canonical artifact_kind=coff-archive replay extracts the hash-attested VC7.1 libcmt.lib member build\intel\mt_obj\xtoa.obj and reproduces the complete 62-byte ledger extent zero-difference after replaying all declared target-bound relocations; no maintained source is claimed.
0x00460674,__itoa,42,exact,100.00,runtime-crt-00460674,Canonical artifact_kind=coff-archive replay extracts the hash-attested VC7.1 libcmt.lib member build\intel\mt_obj\xtoa.obj and reproduces the complete 42-byte ledger extent zero-difference after replaying all declared target-bound relocations; no maintained source is claimed.
0x0046069E,__ltoa,39,exact,100.00,runtime-crt-0046069e,Canonical artifact_kind=coff-archive replay extracts the hash-attested VC7.1 libcmt.lib member build\intel\mt_obj\xtoa.obj and reproduces the complete 39-byte ledger extent zero-difference after replaying all declared target-bound relocations; no maintained source is claimed.
0x004606DF,_x64toa@20,109,exact,100.00,runtime-crt-004606df,Canonical artifact_kind=coff-archive replay extracts the hash-attested VC7.1 libcmt.lib member build\intel\mt_obj\xtoa.obj and reproduces the complete 109-byte ledger extent zero-difference after replaying all declared target-bound relocations; no maintained source is claimed.
0x0046074C,__i64toa,49,exact,100.00,runtime-crt-0046074c,Canonical artifact_kind=coff-archive replay extracts the hash-attested VC7.1 libcmt.lib member build\intel\mt_obj\xtoa.obj and reproduces the complete 49-byte ledger extent zero-difference after replaying all declared target-bound relocations; no maintained source is claimed.
0x0046077D,__ui64toa,27,exact,100.00,runtime-crt-0046077d,Canonical artifact_kind=coff-archive replay extracts the hash-attested VC7.1 libcmt.lib member build\intel\mt_obj\xtoa.obj and reproduces the complete 27-byte ledger extent zero-difference after replaying all declared target-bound relocations; no maintained source is claimed.
0x00460798,___addl,33,exact,100.00,runtime-crt-00460798,Canonical artifact_kind=coff-archive replay extracts the hash-attested VC7.1 libcmt.lib member ..\build\intel\mt_obj\mantold.obj and reproduces the complete 33-byte ledger extent zero-difference after replaying all declared target-bound relocations; no maintained source is claimed.
0x004607B9,___add_12,94,exact,100.00,runtime-crt-004607b9,Canonical artifact_kind=coff-archive replay extracts the hash-attested VC7.1 libcmt.lib member ..\build\intel\mt_obj\mantold.obj and reproduces the complete 94-byte ledger extent zero-difference after replaying all declared target-bound relocations; no maintained source is claimed.
0x00460817,___shl_12,46,exact,100.00,runtime-crt-00460817,Canonical artifact_kind=coff-archive replay extracts the hash-attested VC7.1 libcmt.lib member ..\build\intel\mt_obj\mantold.obj and reproduces the complete 46-byte ledger extent zero-difference after replaying all declared target-bound relocations; no maintained source is claimed.
0x00460845,___shr_12,45,exact,100.00,runtime-crt-00460845,Canonical artifact_kind=coff-archive replay extracts the hash-attested VC7.1 libcmt.lib member ..\build\intel\mt_obj\mantold.obj and reproduces the complete 45-byte ledger extent zero-difference after replaying all declared target-bound relocations; no maintained source is claimed.
0x00460872,___mtold12,232,exact,100.00,runtime-crt-00460872,Canonical artifact_kind=coff-archive replay extracts the hash-attested VC7.1 libcmt.lib member ..\build\intel\mt_obj\mantold.obj and reproduces the complete 232-byte ledger extent zero-difference after replaying all declared target-bound relocations; no maintained source is claimed.
0x0046095A,___ld12mul,566,exact,100.00,runtime-crt-0046095a,Canonical artifact_kind=coff-archive replay extracts the hash-attested VC7.1 libcmt.lib member ..\build\intel\mt_obj\tenpow.obj and reproduces the complete 566-byte ledger extent zero-difference after replaying all declared target-bound relocations; no maintained source is claimed.
0x00460B90,___multtenpow12,142,exact,100.00,runtime-crt-00460b90,Canonical artifact_kind=coff-archive replay extracts the hash-attested VC7.1 libcmt.lib member ..\build\intel\mt_obj\tenpow.obj and reproduces the complete 142-byte ledger extent zero-difference after replaying all declared target-bound relocations; no maintained source is claimed.
0x00460C26,___tolower_mt,200,exact,100.00,runtime-crt-00460c26,Canonical artifact_kind=coff-archive replay extracts the hash-attested VC7.1 libcmt.lib member build\intel\mt_obj\tolower.obj and reproduces the complete 200-byte ledger extent zero-difference after replaying all declared target-bound relocations; no maintained source is claimed.
0x00460CEE,_tolower,34,exact,100.00,runtime-crt-00460cee,Canonical artifact_kind=coff-archive replay extracts the hash-attested VC7.1 libcmt.lib member build\intel\mt_obj\tolower.obj and reproduces the complete 34-byte ledger extent zero-difference after replaying all declared target-bound relocations; no maintained source is claimed.
0x00460D10,__fptostr,119,exact,100.00,runtime-crt-00460d10,Canonical artifact_kind=coff-archive replay extracts the hash-attested VC7.1 libcmt.lib member build\intel\mt_obj\_fptostr.obj and reproduces the complete 119-byte ledger extent zero-difference after replaying all declared target-bound relocations; no maintained source is claimed.
0x00460D87,___dtold,186,exact,100.00,runtime-crt-00460d87,Canonical artifact_kind=coff-archive replay extracts the hash-attested VC7.1 libcmt.lib member ..\build\intel\mt_obj\cfout.obj and reproduces the complete 186-byte ledger extent zero-difference after replaying all declared target-bound relocations; no maintained source is claimed.
0x00460E41,__fltout2,120,exact,100.00,runtime-crt-00460e41,Canonical artifact_kind=coff-archive replay extracts the hash-attested VC7.1 libcmt.lib member ..\build\intel\mt_obj\cfout.obj and reproduces the complete 120-byte ledger extent zero-difference after replaying all declared target-bound relocations; no maintained source is claimed.
0x00460EE4,__abstract_cw,146,exact,100.00,runtime-crt-00460ee4,Canonical artifact_kind=coff-archive replay extracts the hash-attested VC7.1 libcmt.lib member ..\build\intel\mt_obj\ieee87.obj and reproduces the complete 146-byte ledger extent zero-difference after replaying all declared target-bound relocations; no maintained source is claimed.
0x00460F76,__hw_cw,142,exact,100.00,runtime-crt-00460f76,Canonical artifact_kind=coff-archive replay extracts the hash-attested VC7.1 libcmt.lib member ..\build\intel\mt_obj\ieee87.obj and reproduces the complete 142-byte ledger extent zero-difference after replaying all declared target-bound relocations; no maintained source is claimed.
0x0046105E,__control87,50,exact,100.00,runtime-crt-0046105e,Canonical artifact_kind=coff-archive replay extracts the hash-attested VC7.1 libcmt.lib member ..\build\intel\mt_obj\ieee87.obj and reproduces the complete 50-byte ledger extent zero-difference after replaying all declared target-bound relocations; no maintained source is claimed.
0x00461090,__controlfp,22,exact,100.00,runtime-crt-00461090,Canonical artifact_kind=coff-archive replay extracts the hash-attested VC7.1 libcmt.lib member ..\build\intel\mt_obj\ieee87.obj and reproduces the complete 22-byte ledger extent zero-difference after replaying all declared target-bound relocations; no maintained source is claimed.
0x004610A6,__mbsnbicoll,78,exact,100.00,runtime-crt-004610a6,Canonical artifact_kind=coff-archive replay extracts the hash-attested VC7.1 libcmt.lib member build\intel\mt_obj\mbsnbico.obj and reproduces the complete 78-byte ledger extent zero-difference after replaying all declared target-bound relocations; no maintained source is claimed.
0x004610F4,___wtomb_environ,144,exact,100.00,runtime-crt-004610f4,Canonical artifact_kind=coff-archive replay extracts the hash-attested VC7.1 libcmt.lib member build\intel\mt_obj\wtombenv.obj and reproduces the complete 144-byte ledger extent zero-difference after replaying all declared target-bound relocations; no maintained source is claimed.
0x00461184,__read_lk,477,exact,100.00,runtime-crt-00461184,Canonical artifact_kind=coff-archive replay extracts the hash-attested VC7.1 libcmt.lib member build\intel\mt_obj\read.obj and reproduces the complete 477-byte ledger extent zero-difference after replaying all declared target-bound relocations; no maintained source is claimed.
0x00461361,__locking,171,exact,100.00,runtime-crt-00461361,Canonical artifact_kind=coff-archive replay extracts the hash-attested VC7.1 libcmt.lib member build\intel\mt_obj\locking.obj and reproduces the complete 171-byte ledger extent zero-difference after replaying all declared target-bound relocations; no maintained source is claimed.
0x0046140C,__fclose_lk,76,exact,100.00,runtime-crt-0046140c,Canonical artifact_kind=coff-archive replay extracts the hash-attested VC7.1 libcmt.lib member build\intel\mt_obj\fclose.obj and reproduces the complete 76-byte ledger extent zero-difference after replaying all declared target-bound relocations; no maintained source is claimed.
0x00461565,___crtGetLocaleInfoW,304,exact,100.00,runtime-crt-00461565,Canonical artifact_kind=coff-archive replay extracts the hash-attested VC7.1 libcmt.lib member build\intel\mt_obj\w_loc.obj and reproduces the complete 304-byte ledger extent zero-difference after replaying all declared target-bound relocations; no maintained source is claimed.
0x00461695,___crtGetLocaleInfoA,320,exact,100.00,runtime-crt-00461695,Canonical artifact_kind=coff-archive replay extracts the hash-attested VC7.1 libcmt.lib member build\intel\mt_obj\a_loc.obj and reproduces the complete 320-byte ledger extent zero-difference after replaying all declared target-bound relocations; no maintained source is claimed.
0x004617E0,___ascii_strnicmp,97,exact,100.00,runtime-crt-004617e0,Canonical artifact_kind=coff-archive replay extracts the hash-attested VC7.1 libcmt.lib member build\intel\mt_obj\_strnicm.obj and reproduces the complete 97-byte ledger extent zero-difference after replaying all declared target-bound relocations; no maintained source is claimed.
0x00461841,_$I10_OUTPUT,668,exact,100.00,runtime-crt-00461841,Canonical artifact_kind=coff-archive replay extracts the hash-attested VC7.1 libcmt.lib member ..\build\intel\mt_obj\x10fout.obj and reproduces the complete 668-byte ledger extent zero-difference after replaying all declared target-bound relocations; no maintained source is claimed.
0x00461ADD,_strncnt,28,exact,100.00,runtime-crt-00461add,Canonical artifact_kind=coff-archive replay extracts the hash-attested VC7.1 libcmt.lib member build\intel\mt_obj\a_cmp.obj and reproduces the complete 28-byte ledger extent zero-difference after replaying all declared target-bound relocations; no maintained source is claimed.
0x00461AF9,___crtCompareStringA,906,exact,100.00,runtime-crt-00461af9,Canonical artifact_kind=coff-archive replay extracts the hash-attested VC7.1 libcmt.lib member build\intel\mt_obj\a_cmp.obj and reproduces the complete 906-byte ledger extent zero-difference after replaying all declared target-bound relocations; no maintained source is claimed.
0x00461E83,_findenv,77,exact,100.00,runtime-crt-00461e83,Canonical artifact_kind=coff-archive replay extracts the hash-attested VC7.1 libcmt.lib member build\intel\mt_obj\setenv.obj and reproduces the complete 77-byte ledger extent zero-difference after replaying all declared target-bound relocations; no maintained source is claimed.
0x00461ED0,_copy_environ,97,exact,100.00,runtime-crt-00461ed0,Canonical artifact_kind=coff-archive replay extracts the hash-attested VC7.1 libcmt.lib member build\intel\mt_obj\setenv.obj and reproduces the complete 97-byte ledger extent zero-difference after replaying all declared target-bound relocations; no maintained source is claimed.
0x00461F31,___crtsetenv,470,exact,100.00,runtime-crt-00461f31,Canonical artifact_kind=coff-archive replay extracts the hash-attested VC7.1 libcmt.lib member build\intel\mt_obj\setenv.obj and reproduces the complete 470-byte ledger extent zero-difference after replaying all declared target-bound relocations; no maintained source is claimed.
0x00462107,__close_lk,131,exact,100.00,runtime-crt-00462107,Canonical artifact_kind=coff-archive replay extracts the hash-attested VC7.1 libcmt.lib member build\intel\mt_obj\close.obj and reproduces the complete 131-byte ledger extent zero-difference after replaying all declared target-bound relocations; no maintained source is claimed.
0x0046218A,__close,155,exact,100.00,runtime-crt-0046218a,Canonical artifact_kind=coff-archive replay extracts the hash-attested VC7.1 libcmt.lib member build\intel\mt_obj\close.obj and reproduces the complete 155-byte ledger extent zero-difference after replaying all declared target-bound relocations; no maintained source is claimed.
0x00462225,__freebuf,43,exact,100.00,runtime-crt-00462225,Canonical artifact_kind=coff-archive replay extracts the hash-attested VC7.1 libcmt.lib member build\intel\mt_obj\_freebuf.obj and reproduces the complete 43-byte ledger extent zero-difference after replaying all declared target-bound relocations; no maintained source is claimed.
0x00462250,__strdup,43,exact,100.00,runtime-crt-00462250,Canonical artifact_kind=coff-archive replay extracts the hash-attested VC7.1 libcmt.lib member build\intel\mt_obj\strdup.obj and reproduces the complete 43-byte ledger extent zero-difference after replaying all declared target-bound relocations; no maintained source is claimed.
0x0046227B,__mbschr,123,exact,100.00,runtime-crt-0046227b,Canonical artifact_kind=coff-archive replay extracts the hash-attested VC7.1 libcmt.lib member build\intel\mt_obj\mbschr.obj and reproduces the complete 123-byte ledger extent zero-difference after replaying all declared target-bound relocations; no maintained source is claimed.
0x00462301,??0?$basic_string@DU?$char_traits@D@std@@V?$allocator@D@2@@std@@QAE@ABV01@@Z,38,exact,100.00,runtime-cxx-00462301,Canonical artifact_kind=coff-archive replay of pinned VC7.1 libcpmt.lib member build\intel\mt_obj\string.obj symbol ??0?$basic_string@DU?$char_traits@D@std@@V?$allocator@D@2@@std@@QAE@ABV01@@Z; complete target-bound comparison is zero-difference.
0x00462327,??0logic_error@std@@QAE@ABV?$basic_string@DU?$char_traits@D@std@@V?$allocator@D@2@@1@@Z,60,exact,100.00,runtime-cxx-00462327,Canonical artifact_kind=coff-archive replay of pinned VC7.1 libcpmt.lib member build\intel\mt_obj\string.obj symbol ??0logic_error@std@@QAE@ABV?$basic_string@DU?$char_traits@D@std@@V?$allocator@D@2@@1@@Z; complete target-bound comparison is zero-difference.
0x00462371,??1logic_error@std@@UAE@XZ,29,exact,100.00,runtime-cxx-00462371,Canonical artifact_kind=coff-archive replay of pinned VC7.1 libcpmt.lib member build\intel\mt_obj\string.obj symbol ??1logic_error@std@@UAE@XZ; complete target-bound comparison is zero-difference.
0x0046238E,??_Glogic_error@std@@UAEPAXI@Z,28,exact,100.00,runtime-cxx-0046238e,Canonical artifact_kind=coff-archive replay of pinned VC7.1 libcpmt.lib member build\intel\mt_obj\string.obj symbol ??_Glogic_error@std@@UAEPAXI@Z; complete target-bound comparison is zero-difference.
0x004623C2,??_Glength_error@std@@UAEPAXI@Z,28,exact,100.00,runtime-cxx-004623c2,Canonical artifact_kind=coff-archive replay of pinned VC7.1 libcpmt.lib member build\intel\mt_obj\string.obj symbol ??_Glength_error@std@@UAEPAXI@Z; complete target-bound comparison is zero-difference.
0x004623DE,??1length_error@std@@UAE@XZ,11,exact,100.00,runtime-cxx-004623de,Canonical artifact_kind=coff-archive replay of pinned VC7.1 libcpmt.lib member build\intel\mt_obj\string.obj symbol ??1length_error@std@@UAE@XZ; complete target-bound comparison is zero-difference.
0x00462401,??_Gout_of_range@std@@UAEPAXI@Z,28,exact,100.00,runtime-cxx-00462401,Canonical artifact_kind=coff-archive replay of pinned VC7.1 libcpmt.lib member build\intel\mt_obj\string.obj symbol ??_Gout_of_range@std@@UAEPAXI@Z; complete target-bound comparison is zero-difference.
0x0046241D,??1out_of_range@std@@UAE@XZ,11,exact,100.00,runtime-cxx-0046241d,Canonical artifact_kind=coff-archive replay of pinned VC7.1 libcpmt.lib member build\intel\mt_obj\string.obj symbol ??1out_of_range@std@@UAE@XZ; complete target-bound comparison is zero-difference.
0x00462428,?_Xran@_String_base@std@@QBEXXZ,63,exact,100.00,runtime-cxx-00462428,Canonical artifact_kind=coff-archive replay of pinned VC7.1 libcpmt.lib member build\intel\mt_obj\string.obj symbol ?_Xran@_String_base@std@@QBEXXZ; complete target-bound comparison is zero-difference.
0x004624C3,??0?$basic_string@DU?$char_traits@D@std@@V?$allocator@D@2@@std@@QAE@PBD@Z,34,exact,100.00,runtime-cxx-004624c3,Canonical artifact_kind=coff-archive replay of pinned VC7.1 libcpmt.lib member build\intel\mt_obj\string.obj symbol ??0?$basic_string@DU?$char_traits@D@std@@V?$allocator@D@2@@std@@QAE@PBD@Z; complete target-bound comparison is zero-difference.
0x004624E5,?_Xlen@_String_base@std@@QBEXXZ,63,exact,100.00,runtime-cxx-004624e5,Canonical artifact_kind=coff-archive replay of pinned VC7.1 libcpmt.lib member build\intel\mt_obj\string.obj symbol ?_Xlen@_String_base@std@@QBEXXZ; complete target-bound comparison is zero-difference.
0x004626D6,?_JumpToContinuation@@YGXPAXPAUEHRegistrationNode@@@Z,43,exact,100.00,runtime-crt-004626d6,Canonical artifact_kind=coff-archive replay extracts the hash-attested VC7.1 libcmt.lib member ..\build\intel\mt_obj\trnsctrl.obj and reproduces the complete 43-byte ledger extent zero-difference after replaying all declared target-bound relocations; no maintained source is claimed.
0x00462706,?_CallMemberFunction0@@YGXPAX0@Z,7,exact,100.00,runtime-crteh-00462706,Canonical artifact_kind=coff-archive replay of pinned VC7.1 libcmt.lib member ..\build\intel\mt_obj\trnsctrl.obj symbol ?_CallMemberFunction0@@YGXPAX0@Z; complete target-bound comparison is zero-difference.
0x0046270D,?_CallMemberFunction1@@YGXPAX00@Z,7,exact,100.00,runtime-crteh-0046270d,Canonical artifact_kind=coff-archive replay of pinned VC7.1 libcmt.lib member ..\build\intel\mt_obj\trnsctrl.obj symbol ?_CallMemberFunction1@@YGXPAX00@Z; complete target-bound comparison is zero-difference.
0x00462714,?_CallMemberFunction2@@YGXPAX00H@Z,7,exact,100.00,runtime-crteh-00462714,Canonical artifact_kind=coff-archive replay of pinned VC7.1 libcmt.lib member ..\build\intel\mt_obj\trnsctrl.obj symbol ?_CallMemberFunction2@@YGXPAX00H@Z; complete target-bound comparison is zero-difference.
0x0046271B,?_UnwindNestedFrames@@YGXPAUEHRegistrationNode@@PAUEHExceptionRecord@@@Z,82,exact,100.00,runtime-crt-0046271b,Canonical artifact_kind=coff-archive replay extracts the hash-attested VC7.1 libcmt.lib member ..\build\intel\mt_obj\trnsctrl.obj and reproduces the complete 82-byte ledger extent zero-difference after replaying all declared target-bound relocations; no maintained source is claimed.
0x0046276D,___CxxFrameHandler,54,exact,100.00,runtime-crt-0046276d,Canonical artifact_kind=coff-archive replay extracts the hash-attested VC7.1 libcmt.lib member ..\build\intel\mt_obj\trnsctrl.obj and reproduces the complete 54-byte ledger extent zero-difference after replaying all declared target-bound relocations; no maintained source is claimed.
0x004627F8,?_CallSETranslator@@YAHPAUEHExceptionRecord@@PAUEHRegistrationNode@@PAX2PBU_s_FuncInfo@@H1@Z,199,exact,100.00,runtime-crt-004627f8,Canonical artifact_kind=coff-archive replay extracts the hash-attested VC7.1 libcmt.lib member ..\build\intel\mt_obj\trnsctrl.obj and reproduces the complete 199-byte ledger extent zero-difference after replaying all declared target-bound relocations; no maintained source is claimed.
0x004628BF,?TranslatorGuardHandler@@YA?AW4_EXCEPTION_DISPOSITION@@PAUEHExceptionRecord@@PAUTranslatorGuardRN@@PAX2@Z,178,exact,100.00,runtime-crt-004628bf,Canonical artifact_kind=coff-archive replay extracts the hash-attested VC7.1 libcmt.lib member ..\build\intel\mt_obj\trnsctrl.obj and reproduces the complete 178-byte ledger extent zero-difference after replaying all declared target-bound relocations; no maintained source is claimed.
0x00462971,?_GetRangeOfTrysToCheck@@YAPBU_s_TryBlockMapEntry@@PBU_s_FuncInfo@@HHPAI1@Z,122,exact,100.00,runtime-crt-00462971,Canonical artifact_kind=coff-archive replay extracts the hash-attested VC7.1 libcmt.lib member ..\build\intel\mt_obj\trnsctrl.obj and reproduces the complete 122-byte ledger extent zero-difference after replaying all declared target-bound relocations; no maintained source is claimed.
0x004629EB,?_CreateFrameInfo@@YAPAUFrameInfo@@PAU1@PAX@Z,40,exact,100.00,runtime-crt-004629eb,Canonical artifact_kind=coff-archive replay extracts the hash-attested VC7.1 libcmt.lib member ..\build\intel\mt_obj\trnsctrl.obj and reproduces the complete 40-byte ledger extent zero-difference after replaying all declared target-bound relocations; no maintained source is claimed.
0x00462A13,?IsExceptionObjectToBeDestroyed@@YAHPAX@Z,33,exact,100.00,runtime-crt-00462a13,Canonical artifact_kind=coff-archive replay extracts the hash-attested VC7.1 libcmt.lib member ..\build\intel\mt_obj\trnsctrl.obj and reproduces the complete 33-byte ledger extent zero-difference after replaying all declared target-bound relocations; no maintained source is claimed.
0x00462A34,?_FindAndUnlinkFrame@@YAXPAUFrameInfo@@@Z,76,exact,100.00,runtime-crt-00462a34,Canonical artifact_kind=coff-archive replay extracts the hash-attested VC7.1 libcmt.lib member ..\build\intel\mt_obj\trnsctrl.obj and reproduces the complete 76-byte ledger extent zero-difference after replaying all declared target-bound relocations; no maintained source is claimed.
0x00462A80,?_CallCatchBlock2@@YAPAXPAUEHRegistrationNode@@PBU_s_FuncInfo@@PAXHK@Z,89,exact,100.00,runtime-crt-00462a80,Canonical artifact_kind=coff-archive replay extracts the hash-attested VC7.1 libcmt.lib member ..\build\intel\mt_obj\trnsctrl.obj and reproduces the complete 89-byte ledger extent zero-difference after replaying all declared target-bound relocations; no maintained source is claimed.
0x00462ADC,__EH_prolog,31,exact,100.00,runtime-crt-00462adc,Canonical artifact_kind=coff-archive replay extracts the hash-attested VC7.1 libcmt.lib member ..\build\intel\mt_obj\ehprolog.obj and reproduces the complete 31-byte ledger extent zero-difference after replaying all declared target-bound relocations; no maintained source is claimed.
0x00462AFB,__CxxThrowException@8,58,exact,100.00,runtime-crt-00462afb,Canonical artifact_kind=coff-archive replay extracts the hash-attested VC7.1 libcmt.lib member ..\build\intel\mt_obj\throw.obj and reproduces the complete 58-byte ledger extent zero-difference after replaying all declared target-bound relocations; no maintained source is claimed.
0x00462B35,??1type_info@@UAE@XZ,61,exact,100.00,runtime-crt-00462b35,Canonical artifact_kind=coff-archive replay extracts the hash-attested VC7.1 libcmt.lib member ..\build\intel\mt_obj\typinfo.obj and reproduces the complete 61-byte ledger extent zero-difference after replaying all declared target-bound relocations; no maintained source is claimed.
0x00462B7B,??_Gtype_info@@UAEPAXI@Z,28,exact,100.00,runtime-cxx-00462b7b,Canonical artifact_kind=coff-archive replay of pinned VC7.1 libcmt.lib member ..\build\intel\mt_obj\typinfo.obj symbol ??_Gtype_info@@UAEPAXI@Z; complete target-bound comparison is zero-difference.
0x00462C01,??0exception@@QAE@XZ,17,exact,100.00,runtime-crt-00462c01,Canonical artifact_kind=coff-archive replay extracts the hash-attested VC7.1 libcmt.lib member ..\build\intel\mt_obj\stdexcpt.obj and reproduces the complete 17-byte ledger extent zero-difference after replaying all declared target-bound relocations; no maintained source is claimed.
0x00462C5A,??0exception@@QAE@ABV0@@Z,82,exact,100.00,runtime-crt-00462c5a,Canonical artifact_kind=coff-archive replay extracts the hash-attested VC7.1 libcmt.lib member ..\build\intel\mt_obj\stdexcpt.obj and reproduces the complete 82-byte ledger extent zero-difference after replaying all declared target-bound relocations; no maintained source is claimed.
0x00462CAC,??1exception@@UAE@XZ,22,exact,100.00,runtime-crt-00462cac,Canonical artifact_kind=coff-archive replay extracts the hash-attested VC7.1 libcmt.lib member ..\build\intel\mt_obj\stdexcpt.obj and reproduces the complete 22-byte ledger extent zero-difference after replaying all declared target-bound relocations; no maintained source is claimed.
0x00462D00,??1bad_cast@@UAE@XZ,11,exact,100.00,runtime-cxx-00462d00,Canonical artifact_kind=coff-archive replay of pinned VC7.1 libcmt.lib member ..\build\intel\mt_obj\stdexcpt.obj symbol ??1bad_cast@@UAE@XZ; complete target-bound comparison is zero-difference.
0x00462D3C,??1bad_typeid@@UAE@XZ,11,exact,100.00,runtime-cxx-00462d3c,Canonical artifact_kind=coff-archive replay of pinned VC7.1 libcmt.lib member ..\build\intel\mt_obj\stdexcpt.obj symbol ??1bad_typeid@@UAE@XZ; complete target-bound comparison is zero-difference.
0x00462D77,??1bad_typeid@@UAE@XZ,11,exact,100.00,runtime-cxx-00462d77,Canonical artifact_kind=coff-archive replay of pinned VC7.1 libcmt.lib member ..\build\intel\mt_obj\stdexcpt.obj symbol ??1bad_typeid@@UAE@XZ; complete target-bound comparison is zero-difference.
0x00462D82,??_Gexception@@UAEPAXI@Z,28,exact,100.00,runtime-cxx-00462d82,Canonical artifact_kind=coff-archive replay of pinned VC7.1 libcmt.lib member ..\build\intel\mt_obj\stdexcpt.obj symbol ??_Gexception@@UAEPAXI@Z; complete target-bound comparison is zero-difference.
0x00462D9E,??4exception@@QAEAAV0@ABV0@@Z,31,exact,100.00,runtime-crt-00462d9e,Canonical artifact_kind=coff-archive replay extracts the hash-attested VC7.1 libcmt.lib member ..\build\intel\mt_obj\stdexcpt.obj and reproduces the complete 31-byte ledger extent zero-difference after replaying all declared target-bound relocations; no maintained source is claimed.
0x00462DBD,??_Gbad_cast@@UAEPAXI@Z,28,exact,100.00,runtime-cxx-00462dbd,Canonical artifact_kind=coff-archive replay of pinned VC7.1 libcmt.lib member ..\build\intel\mt_obj\stdexcpt.obj symbol ??_Gbad_cast@@UAEPAXI@Z; complete target-bound comparison is zero-difference.
0x00462DD9,??_Gbad_typeid@@UAEPAXI@Z,28,exact,100.00,runtime-cxx-00462dd9,Canonical artifact_kind=coff-archive replay of pinned VC7.1 libcmt.lib member ..\build\intel\mt_obj\stdexcpt.obj symbol ??_Gbad_typeid@@UAEPAXI@Z; complete target-bound comparison is zero-difference.
0x00462DF5,??_Gbad_typeid@@UAEPAXI@Z,28,exact,100.00,runtime-cxx-00462df5,Canonical artifact_kind=coff-archive replay of pinned VC7.1 libcmt.lib member ..\build\intel\mt_obj\stdexcpt.obj symbol ??_Gbad_typeid@@UAEPAXI@Z; complete target-bound comparison is zero-difference.
0x00462E11,?TypeMatch@@YAHPBU_s_HandlerType@@PBU_s_CatchableType@@PBU_s_ThrowInfo@@@Z,79,exact,100.00,runtime-crt-00462e11,Canonical artifact_kind=coff-archive replay extracts the hash-attested VC7.1 libcmt.lib member ..\build\intel\mt_obj\frame.obj and reproduces the complete 79-byte ledger extent zero-difference after replaying all declared target-bound relocations; no maintained source is claimed.
0x00462E7E,___FrameUnwindToState,173,exact,100.00,runtime-crt-00462e7e,Canonical artifact_kind=coff-archive replay extracts the hash-attested VC7.1 libcmt.lib member ..\build\intel\mt_obj\frame.obj and reproduces the complete 173-byte ledger extent zero-difference after replaying all declared target-bound relocations; no maintained source is claimed.
0x00462F7C,___DestructExceptionObject,52,exact,100.00,runtime-crt-00462f7c,Canonical artifact_kind=coff-archive replay extracts the hash-attested VC7.1 libcmt.lib member ..\build\intel\mt_obj\frame.obj and reproduces the complete 52-byte ledger extent zero-difference after replaying all declared target-bound relocations; no maintained source is claimed.
0x00462FC1,?AdjustPointer@@YAPAXPAXABUPMD@@@Z,31,exact,100.00,runtime-crt-00462fc1,Canonical artifact_kind=coff-archive replay extracts the hash-attested VC7.1 libcmt.lib member ..\build\intel\mt_obj\frame.obj and reproduces the complete 31-byte ledger extent zero-difference after replaying all declared target-bound relocations; no maintained source is claimed.
0x004631D5,?CallCatchBlock@@YAPAXPAUEHExceptionRecord@@PAUEHRegistrationNode@@PAU_CONTEXT@@PBU_s_FuncInfo@@PAXHK@Z,332,exact,100.00,runtime-crt-004631d5,Canonical artifact_kind=coff-archive replay extracts the hash-attested VC7.1 libcmt.lib member ..\build\intel\mt_obj\frame.obj and reproduces the complete 332-byte ledger extent zero-difference after replaying all declared target-bound relocations; no maintained source is claimed.
0x00463399,?BuildCatchObject@@YAXPAUEHExceptionRecord@@PAXPBU_s_HandlerType@@PBU_s_CatchableType@@@Z,368,exact,100.00,runtime-crt-00463399,Canonical artifact_kind=coff-archive replay extracts the hash-attested VC7.1 libcmt.lib member ..\build\intel\mt_obj\frame.obj and reproduces the complete 368-byte ledger extent zero-difference after replaying all declared target-bound relocations; no maintained source is claimed.
0x00463515,___CxxExceptionFilter,293,exact,100.00,runtime-crt-00463515,Canonical artifact_kind=coff-archive replay extracts the hash-attested VC7.1 libcmt.lib member ..\build\intel\mt_obj\frame.obj and reproduces the complete 293-byte ledger extent zero-difference after replaying all declared target-bound relocations; no maintained source is claimed.
0x0046363A,?CatchIt@@YAXPAUEHExceptionRecord@@PAUEHRegistrationNode@@PAU_CONTEXT@@PAXPBU_s_FuncInfo@@PBU_s_HandlerType@@PBU_s_CatchableType@@PBU_s_TryBlockMapEntry@@H1E@Z,103,exact,100.00,runtime-crt-0046363a,Canonical artifact_kind=coff-archive replay extracts the hash-attested VC7.1 libcmt.lib member ..\build\intel\mt_obj\frame.obj and reproduces the complete 103-byte ledger extent zero-difference after replaying all declared target-bound relocations; no maintained source is claimed.
0x004636A1,?FindHandlerForForeignException@@YAXPAUEHExceptionRecord@@PAUEHRegistrationNode@@PAU_CONTEXT@@PAXPBU_s_FuncInfo@@HH1@Z,190,exact,100.00,runtime-crt-004636a1,Canonical artifact_kind=coff-archive replay extracts the hash-attested VC7.1 libcmt.lib member ..\build\intel\mt_obj\frame.obj and reproduces the complete 190-byte ledger extent zero-difference after replaying all declared target-bound relocations; no maintained source is claimed.
0x0046375F,?FindHandler@@YAXPAUEHExceptionRecord@@PAUEHRegistrationNode@@PAU_CONTEXT@@PAXPBU_s_FuncInfo@@EH1@Z,516,exact,100.00,runtime-crt-0046375f,Canonical artifact_kind=coff-archive replay extracts the hash-attested VC7.1 libcmt.lib member ..\build\intel\mt_obj\frame.obj and reproduces the complete 516-byte ledger extent zero-difference after replaying all declared target-bound relocations; no maintained source is claimed.
0x00463963,___InternalCxxFrameHandler,162,exact,100.00,runtime-crt-00463963,Canonical artifact_kind=coff-archive replay extracts the hash-attested VC7.1 libcmt.lib member ..\build\intel\mt_obj\frame.obj and reproduces the complete 162-byte ledger extent zero-difference after replaying all declared target-bound relocations; no maintained source is claimed.
0x00463A10,__CallSettingFrame@12,76,exact,100.00,runtime-crt-00463a10,Canonical artifact_kind=coff-archive replay extracts the hash-attested VC7.1 libcmt.lib member ..\build\intel\mt_obj\lowhelpr.obj and reproduces the complete 76-byte ledger extent zero-difference after replaying all declared target-bound relocations; no maintained source is claimed.
0x00463A5C,?__CxxUnhandledExceptionFilter@@YGJPAU_EXCEPTION_POINTERS@@@Z,78,exact,100.00,runtime-crt-00463a5c,Canonical artifact_kind=coff-archive replay extracts the hash-attested VC7.1 libcmt.lib member ..\build\intel\mt_obj\unhandld.obj and reproduces the complete 78-byte ledger extent zero-difference after replaying all declared target-bound relocations; no maintained source is claimed.
0x00463ACA,?_ValidateRead@@YAHPBXI@Z,28,exact,100.00,runtime-crt-00463aca,Canonical artifact_kind=coff-archive replay extracts the hash-attested VC7.1 libcmt.lib member ..\build\intel\mt_obj\validate.obj and reproduces the complete 28-byte ledger extent zero-difference after replaying all declared target-bound relocations; no maintained source is claimed.
0x00463AE6,?_ValidateWrite@@YAHPAXI@Z,28,exact,100.00,runtime-crt-00463ae6,Canonical artifact_kind=coff-archive replay extracts the hash-attested VC7.1 libcmt.lib member ..\build\intel\mt_obj\validate.obj and reproduces the complete 28-byte ledger extent zero-difference after replaying all declared target-bound relocations; no maintained source is claimed.
0x00463B02,?_ValidateExecute@@YAHP6GHXZ@Z,24,exact,100.00,runtime-crt-00463b02,Canonical artifact_kind=coff-archive replay extracts the hash-attested VC7.1 libcmt.lib member ..\build\intel\mt_obj\validate.obj and reproduces the complete 24-byte ledger extent zero-difference after replaying all declared target-bound relocations; no maintained source is claimed.
0x00463B2C,__ftol2,117,exact,100.00,runtime-crt-00463b2c,Canonical artifact_kind=coff-archive replay extracts the hash-attested VC7.1 libcmt.lib member ..\build\intel\mt_obj\ftol2.obj and reproduces the complete 117-byte ledger extent zero-difference after replaying all declared target-bound relocations; no maintained source is claimed.
0x00463BF0,__CIacos,20,exact,100.00,runtime-crt-00463bf0,Canonical artifact_kind=coff-archive replay extracts the hash-attested VC7.1 libcmt.lib member ..\build\intel\mt_obj\acos.obj and reproduces the complete 20-byte ledger extent zero-difference after replaying all declared target-bound relocations; no maintained source is claimed.
0x00463CC0,__cintrindisp2,62,exact,100.00,runtime-crt-00463cc0,Canonical artifact_kind=coff-archive replay extracts the hash-attested VC7.1 libcmt.lib member ..\build\intel\mt_obj\87cdisp.obj and reproduces the complete 62-byte ledger extent zero-difference after replaying all declared target-bound relocations; no maintained source is claimed.
0x00463CFE,__cintrindisp1,61,exact,100.00,runtime-crt-00463cfe,Canonical artifact_kind=coff-archive replay extracts the hash-attested VC7.1 libcmt.lib member ..\build\intel\mt_obj\87cdisp.obj and reproduces the complete 61-byte ledger extent zero-difference after replaying all declared target-bound relocations; no maintained source is claimed.
0x00463D3B,__ctrandisp2,72,exact,100.00,runtime-crt-00463d3b,Canonical artifact_kind=coff-archive replay extracts the hash-attested VC7.1 libcmt.lib member ..\build\intel\mt_obj\87cdisp.obj and reproduces the complete 72-byte ledger extent zero-difference after replaying all declared target-bound relocations; no maintained source is claimed.
0x00463ED1,__ctrandisp1,51,exact,100.00,runtime-crt-00463ed1,Canonical artifact_kind=coff-archive replay extracts the hash-attested VC7.1 libcmt.lib member ..\build\intel\mt_obj\87cdisp.obj and reproduces the complete 51-byte ledger extent zero-difference after replaying all declared target-bound relocations; no maintained source is claimed.
0x00463F04,__fload,60,exact,100.00,runtime-crt-00463f04,Canonical artifact_kind=coff-archive replay extracts the hash-attested VC7.1 libcmt.lib member ..\build\intel\mt_obj\87cdisp.obj and reproduces the complete 60-byte ledger extent zero-difference after replaying all declared target-bound relocations; no maintained source is claimed.
0x00463F40,__trandisp1,103,exact,100.00,runtime-crt-00463f40,Canonical artifact_kind=coff-archive replay extracts the hash-attested VC7.1 libcmt.lib member ..\build\intel\mt_obj\87disp.obj and reproduces the complete 103-byte ledger extent zero-difference after replaying all declared target-bound relocations; no maintained source is claimed.
0x00463FA7,__trandisp2,140,exact,100.00,runtime-crt-00463fa7,Canonical artifact_kind=coff-archive replay extracts the hash-attested VC7.1 libcmt.lib member ..\build\intel\mt_obj\87disp.obj and reproduces the complete 140-byte ledger extent zero-difference after replaying all declared target-bound relocations; no maintained source is claimed.
0x00464916,__fprem_common,518,exact,100.00,runtime-crt-00464916,Canonical artifact_kind=coff-archive replay extracts the hash-attested VC7.1 libcmt.lib member ..\build\intel\mt_obj\adj_fdiv.obj and reproduces the complete 518-byte ledger extent zero-difference after replaying all declared target-bound relocations; no maintained source is claimed.
0x00464B1C,__adj_fprem,178,exact,100.00,runtime-crt-00464b1c,Canonical artifact_kind=coff-archive replay extracts the hash-attested VC7.1 libcmt.lib member ..\build\intel\mt_obj\adj_fdiv.obj and reproduces the complete 178-byte ledger extent zero-difference after replaying all declared target-bound relocations; no maintained source is claimed.
0x00464EA0,__startTwoArgErrorHandling,23,exact,100.00,runtime-crt-00464ea0,Canonical artifact_kind=coff-archive replay extracts the hash-attested VC7.1 libcmt.lib member ..\build\intel\mt_obj\genexcep.obj and reproduces the complete 23-byte ledger extent zero-difference after replaying all declared target-bound relocations; no maintained source is claimed.
0x00464EB7,__startOneArgErrorHandling,60,exact,100.00,runtime-crt-00464eb7,Canonical artifact_kind=coff-archive replay extracts the hash-attested VC7.1 libcmt.lib member ..\build\intel\mt_obj\genexcep.obj and reproduces the complete 60-byte ledger extent zero-difference after replaying all declared target-bound relocations; no maintained source is claimed.
0x00464F15,__load_CW,23,exact,100.00,runtime-crt-00464f15,Canonical artifact_kind=coff-archive replay extracts the hash-attested VC7.1 libcmt.lib member ..\build\intel\mt_obj\common.obj and reproduces the complete 23-byte ledger extent zero-difference after replaying all declared target-bound relocations; no maintained source is claimed.
0x00464F2C,__convertTOStoQNaN,25,exact,100.00,runtime-crt-00464f2c,Canonical artifact_kind=coff-archive replay extracts the hash-attested VC7.1 libcmt.lib member ..\build\intel\mt_obj\common.obj and reproduces the complete 25-byte ledger extent zero-difference after replaying all declared target-bound relocations; no maintained source is claimed.
0x00464F88,__checkTOS_withFB,22,exact,100.00,runtime-crt-00464f88,Canonical artifact_kind=coff-archive replay extracts the hash-attested VC7.1 libcmt.lib member ..\build\intel\mt_obj\common.obj and reproduces the complete 22-byte ledger extent zero-difference after replaying all declared target-bound relocations; no maintained source is claimed.
0x00464FAB,__math_exit,42,exact,100.00,runtime-crt-00464fab,Canonical artifact_kind=coff-archive replay extracts the hash-attested VC7.1 libcmt.lib member ..\build\intel\mt_obj\common.obj and reproduces the complete 42-byte ledger extent zero-difference after replaying all declared target-bound relocations; no maintained source is claimed.
0x0046508C,__87except,252,exact,100.00,runtime-crt-0046508c,Canonical artifact_kind=coff-archive replay extracts the hash-attested VC7.1 libcmt.lib member ..\build\intel\mt_obj\87except.obj and reproduces the complete 252-byte ledger extent zero-difference after replaying all declared target-bound relocations; no maintained source is claimed.
